audit_item,classification,count,percentage,event_key,symbol,period_ended,result_announcement_datetime,days_period_to_ann,announcement_classification,derived_session_type,event_status,quality_flag,days_from_period_end,violation_type,details,inconsistency_type
announcement_classification,ACTUAL_RESULT,3292.0,87.4,,,,,,,,,,,,,
announcement_classification,UNCERTAIN,466.0,12.4,,,,,,,,,,,,,
announcement_classification,BOARD_EVENT,7.0,0.2,,,,,,,,,,,,,
event_classification,,,,ADANIENT_2006-06-30,ADANIENT,2006-06-30 00:00:00,NaT,,UNCERTAIN,,no_primary_result,MISSING_RESULT,,,,
event_classification,,,,ADANIENT_2006-09-30,ADANIENT,2006-09-30 00:00:00,NaT,,UNCERTAIN,,no_primary_result,MISSING_RESULT,,,,
event_classification,,,,ADANIENT_2007-03-31,ADANIENT,2007-03-31 00:00:00,2007-05-21 19:45:00,51.0,ACTUAL_RESULT,,confirmed,OK,51,,,
event_classification,,,,ADANIENT_2007-06-30,ADANIENT,2007-06-30 00:00:00,2007-07-27 16:25:00,27.0,ACTUAL_RESULT,,confirmed,DUPLICATE_DOCUMENT,27,,,
event_classification,,,,ADANIENT_2007-09-30,ADANIENT,2007-09-30 00:00:00,2007-10-29 15:11:00,29.0,ACTUAL_RESULT,,confirmed,OK,29,,,
event_classification,,,,ADANIENT_2007-12-31,ADANIENT,2007-12-31 00:00:00,2008-01-29 19:44:00,29.0,ACTUAL_RESULT,,confirmed,DUPLICATE_DOCUMENT,29,,,
event_classification,,,,ADANIENT_2008-03-31,ADANIENT,2008-03-31 00:00:00,2008-05-28 18:17:00,58.0,ACTUAL_RESULT,,confirmed,MULTIPLE_HUMAN_PRIMARY_RESULTS|DUPLICATE_DOCUMENT,58,,,
event_classification,,,,ADANIENT_2008-06-30,ADANIENT,2008-06-30 00:00:00,2008-07-28 15:00:00,28.0,ACTUAL_RESULT,,confirmed,MULTIPLE_HUMAN_PRIMARY_RESULTS|DUPLICATE_DOCUMENT,28,,,
event_classification,,,,ADANIENT_2008-09-30,ADANIENT,2008-09-30 00:00:00,2008-10-25 17:06:00,25.0,ACTUAL_RESULT,,confirmed,MULTIPLE_HUMAN_PRIMARY_RESULTS|DUPLICATE_DOCUMENT,25,,,
event_classification,,,,ADANIENT_2008-12-31,ADANIENT,2008-12-31 00:00:00,2009-01-30 14:31:00,30.0,ACTUAL_RESULT,,confirmed,MULTIPLE_HUMAN_PRIMARY_RESULTS|DUPLICATE_DOCUMENT,30,,,
event_classification,,,,ADANIENT_2009-06-30,ADANIENT,2009-06-30 00:00:00,2009-07-30 15:29:00,30.0,ACTUAL_RESULT,,confirmed,MULTIPLE_HUMAN_PRIMARY_RESULTS|DUPLICATE_DOCUMENT,30,,,
event_classification,,,,ADANIENT_2009-09-30,ADANIENT,2009-09-30 00:00:00,2009-10-30 14:51:00,30.0,ACTUAL_RESULT,,confirmed,MULTIPLE_HUMAN_PRIMARY_RESULTS|DUPLICATE_DOCUMENT,30,,,
event_classification,,,,ADANIENT_2009-12-31,ADANIENT,2009-12-31 00:00:00,2010-01-27 15:31:00,27.0,ACTUAL_RESULT,,confirmed,OK,27,,,
event_classification,,,,ADANIENT_2010-03-31,ADANIENT,2010-03-31 00:00:00,2010-05-14 13:49:00,44.0,ACTUAL_RESULT,,confirmed,MULTIPLE_HUMAN_PRIMARY_RESULTS|DUPLICATE_DOCUMENT,44,,,
event_classification,,,,ADANIENT_2010-06-30,ADANIENT,2010-06-30 00:00:00,2010-08-13 14:41:00,44.0,ACTUAL_RESULT,,confirmed,MULTIPLE_HUMAN_PRIMARY_RESULTS|DUPLICATE_DOCUMENT|UNCLASSIFIED_DOCUMENT,44,,,
event_classification,,,,ADANIENT_2010-09-30,ADANIENT,2010-09-30 00:00:00,2010-10-28 15:19:00,28.0,ACTUAL_RESULT,,confirmed,MULTIPLE_HUMAN_PRIMARY_RESULTS,28,,,
event_classification,,,,ADANIENT_2010-12-31,ADANIENT,2010-12-31 00:00:00,2011-02-12 14:13:00,43.0,ACTUAL_RESULT,,confirmed,MULTIPLE_HUMAN_PRIMARY_RESULTS,43,,,
event_classification,,,,ADANIENT_2011-03-31,ADANIENT,2011-03-31 00:00:00,2011-05-12 14:08:00,42.0,ACTUAL_RESULT,,confirmed,MULTIPLE_HUMAN_PRIMARY_RESULTS|DUPLICATE_DOCUMENT,42,,,
event_classification,,,,ADANIENT_2011-06-30,ADANIENT,2011-06-30 00:00:00,2011-08-10 14:01:00,41.0,ACTUAL_RESULT,,confirmed,MULTIPLE_HUMAN_PRIMARY_RESULTS|DUPLICATE_DOCUMENT,41,,,
event_classification,,,,ADANIENT_2011-09-30,ADANIENT,2011-09-30 00:00:00,2011-11-14 14:14:00,45.0,ACTUAL_RESULT,,confirmed,MULTIPLE_HUMAN_PRIMARY_RESULTS|DUPLICATE_DOCUMENT,45,,,
event_classification,,,,ADANIENT_2011-12-31,ADANIENT,2011-12-31 00:00:00,2012-02-09 13:48:00,40.0,ACTUAL_RESULT,,confirmed,MULTIPLE_HUMAN_PRIMARY_RESULTS|DUPLICATE_DOCUMENT,40,,,
event_classification,,,,ADANIENT_2012-03-31,ADANIENT,2012-03-31 00:00:00,2012-05-21 12:55:00,51.0,ACTUAL_RESULT,,confirmed,MULTIPLE_HUMAN_PRIMARY_RESULTS|DUPLICATE_DOCUMENT,51,,,
event_classification,,,,ADANIENT_2012-06-30,ADANIENT,2012-06-30 00:00:00,2012-08-09 13:30:00,40.0,ACTUAL_RESULT,,confirmed,MULTIPLE_HUMAN_PRIMARY_RESULTS,40,,,
event_classification,,,,ADANIENT_2012-09-30,ADANIENT,2012-09-30 00:00:00,2012-10-25 14:51:00,25.0,ACTUAL_RESULT,,confirmed,MULTIPLE_HUMAN_PRIMARY_RESULTS|DUPLICATE_DOCUMENT,25,,,
event_classification,,,,ADANIENT_2012-12-31,ADANIENT,2012-12-31 00:00:00,2013-02-01 17:01:15,32.0,ACTUAL_RESULT,,confirmed,OK,32,,,
event_classification,,,,ADANIENT_2013-03-31,ADANIENT,2013-03-31 00:00:00,2013-05-20 14:25:16,50.0,ACTUAL_RESULT,,confirmed,OK,50,,,
event_classification,,,,ADANIENT_2013-06-30,ADANIENT,2013-06-30 00:00:00,2013-08-08 16:48:28,39.0,ACTUAL_RESULT,,confirmed,OK,39,,,
event_classification,,,,ADANIENT_2013-09-30,ADANIENT,2013-09-30 00:00:00,2013-10-31 13:43:02,31.0,ACTUAL_RESULT,,confirmed,OK,31,,,
event_classification,,,,ADANIENT_2013-12-31,ADANIENT,2013-12-31 00:00:00,2014-01-31 13:19:02,31.0,ACTUAL_RESULT,,confirmed,OK,31,,,
event_classification,,,,ADANIENT_2014-03-31,ADANIENT,2014-03-31 00:00:00,2014-05-19 10:11:02,49.0,ACTUAL_RESULT,,confirmed,OK,49,,,
event_classification,,,,ADANIENT_2014-06-30,ADANIENT,2014-06-30 00:00:00,2014-08-09 14:55:02,40.0,ACTUAL_RESULT,,confirmed,OK,40,,,
event_classification,,,,ADANIENT_2014-09-30,ADANIENT,2014-09-30 00:00:00,2014-11-12 13:27:02,43.0,ACTUAL_RESULT,,confirmed,MULTIPLE_HUMAN_PRIMARY_RESULTS,43,,,
event_classification,,,,ADANIENT_2014-12-31,ADANIENT,2014-12-31 00:00:00,2015-01-30 14:39:02,30.0,ACTUAL_RESULT,,confirmed,OK,30,,,
event_classification,,,,ADANIENT_2015-03-31,ADANIENT,2015-03-31 00:00:00,2015-05-13 15:23:02,43.0,ACTUAL_RESULT,,confirmed,OK,43,,,
event_classification,,,,ADANIENT_2015-06-30,ADANIENT,2015-06-30 00:00:00,2015-08-11 14:03:59,42.0,ACTUAL_RESULT,,confirmed,OK,42,,,
event_classification,,,,ADANIENT_2015-09-30,ADANIENT,2015-09-30 00:00:00,2015-11-02 16:50:26,33.0,ACTUAL_RESULT,,confirmed,OK,33,,,
event_classification,,,,ADANIENT_2015-12-31,ADANIENT,2015-12-31 00:00:00,2016-02-01 14:04:10,32.0,ACTUAL_RESULT,,confirmed,OK,32,,,
event_classification,,,,ADANIENT_2016-03-31,ADANIENT,2016-03-31 00:00:00,2016-05-04 14:48:30,34.0,ACTUAL_RESULT,,confirmed,UNCLASSIFIED_DOCUMENT,34,,,
event_classification,,,,ADANIENT_2016-06-30,ADANIENT,2016-06-30 00:00:00,2016-08-10 14:25:19,41.0,ACTUAL_RESULT,,confirmed,UNCLASSIFIED_DOCUMENT,41,,,
event_classification,,,,ADANIENT_2016-09-30,ADANIENT,2016-09-30 00:00:00,2016-10-24 15:56:50,24.0,ACTUAL_RESULT,,confirmed,OK,24,,,
event_classification,,,,ADANIENT_2016-12-31,ADANIENT,2016-12-31 00:00:00,2017-02-14 17:14:24,45.0,ACTUAL_RESULT,,confirmed,MANY_PRE_ANNOUNCEMENTS,45,,,
event_classification,,,,ADANIENT_2017-03-31,ADANIENT,2017-03-31 00:00:00,2017-05-24 17:12:25,54.0,ACTUAL_RESULT,,confirmed,OK,54,,,
event_classification,,,,ADANIENT_2017-06-30,ADANIENT,2017-06-30 00:00:00,2017-08-12 14:14:04,43.0,ACTUAL_RESULT,,confirmed,OK,43,,,
event_classification,,,,ADANIENT_2017-09-30,ADANIENT,2017-09-30 00:00:00,2017-11-13 16:37:13,44.0,ACTUAL_RESULT,,confirmed,OK,44,,,
event_classification,,,,ADANIENT_2017-12-31,ADANIENT,2017-12-31 00:00:00,2018-01-18 14:23:55,18.0,ACTUAL_RESULT,,confirmed,OK,18,,,
event_classification,,,,ADANIENT_2018-03-31,ADANIENT,2018-03-31 00:00:00,2018-05-10 17:38:34,40.0,ACTUAL_RESULT,,confirmed,OK,40,,,
event_classification,,,,ADANIENT_2018-06-30,ADANIENT,2018-06-30 00:00:00,2018-08-07 18:00:25,38.0,ACTUAL_RESULT,,confirmed,OK,38,,,
event_classification,,,,ADANIENT_2018-09-30,ADANIENT,2018-09-30 00:00:00,2018-10-31 13:38:22,31.0,ACTUAL_RESULT,,confirmed,OK,31,,,
event_classification,,,,ADANIENT_2018-12-31,ADANIENT,2018-12-31 00:00:00,2019-02-07 13:45:51,38.0,ACTUAL_RESULT,,confirmed,OK,38,,,
event_classification,,,,ADANIENT_2019-03-31,ADANIENT,2019-03-31 00:00:00,2019-05-29 14:20:38,59.0,ACTUAL_RESULT,,confirmed,OK,59,,,
event_classification,,,,ADANIENT_2019-06-30,ADANIENT,2019-06-30 00:00:00,2019-08-08 14:49:37,39.0,ACTUAL_RESULT,,confirmed,OK,39,,,
event_classification,,,,ADANIENT_2019-09-30,ADANIENT,2019-09-30 00:00:00,2019-11-12 15:47:06,43.0,ACTUAL_RESULT,,confirmed,OK,43,,,
event_classification,,,,ADANIENT_2019-12-31,ADANIENT,2019-12-31 00:00:00,2020-02-05 14:29:18,36.0,ACTUAL_RESULT,,confirmed,OK,36,,,
event_classification,,,,ADANIENT_2020-03-31,ADANIENT,2020-03-31 00:00:00,2020-05-06 14:04:28,36.0,ACTUAL_RESULT,,confirmed,OK,36,,,
event_classification,,,,ADANIENT_2020-06-30,ADANIENT,2020-06-30 00:00:00,2020-08-06 17:31:03,37.0,ACTUAL_RESULT,,confirmed,OK,37,,,
event_classification,,,,ADANIENT_2020-09-30,ADANIENT,2020-09-30 00:00:00,2020-11-04 14:04:32,35.0,ACTUAL_RESULT,,confirmed,OK,35,,,
event_classification,,,,ADANIENT_2020-12-31,ADANIENT,2020-12-31 00:00:00,2021-02-03 14:36:15,34.0,ACTUAL_RESULT,,confirmed,OK,34,,,
event_classification,,,,ADANIENT_2021-03-31,ADANIENT,2021-03-31 00:00:00,2021-05-05 14:01:10,35.0,ACTUAL_RESULT,,confirmed,OK,35,,,
event_classification,,,,ADANIENT_2021-06-30,ADANIENT,2021-06-30 00:00:00,2021-08-04 15:35:50,35.0,ACTUAL_RESULT,,confirmed,MULTIPLE_HUMAN_PRIMARY_RESULTS,35,,,
event_classification,,,,ADANIENT_2021-09-30,ADANIENT,2021-09-30 00:00:00,2021-10-27 17:47:05,27.0,ACTUAL_RESULT,,confirmed,OK,27,,,
event_classification,,,,ADANIENT_2021-12-31,ADANIENT,2021-12-31 00:00:00,2022-02-14 17:51:28,45.0,ACTUAL_RESULT,,confirmed,OK,45,,,
event_classification,,,,ADANIENT_2022-03-31,ADANIENT,2022-03-31 00:00:00,2022-05-04 11:35:54,34.0,ACTUAL_RESULT,,confirmed,OK,34,,,
event_classification,,,,ADANIENT_2022-06-30,ADANIENT,2022-06-30 00:00:00,NaT,,UNCERTAIN,,no_primary_result,MISSING_RESULT,,,,
event_classification,,,,ADANIENT_2022-09-30,ADANIENT,2022-09-30 00:00:00,NaT,,UNCERTAIN,,no_primary_result,MISSING_RESULT,,,,
event_classification,,,,ADANIENT_2022-12-31,ADANIENT,2022-12-31 00:00:00,2023-02-14 13:47:08,45.0,ACTUAL_RESULT,,confirmed,MANY_PRE_ANNOUNCEMENTS,45,,,
event_classification,,,,ADANIENT_2023-03-31,ADANIENT,2023-03-31 00:00:00,2023-05-04 15:21:53,34.0,ACTUAL_RESULT,,confirmed,OK,34,,,
event_classification,,,,ADANIENT_2023-06-30,ADANIENT,2023-06-30 00:00:00,2023-08-03 14:55:20,34.0,ACTUAL_RESULT,,confirmed,OK,34,,,
event_classification,,,,ADANIENT_2023-09-30,ADANIENT,2023-09-30 00:00:00,2023-11-02 18:31:20,33.0,ACTUAL_RESULT,,confirmed,OK,33,,,
event_classification,,,,ADANIENT_2023-12-31,ADANIENT,2023-12-31 00:00:00,2024-02-01 14:09:11,32.0,ACTUAL_RESULT,,confirmed,OK,32,,,
event_classification,,,,ADANIENT_2024-03-31,ADANIENT,2024-03-31 00:00:00,2024-05-02 15:09:36,32.0,ACTUAL_RESULT,,confirmed,OK,32,,,
event_classification,,,,ADANIENT_2024-06-30,ADANIENT,2024-06-30 00:00:00,2024-08-01 14:51:16,32.0,ACTUAL_RESULT,,confirmed,OK,32,,,
event_classification,,,,ADANIENT_2024-09-30,ADANIENT,2024-09-30 00:00:00,2024-10-29 14:58:48,29.0,ACTUAL_RESULT,,confirmed,MULTIPLE_HUMAN_PRIMARY_RESULTS,29,,,
event_classification,,,,ADANIENT_2024-12-31,ADANIENT,2024-12-31 00:00:00,2025-01-30 14:17:21,30.0,ACTUAL_RESULT,,confirmed,OK,30,,,
event_classification,,,,ADANIENT_2025-03-31,ADANIENT,2025-03-31 00:00:00,NaT,,UNCERTAIN,,no_primary_result,MISSING_RESULT,,,,
event_classification,,,,ADANIENT_2025-06-30,ADANIENT,2025-06-30 00:00:00,2025-07-31 14:38:23,31.0,ACTUAL_RESULT,,confirmed,MANY_PRE_ANNOUNCEMENTS,31,,,
event_classification,,,,ADANIENT_2025-09-30,ADANIENT,2025-09-30 00:00:00,2025-11-04 20:09:27,35.0,ACTUAL_RESULT,,confirmed,OK,35,,,
event_classification,,,,ADANIENT_2025-12-31,ADANIENT,2025-12-31 00:00:00,2026-02-03 14:41:34,34.0,ACTUAL_RESULT,,confirmed,OK,34,,,
event_classification,,,,ADANIENT_2026-03-31,ADANIENT,2026-03-31 00:00:00,NaT,,UNCERTAIN,,no_primary_result,MISSING_RESULT,,,,
event_classification,,,,ADANIENT_2026-06-30,ADANIENT,2026-06-30 00:00:00,2026-07-29 14:36:38,29.0,ACTUAL_RESULT,,confirmed,OK,29,,,
event_classification,,,,ADANIENT_2026-09-30,ADANIENT,2026-09-30 00:00:00,NaT,,UNCERTAIN,,no_primary_result,MISSING_RESULT,,,,
event_classification,,,,ADANIPORTS_2008-03-31,ADANIPORTS,2008-03-31 00:00:00,2008-05-28 18:16:00,58.0,ACTUAL_RESULT,,confirmed,DUPLICATE_DOCUMENT,58,,,
event_classification,,,,ADANIPORTS_2008-06-30,ADANIPORTS,2008-06-30 00:00:00,2008-07-29 09:55:00,29.0,ACTUAL_RESULT,,confirmed,MULTIPLE_HUMAN_PRIMARY_RESULTS|DUPLICATE_DOCUMENT|HUMAN_PRIMARY_RESULT_BEFORE_PERIOD_END,29,,,
event_classification,,,,ADANIPORTS_2008-09-30,ADANIPORTS,2008-09-30 00:00:00,2008-10-25 19:27:00,25.0,ACTUAL_RESULT,,confirmed,DUPLICATE_DOCUMENT,25,,,
event_classification,,,,ADANIPORTS_2008-12-31,ADANIPORTS,2008-12-31 00:00:00,2009-01-30 11:58:00,30.0,ACTUAL_RESULT,,confirmed,DUPLICATE_DOCUMENT,30,,,
event_classification,,,,ADANIPORTS_2009-03-31,ADANIPORTS,2009-03-31 00:00:00,2009-04-20 18:12:00,20.0,ACTUAL_RESULT,,confirmed,MULTIPLE_HUMAN_PRIMARY_RESULTS|DUPLICATE_DOCUMENT,20,,,
event_classification,,,,ADANIPORTS_2009-06-30,ADANIPORTS,2009-06-30 00:00:00,2009-07-30 13:10:00,30.0,ACTUAL_RESULT,,confirmed,MULTIPLE_HUMAN_PRIMARY_RESULTS|DUPLICATE_DOCUMENT,30,,,
event_classification,,,,ADANIPORTS_2009-09-30,ADANIPORTS,2009-09-30 00:00:00,2009-11-19 16:40:00,50.0,ACTUAL_RESULT,,confirmed,DUPLICATE_DOCUMENT,50,,,
event_classification,,,,ADANIPORTS_2009-12-31,ADANIPORTS,2009-12-31 00:00:00,2010-01-28 13:00:00,28.0,ACTUAL_RESULT,,confirmed,MULTIPLE_HUMAN_PRIMARY_RESULTS|DUPLICATE_DOCUMENT,28,,,
event_classification,,,,ADANIPORTS_2010-03-31,ADANIPORTS,2010-03-31 00:00:00,2010-05-17 13:19:00,47.0,ACTUAL_RESULT,,confirmed,MULTIPLE_HUMAN_PRIMARY_RESULTS|DUPLICATE_DOCUMENT,47,,,
event_classification,,,,ADANIPORTS_2010-06-30,ADANIPORTS,2010-06-30 00:00:00,2010-08-04 11:50:00,35.0,ACTUAL_RESULT,,confirmed,OK,35,,,
event_classification,,,,ADANIPORTS_2010-09-30,ADANIPORTS,2010-09-30 00:00:00,2010-10-25 12:25:00,25.0,ACTUAL_RESULT,,confirmed,MULTIPLE_HUMAN_PRIMARY_RESULTS,25,,,
event_classification,,,,ADANIPORTS_2010-12-31,ADANIPORTS,2010-12-31 00:00:00,2011-02-08 08:49:00,39.0,ACTUAL_RESULT,,confirmed,MULTIPLE_HUMAN_PRIMARY_RESULTS,39,,,
event_classification,,,,ADANIPORTS_2011-03-31,ADANIPORTS,2011-03-31 00:00:00,2011-05-09 12:29:00,39.0,ACTUAL_RESULT,,confirmed,MULTIPLE_HUMAN_PRIMARY_RESULTS|DUPLICATE_DOCUMENT,39,,,
event_classification,,,,ADANIPORTS_2011-06-30,ADANIPORTS,2011-06-30 00:00:00,2011-08-04 13:46:00,35.0,ACTUAL_RESULT,,confirmed,MULTIPLE_HUMAN_PRIMARY_RESULTS,35,,,
event_classification,,,,ADANIPORTS_2011-09-30,ADANIPORTS,2011-09-30 00:00:00,2011-11-11 13:30:00,42.0,ACTUAL_RESULT,,confirmed,MULTIPLE_HUMAN_PRIMARY_RESULTS,42,,,
event_classification,,,,ADANIPORTS_2011-12-31,ADANIPORTS,2011-12-31 00:00:00,2012-02-06 13:55:13,37.0,ACTUAL_RESULT,,confirmed,OK,37,,,
event_classification,,,,ADANIPORTS_2012-03-31,ADANIPORTS,2012-03-31 00:00:00,2012-05-14 12:52:00,44.0,ACTUAL_RESULT,,confirmed,MULTIPLE_HUMAN_PRIMARY_RESULTS|DUPLICATE_DOCUMENT,44,,,
event_classification,,,,ADANIPORTS_2012-06-30,ADANIPORTS,2012-06-30 00:00:00,2012-08-01 12:34:00,32.0,ACTUAL_RESULT,,confirmed,MULTIPLE_HUMAN_PRIMARY_RESULTS|DUPLICATE_DOCUMENT,32,,,
event_classification,,,,ADANIPORTS_2012-09-30,ADANIPORTS,2012-09-30 00:00:00,2012-10-19 12:54:00,19.0,ACTUAL_RESULT,,confirmed,MULTIPLE_HUMAN_PRIMARY_RESULTS|DUPLICATE_DOCUMENT,19,,,
event_classification,,,,ADANIPORTS_2012-12-31,ADANIPORTS,2012-12-31 00:00:00,2013-01-28 13:28:00,28.0,ACTUAL_RESULT,,confirmed,MULTIPLE_HUMAN_PRIMARY_RESULTS,28,,,
event_classification,,,,ADANIPORTS_2013-03-31,ADANIPORTS,2013-03-31 00:00:00,2013-05-15 16:00:04,45.0,ACTUAL_RESULT,,confirmed,OK,45,,,
event_classification,,,,ADANIPORTS_2013-06-30,ADANIPORTS,2013-06-30 00:00:00,2013-08-01 13:43:00,32.0,ACTUAL_RESULT,,confirmed,MULTIPLE_HUMAN_PRIMARY_RESULTS|DUPLICATE_DOCUMENT|UNCLASSIFIED_DOCUMENT,32,,,
event_classification,,,,ADANIPORTS_2013-09-30,ADANIPORTS,2013-09-30 00:00:00,2013-10-25 13:35:02,25.0,ACTUAL_RESULT,,confirmed,MULTIPLE_HUMAN_PRIMARY_RESULTS|DUPLICATE_DOCUMENT,25,,,
event_classification,,,,ADANIPORTS_2013-12-31,ADANIPORTS,2013-12-31 00:00:00,2014-01-27 13:39:02,27.0,ACTUAL_RESULT,,confirmed,MULTIPLE_HUMAN_PRIMARY_RESULTS,27,,,
event_classification,,,,ADANIPORTS_2014-03-31,ADANIPORTS,2014-03-31 00:00:00,2014-05-15 14:11:02,45.0,ACTUAL_RESULT,,confirmed,MULTIPLE_HUMAN_PRIMARY_RESULTS|DUPLICATE_DOCUMENT,45,,,
event_classification,,,,ADANIPORTS_2014-06-30,ADANIPORTS,2014-06-30 00:00:00,2014-08-06 13:27:02,37.0,ACTUAL_RESULT,,confirmed,OK,37,,,
event_classification,,,,ADANIPORTS_2014-09-30,ADANIPORTS,2014-09-30 00:00:00,2014-11-10 13:03:02,41.0,ACTUAL_RESULT,,confirmed,OK,41,,,
event_classification,,,,ADANIPORTS_2014-12-31,ADANIPORTS,2014-12-31 00:00:00,2015-01-28 13:11:02,28.0,ACTUAL_RESULT,,confirmed,OK,28,,,
event_classification,,,,ADANIPORTS_2015-03-31,ADANIPORTS,2015-03-31 00:00:00,2015-05-02 17:59:05,32.0,ACTUAL_RESULT,,confirmed,OK,32,,,
event_classification,,,,ADANIPORTS_2015-06-30,ADANIPORTS,2015-06-30 00:00:00,2015-08-10 14:02:57,41.0,ACTUAL_RESULT,,confirmed,OK,41,,,
event_classification,,,,ADANIPORTS_2015-09-30,ADANIPORTS,2015-09-30 00:00:00,2015-11-02 13:49:48,33.0,ACTUAL_RESULT,,confirmed,OK,33,,,
event_classification,,,,ADANIPORTS_2015-12-31,ADANIPORTS,2015-12-31 00:00:00,2016-02-12 13:57:33,43.0,ACTUAL_RESULT,,confirmed,OK,43,,,
event_classification,,,,ADANIPORTS_2016-03-31,ADANIPORTS,2016-03-31 00:00:00,2016-05-03 16:03:49,33.0,ACTUAL_RESULT,,confirmed,UNCLASSIFIED_DOCUMENT,33,,,
event_classification,,,,ADANIPORTS_2016-06-30,ADANIPORTS,2016-06-30 00:00:00,2016-08-09 14:32:46,40.0,ACTUAL_RESULT,,confirmed,UNCLASSIFIED_DOCUMENT,40,,,
event_classification,,,,ADANIPORTS_2016-09-30,ADANIPORTS,2016-09-30 00:00:00,2016-10-25 14:36:57,25.0,ACTUAL_RESULT,,confirmed,OK,25,,,
event_classification,,,,ADANIPORTS_2016-12-31,ADANIPORTS,2016-12-31 00:00:00,2017-02-14 14:03:45,45.0,ACTUAL_RESULT,,confirmed,OK,45,,,
event_classification,,,,ADANIPORTS_2017-03-31,ADANIPORTS,2017-03-31 00:00:00,2017-05-25 16:29:20,55.0,ACTUAL_RESULT,,confirmed,OK,55,,,
event_classification,,,,ADANIPORTS_2017-06-30,ADANIPORTS,2017-06-30 00:00:00,2017-08-12 14:28:30,43.0,ACTUAL_RESULT,,confirmed,OK,43,,,
event_classification,,,,ADANIPORTS_2017-09-30,ADANIPORTS,2017-09-30 00:00:00,2017-11-13 14:39:27,44.0,ACTUAL_RESULT,,confirmed,OK,44,,,
event_classification,,,,ADANIPORTS_2017-12-31,ADANIPORTS,2017-12-31 00:00:00,2018-01-18 14:05:03,18.0,ACTUAL_RESULT,,confirmed,OK,18,,,
event_classification,,,,ADANIPORTS_2018-03-31,ADANIPORTS,2018-03-31 00:00:00,2018-05-03 16:33:33,33.0,ACTUAL_RESULT,,confirmed,OK,33,,,
event_classification,,,,ADANIPORTS_2018-06-30,ADANIPORTS,2018-06-30 00:00:00,2018-08-07 11:19:33,38.0,ACTUAL_RESULT,,confirmed,OK,38,,,
event_classification,,,,ADANIPORTS_2018-09-30,ADANIPORTS,2018-09-30 00:00:00,2018-10-23 16:07:47,23.0,ACTUAL_RESULT,,confirmed,OK,23,,,
event_classification,,,,ADANIPORTS_2018-12-31,ADANIPORTS,2018-12-31 00:00:00,2019-02-06 14:32:32,37.0,ACTUAL_RESULT,,confirmed,OK,37,,,
event_classification,,,,ADANIPORTS_2019-03-31,ADANIPORTS,2019-03-31 00:00:00,2019-05-27 20:49:16,57.0,ACTUAL_RESULT,,confirmed,MULTIPLE_HUMAN_PRIMARY_RESULTS,57,,,
event_classification,,,,ADANIPORTS_2019-06-30,ADANIPORTS,2019-06-30 00:00:00,2019-08-07 14:42:17,38.0,ACTUAL_RESULT,,confirmed,UNCLASSIFIED_DOCUMENT,38,,,
event_classification,,,,ADANIPORTS_2019-09-30,ADANIPORTS,2019-09-30 00:00:00,2019-11-11 15:40:23,42.0,ACTUAL_RESULT,,confirmed,OK,42,,,
event_classification,,,,ADANIPORTS_2019-12-31,ADANIPORTS,2019-12-31 00:00:00,2020-02-04 16:56:42,35.0,ACTUAL_RESULT,,confirmed,MULTIPLE_HUMAN_PRIMARY_RESULTS,35,,,
event_classification,,,,ADANIPORTS_2020-03-31,ADANIPORTS,2020-03-31 00:00:00,2020-05-05 18:01:27,35.0,ACTUAL_RESULT,,confirmed,OK,35,,,
event_classification,,,,ADANIPORTS_2020-06-30,ADANIPORTS,2020-06-30 00:00:00,2020-08-11 16:06:53,42.0,ACTUAL_RESULT,,confirmed,MULTIPLE_HUMAN_PRIMARY_RESULTS,42,,,
event_classification,,,,ADANIPORTS_2020-09-30,ADANIPORTS,2020-09-30 00:00:00,2020-11-03 19:30:42,34.0,ACTUAL_RESULT,,confirmed,MULTIPLE_HUMAN_PRIMARY_RESULTS,34,,,
event_classification,,,,ADANIPORTS_2020-12-31,ADANIPORTS,2020-12-31 00:00:00,2021-02-09 14:39:26,40.0,ACTUAL_RESULT,,confirmed,MULTIPLE_HUMAN_PRIMARY_RESULTS,40,,,
event_classification,,,,ADANIPORTS_2021-03-31,ADANIPORTS,2021-03-31 00:00:00,2021-05-04 16:15:18,34.0,ACTUAL_RESULT,,confirmed,OK,34,,,
event_classification,,,,ADANIPORTS_2021-06-30,ADANIPORTS,2021-06-30 00:00:00,2021-08-03 14:26:56,34.0,ACTUAL_RESULT,,confirmed,MULTIPLE_HUMAN_PRIMARY_RESULTS,34,,,
event_classification,,,,ADANIPORTS_2021-09-30,ADANIPORTS,2021-09-30 00:00:00,2021-10-27 16:39:55,27.0,ACTUAL_RESULT,,confirmed,OK,27,,,
event_classification,,,,ADANIPORTS_2021-12-31,ADANIPORTS,2021-12-31 00:00:00,2022-02-01 17:14:06,32.0,ACTUAL_RESULT,,confirmed,OK,32,,,
event_classification,,,,ADANIPORTS_2022-03-31,ADANIPORTS,2022-03-31 00:00:00,2022-05-25 09:55:45,55.0,ACTUAL_RESULT,,confirmed,OK,55,,,
event_classification,,,,ADANIPORTS_2022-06-30,ADANIPORTS,2022-06-30 00:00:00,NaT,,UNCERTAIN,,no_primary_result,MISSING_RESULT,,,,
event_classification,,,,ADANIPORTS_2022-09-30,ADANIPORTS,2022-09-30 00:00:00,NaT,,UNCERTAIN,,no_primary_result,MISSING_RESULT,,,,
event_classification,,,,ADANIPORTS_2022-12-31,ADANIPORTS,2022-12-31 00:00:00,2023-02-07 13:25:02,38.0,ACTUAL_RESULT,,confirmed,OK,38,,,
event_classification,,,,ADANIPORTS_2023-03-31,ADANIPORTS,2023-03-31 00:00:00,2023-05-30 19:34:43,60.0,ACTUAL_RESULT,,confirmed,MULTIPLE_HUMAN_PRIMARY_RESULTS,60,,,
event_classification,,,,ADANIPORTS_2023-06-30,ADANIPORTS,2023-06-30 00:00:00,2023-08-08 14:14:38,39.0,ACTUAL_RESULT,,confirmed,MANY_PRE_ANNOUNCEMENTS,39,,,
event_classification,,,,ADANIPORTS_2023-09-30,ADANIPORTS,2023-09-30 00:00:00,2023-11-09 14:10:20,40.0,ACTUAL_RESULT,,confirmed,OK,40,,,
event_classification,,,,ADANIPORTS_2023-12-31,ADANIPORTS,2023-12-31 00:00:00,2024-02-01 12:41:20,32.0,ACTUAL_RESULT,,confirmed,MANY_PRE_ANNOUNCEMENTS,32,,,
event_classification,,,,ADANIPORTS_2024-03-31,ADANIPORTS,2024-03-31 00:00:00,2024-05-02 13:16:03,32.0,ACTUAL_RESULT,,confirmed,OK,32,,,
event_classification,,,,ADANIPORTS_2024-06-30,ADANIPORTS,2024-06-30 00:00:00,2024-08-01 12:51:52,32.0,ACTUAL_RESULT,,confirmed,OK,32,,,
event_classification,,,,ADANIPORTS_2024-09-30,ADANIPORTS,2024-09-30 00:00:00,2024-10-29 12:59:34,29.0,ACTUAL_RESULT,,confirmed,OK,29,,,
event_classification,,,,ADANIPORTS_2024-12-31,ADANIPORTS,2024-12-31 00:00:00,2025-01-30 13:04:48,30.0,ACTUAL_RESULT,,confirmed,OK,30,,,
event_classification,,,,ADANIPORTS_2025-03-31,ADANIPORTS,2025-03-31 00:00:00,NaT,,UNCERTAIN,,no_primary_result,MISSING_RESULT,,,,
event_classification,,,,ADANIPORTS_2025-06-30,ADANIPORTS,2025-06-30 00:00:00,2025-08-05 13:42:21,36.0,ACTUAL_RESULT,,confirmed,MANY_PRE_ANNOUNCEMENTS,36,,,
event_classification,,,,ADANIPORTS_2025-09-30,ADANIPORTS,2025-09-30 00:00:00,2025-11-04 13:01:50,35.0,ACTUAL_RESULT,,confirmed,OK,35,,,
event_classification,,,,ADANIPORTS_2025-12-31,ADANIPORTS,2025-12-31 00:00:00,2026-02-03 13:17:38,34.0,ACTUAL_RESULT,,confirmed,OK,34,,,
event_classification,,,,ADANIPORTS_2026-03-31,ADANIPORTS,2026-03-31 00:00:00,2026-04-30 13:43:12,30.0,ACTUAL_RESULT,,confirmed,OK,30,,,
event_classification,,,,ADANIPORTS_2026-06-30,ADANIPORTS,2026-06-30 00:00:00,2026-07-29 12:32:48,29.0,ACTUAL_RESULT,,confirmed,OK,29,,,
event_classification,,,,APOLLOHOSP_2005-06-30,APOLLOHOSP,2005-06-30 00:00:00,NaT,,UNCERTAIN,,no_primary_result,MISSING_RESULT,,,,
event_classification,,,,APOLLOHOSP_2005-09-30,APOLLOHOSP,2005-09-30 00:00:00,NaT,,UNCERTAIN,,no_primary_result,MISSING_RESULT,,,,
event_classification,,,,APOLLOHOSP_2005-12-31,APOLLOHOSP,2005-12-31 00:00:00,NaT,,UNCERTAIN,,no_primary_result,MISSING_RESULT,,,,
event_classification,,,,APOLLOHOSP_2006-03-31,APOLLOHOSP,2006-03-31 00:00:00,NaT,,UNCERTAIN,,no_primary_result,MISSING_RESULT,,,,
event_classification,,,,APOLLOHOSP_2006-06-30,APOLLOHOSP,2006-06-30 00:00:00,NaT,,UNCERTAIN,,no_primary_result,MISSING_RESULT,,,,
event_classification,,,,APOLLOHOSP_2006-09-30,APOLLOHOSP,2006-09-30 00:00:00,2007-01-24 16:32:00,116.0,UNCERTAIN,,confirmed,MULTIPLE_HUMAN_PRIMARY_RESULTS|VERY_LATE_FILING|DUPLICATE_DOCUMENT,116,,,
event_classification,,,,APOLLOHOSP_2007-03-31,APOLLOHOSP,2007-03-31 00:00:00,2007-06-26 16:31:00,87.0,ACTUAL_RESULT,,confirmed,MULTIPLE_HUMAN_PRIMARY_RESULTS|DUPLICATE_DOCUMENT|UNCLASSIFIED_DOCUMENT,87,,,
event_classification,,,,APOLLOHOSP_2007-06-30,APOLLOHOSP,2007-06-30 00:00:00,2007-07-23 15:54:00,23.0,ACTUAL_RESULT,,confirmed,OK,23,,,
event_classification,,,,APOLLOHOSP_2007-09-30,APOLLOHOSP,2007-09-30 00:00:00,2007-10-23 13:35:00,23.0,ACTUAL_RESULT,,confirmed,OK,23,,,
event_classification,,,,APOLLOHOSP_2007-12-31,APOLLOHOSP,2007-12-31 00:00:00,2008-01-24 17:33:00,24.0,ACTUAL_RESULT,,confirmed,DUPLICATE_DOCUMENT|UNCLASSIFIED_DOCUMENT,24,,,
event_classification,,,,APOLLOHOSP_2008-03-31,APOLLOHOSP,2008-03-31 00:00:00,2008-06-24 15:48:00,85.0,ACTUAL_RESULT,,confirmed,MULTIPLE_HUMAN_PRIMARY_RESULTS|DUPLICATE_DOCUMENT,85,,,
event_classification,,,,APOLLOHOSP_2008-09-30,APOLLOHOSP,2008-09-30 00:00:00,2008-10-30 16:07:00,30.0,ACTUAL_RESULT,,confirmed,OK,30,,,
event_classification,,,,APOLLOHOSP_2008-12-31,APOLLOHOSP,2008-12-31 00:00:00,2009-01-30 13:32:00,30.0,ACTUAL_RESULT,,confirmed,OK,30,,,
event_classification,,,,APOLLOHOSP_2009-03-31,APOLLOHOSP,2009-03-31 00:00:00,2009-06-29 15:33:00,90.0,ACTUAL_RESULT,,confirmed,MULTIPLE_HUMAN_PRIMARY_RESULTS|DUPLICATE_DOCUMENT,90,,,
event_classification,,,,APOLLOHOSP_2009-06-30,APOLLOHOSP,2009-06-30 00:00:00,2009-07-18 16:38:00,18.0,ACTUAL_RESULT,,confirmed,DUPLICATE_DOCUMENT,18,,,
event_classification,,,,APOLLOHOSP_2009-09-30,APOLLOHOSP,2009-09-30 00:00:00,2009-10-29 14:17:00,29.0,ACTUAL_RESULT,,confirmed,OK,29,,,
event_classification,,,,APOLLOHOSP_2009-12-31,APOLLOHOSP,2009-12-31 00:00:00,2010-01-28 13:46:00,28.0,ACTUAL_RESULT,,confirmed,DUPLICATE_DOCUMENT,28,,,
event_classification,,,,APOLLOHOSP_2010-03-31,APOLLOHOSP,2010-03-31 00:00:00,2010-05-28 18:14:00,58.0,ACTUAL_RESULT,,confirmed,MULTIPLE_HUMAN_PRIMARY_RESULTS|DUPLICATE_DOCUMENT,58,,,
event_classification,,,,APOLLOHOSP_2010-06-30,APOLLOHOSP,2010-06-30 00:00:00,2010-08-12 16:03:00,43.0,ACTUAL_RESULT,,confirmed,OK,43,,,
event_classification,,,,APOLLOHOSP_2010-09-30,APOLLOHOSP,2010-09-30 00:00:00,2010-11-09 13:57:00,40.0,ACTUAL_RESULT,,confirmed,MULTIPLE_HUMAN_PRIMARY_RESULTS,40,,,
event_classification,,,,APOLLOHOSP_2010-12-31,APOLLOHOSP,2010-12-31 00:00:00,2011-02-11 12:57:00,42.0,ACTUAL_RESULT,,confirmed,MULTIPLE_HUMAN_PRIMARY_RESULTS,42,,,
event_classification,,,,APOLLOHOSP_2011-03-31,APOLLOHOSP,2011-03-31 00:00:00,2011-05-24 14:15:00,54.0,ACTUAL_RESULT,,confirmed,MULTIPLE_HUMAN_PRIMARY_RESULTS|DUPLICATE_DOCUMENT,54,,,
event_classification,,,,APOLLOHOSP_2011-06-30,APOLLOHOSP,2011-06-30 00:00:00,2011-08-10 14:05:00,41.0,ACTUAL_RESULT,,confirmed,MULTIPLE_HUMAN_PRIMARY_RESULTS,41,,,
event_classification,,,,APOLLOHOSP_2011-09-30,APOLLOHOSP,2011-09-30 00:00:00,2011-11-04 15:40:48,35.0,ACTUAL_RESULT,,confirmed,UNCLASSIFIED_DOCUMENT,35,,,
event_classification,,,,APOLLOHOSP_2011-12-31,APOLLOHOSP,2011-12-31 00:00:00,2012-02-10 13:02:03,41.0,ACTUAL_RESULT,,confirmed,OK,41,,,
event_classification,,,,APOLLOHOSP_2012-03-31,APOLLOHOSP,2012-03-31 00:00:00,2012-05-29 16:53:34,59.0,ACTUAL_RESULT,,confirmed,MULTIPLE_HUMAN_PRIMARY_RESULTS,59,,,
event_classification,,,,APOLLOHOSP_2012-06-30,APOLLOHOSP,2012-06-30 00:00:00,2012-08-10 13:05:00,41.0,ACTUAL_RESULT,,confirmed,MULTIPLE_HUMAN_PRIMARY_RESULTS,41,,,
event_classification,,,,APOLLOHOSP_2012-09-30,APOLLOHOSP,2012-09-30 00:00:00,2012-11-09 13:33:00,40.0,ACTUAL_RESULT,,confirmed,MULTIPLE_HUMAN_PRIMARY_RESULTS|DUPLICATE_DOCUMENT,40,,,
event_classification,,,,APOLLOHOSP_2012-12-31,APOLLOHOSP,2012-12-31 00:00:00,2013-02-07 13:57:00,38.0,ACTUAL_RESULT,,confirmed,MULTIPLE_HUMAN_PRIMARY_RESULTS,38,,,
event_classification,,,,APOLLOHOSP_2013-03-31,APOLLOHOSP,2013-03-31 00:00:00,2013-05-20 15:07:48,50.0,ACTUAL_RESULT,,confirmed,OK,50,,,
event_classification,,,,APOLLOHOSP_2013-06-30,APOLLOHOSP,2013-06-30 00:00:00,2013-08-07 16:51:34,38.0,ACTUAL_RESULT,,confirmed,OK,38,,,
event_classification,,,,APOLLOHOSP_2013-09-30,APOLLOHOSP,2013-09-30 00:00:00,2013-11-12 14:55:02,43.0,ACTUAL_RESULT,,confirmed,OK,43,,,
event_classification,,,,APOLLOHOSP_2013-12-31,APOLLOHOSP,2013-12-31 00:00:00,2014-02-10 15:03:02,41.0,ACTUAL_RESULT,,confirmed,OK,41,,,
event_classification,,,,APOLLOHOSP_2014-03-31,APOLLOHOSP,2014-03-31 00:00:00,2014-05-28 14:39:02,58.0,ACTUAL_RESULT,,confirmed,OK,58,,,
event_classification,,,,APOLLOHOSP_2014-06-30,APOLLOHOSP,2014-06-30 00:00:00,2014-08-12 14:39:02,43.0,ACTUAL_RESULT,,confirmed,MULTIPLE_HUMAN_PRIMARY_RESULTS,43,,,
event_classification,,,,APOLLOHOSP_2014-09-30,APOLLOHOSP,2014-09-30 00:00:00,2014-11-12 15:39:03,43.0,ACTUAL_RESULT,,confirmed,OK,43,,,
event_classification,,,,APOLLOHOSP_2014-12-31,APOLLOHOSP,2014-12-31 00:00:00,2015-02-14 15:03:03,45.0,ACTUAL_RESULT,,confirmed,OK,45,,,
event_classification,,,,APOLLOHOSP_2015-03-31,APOLLOHOSP,2015-03-31 00:00:00,2015-05-28 15:15:03,58.0,ACTUAL_RESULT,,confirmed,OK,58,,,
event_classification,,,,APOLLOHOSP_2015-06-30,APOLLOHOSP,2015-06-30 00:00:00,2015-08-11 15:14:23,42.0,ACTUAL_RESULT,,confirmed,OK,42,,,
event_classification,,,,APOLLOHOSP_2015-09-30,APOLLOHOSP,2015-09-30 00:00:00,2015-11-14 14:59:59,45.0,ACTUAL_RESULT,,confirmed,OK,45,,,
event_classification,,,,APOLLOHOSP_2015-12-31,APOLLOHOSP,2015-12-31 00:00:00,2016-02-12 13:17:07,43.0,ACTUAL_RESULT,,confirmed,OK,43,,,
event_classification,,,,APOLLOHOSP_2016-03-31,APOLLOHOSP,2016-03-31 00:00:00,2016-05-25 15:07:39,55.0,ACTUAL_RESULT,,confirmed,UNCLASSIFIED_DOCUMENT,55,,,
event_classification,,,,APOLLOHOSP_2016-06-30,APOLLOHOSP,2016-06-30 00:00:00,2016-09-01 14:11:11,63.0,ACTUAL_RESULT,,confirmed,UNCLASSIFIED_DOCUMENT,63,,,
event_classification,,,,APOLLOHOSP_2016-09-30,APOLLOHOSP,2016-09-30 00:00:00,2016-11-11 14:36:08,42.0,ACTUAL_RESULT,,confirmed,OK,42,,,
event_classification,,,,APOLLOHOSP_2016-12-31,APOLLOHOSP,2016-12-31 00:00:00,2017-02-14 13:35:15,45.0,ACTUAL_RESULT,,confirmed,OK,45,,,
event_classification,,,,APOLLOHOSP_2017-03-31,APOLLOHOSP,2017-03-31 00:00:00,2017-05-30 14:40:54,60.0,ACTUAL_RESULT,,confirmed,OK,60,,,
event_classification,,,,APOLLOHOSP_2017-06-30,APOLLOHOSP,2017-06-30 00:00:00,2017-08-14 14:39:14,45.0,ACTUAL_RESULT,,confirmed,OK,45,,,
event_classification,,,,APOLLOHOSP_2017-09-30,APOLLOHOSP,2017-09-30 00:00:00,2017-11-13 15:10:00,44.0,ACTUAL_RESULT,,confirmed,OK,44,,,
event_classification,,,,APOLLOHOSP_2017-12-31,APOLLOHOSP,2017-12-31 00:00:00,2018-02-14 17:36:31,45.0,ACTUAL_RESULT,,confirmed,OK,45,,,
event_classification,,,,APOLLOHOSP_2018-03-31,APOLLOHOSP,2018-03-31 00:00:00,2018-05-30 17:00:15,60.0,ACTUAL_RESULT,,confirmed,OK,60,,,
event_classification,,,,APOLLOHOSP_2018-06-30,APOLLOHOSP,2018-06-30 00:00:00,2018-08-10 13:35:06,41.0,ACTUAL_RESULT,,confirmed,OK,41,,,
event_classification,,,,APOLLOHOSP_2018-09-30,APOLLOHOSP,2018-09-30 00:00:00,2018-11-14 15:37:04,45.0,ACTUAL_RESULT,,confirmed,MULTIPLE_HUMAN_PRIMARY_RESULTS,45,,,
event_classification,,,,APOLLOHOSP_2018-12-31,APOLLOHOSP,2018-12-31 00:00:00,2019-02-09 18:05:52,40.0,ACTUAL_RESULT,,confirmed,OK,40,,,
event_classification,,,,APOLLOHOSP_2019-03-31,APOLLOHOSP,2019-03-31 00:00:00,2019-05-30 14:55:26,60.0,ACTUAL_RESULT,,confirmed,OK,60,,,
event_classification,,,,APOLLOHOSP_2019-06-30,APOLLOHOSP,2019-06-30 00:00:00,2019-08-13 16:54:05,44.0,ACTUAL_RESULT,,confirmed,OK,44,,,
event_classification,,,,APOLLOHOSP_2019-09-30,APOLLOHOSP,2019-09-30 00:00:00,2019-11-14 15:00:50,45.0,ACTUAL_RESULT,,confirmed,OK,45,,,
event_classification,,,,APOLLOHOSP_2019-12-31,APOLLOHOSP,2019-12-31 00:00:00,2020-02-13 15:33:35,44.0,ACTUAL_RESULT,,confirmed,OK,44,,,
event_classification,,,,APOLLOHOSP_2020-03-31,APOLLOHOSP,2020-03-31 00:00:00,2020-06-25 19:51:13,86.0,ACTUAL_RESULT,,confirmed,OK,86,,,
event_classification,,,,APOLLOHOSP_2020-06-30,APOLLOHOSP,2020-06-30 00:00:00,2020-09-14 17:45:14,76.0,ACTUAL_RESULT,,confirmed,OK,76,,,
event_classification,,,,APOLLOHOSP_2020-09-30,APOLLOHOSP,2020-09-30 00:00:00,2020-11-11 19:15:12,42.0,ACTUAL_RESULT,,confirmed,OK,42,,,
event_classification,,,,APOLLOHOSP_2020-12-31,APOLLOHOSP,2020-12-31 00:00:00,2021-02-12 15:12:15,43.0,ACTUAL_RESULT,,confirmed,OK,43,,,
event_classification,,,,APOLLOHOSP_2021-03-31,APOLLOHOSP,2021-03-31 00:00:00,2021-06-23 20:50:37,84.0,ACTUAL_RESULT,,confirmed,OK,84,,,
event_classification,,,,APOLLOHOSP_2021-06-30,APOLLOHOSP,2021-06-30 00:00:00,2021-08-13 19:08:12,44.0,ACTUAL_RESULT,,confirmed,OK,44,,,
event_classification,,,,APOLLOHOSP_2021-09-30,APOLLOHOSP,2021-09-30 00:00:00,2021-11-12 19:50:42,43.0,ACTUAL_RESULT,,confirmed,OK,43,,,
event_classification,,,,APOLLOHOSP_2021-12-31,APOLLOHOSP,2021-12-31 00:00:00,2022-02-11 15:22:56,42.0,ACTUAL_RESULT,,confirmed,OK,42,,,
event_classification,,,,APOLLOHOSP_2022-03-31,APOLLOHOSP,2022-03-31 00:00:00,2022-05-25 20:05:46,55.0,ACTUAL_RESULT,,confirmed,OK,55,,,
event_classification,,,,APOLLOHOSP_2022-06-30,APOLLOHOSP,2022-06-30 00:00:00,NaT,,UNCERTAIN,,no_primary_result,MISSING_RESULT,,,,
event_classification,,,,APOLLOHOSP_2022-09-30,APOLLOHOSP,2022-09-30 00:00:00,NaT,,UNCERTAIN,,no_primary_result,MISSING_RESULT,,,,
event_classification,,,,APOLLOHOSP_2022-12-31,APOLLOHOSP,2022-12-31 00:00:00,2023-02-15 16:32:21,46.0,ACTUAL_RESULT,,confirmed,OK,46,,,
event_classification,,,,APOLLOHOSP_2023-03-31,APOLLOHOSP,2023-03-31 00:00:00,2023-05-30 14:50:03,60.0,ACTUAL_RESULT,,confirmed,OK,60,,,
event_classification,,,,APOLLOHOSP_2023-06-30,APOLLOHOSP,2023-06-30 00:00:00,2023-08-11 14:00:06,42.0,ACTUAL_RESULT,,confirmed,OK,42,,,
event_classification,,,,APOLLOHOSP_2023-09-30,APOLLOHOSP,2023-09-30 00:00:00,2023-11-09 14:33:40,40.0,ACTUAL_RESULT,,confirmed,OK,40,,,
event_classification,,,,APOLLOHOSP_2023-12-31,APOLLOHOSP,2023-12-31 00:00:00,2024-02-08 14:35:19,39.0,ACTUAL_RESULT,,confirmed,OK,39,,,
event_classification,,,,APOLLOHOSP_2024-03-31,APOLLOHOSP,2024-03-31 00:00:00,2024-05-30 18:56:58,60.0,ACTUAL_RESULT,,confirmed,OK,60,,,
event_classification,,,,APOLLOHOSP_2024-06-30,APOLLOHOSP,2024-06-30 00:00:00,2024-08-13 19:02:02,44.0,ACTUAL_RESULT,,confirmed,OK,44,,,
event_classification,,,,APOLLOHOSP_2024-09-30,APOLLOHOSP,2024-09-30 00:00:00,2024-11-06 15:38:58,37.0,ACTUAL_RESULT,,confirmed,OK,37,,,
event_classification,,,,APOLLOHOSP_2024-12-31,APOLLOHOSP,2024-12-31 00:00:00,2025-02-10 19:24:04,41.0,ACTUAL_RESULT,,confirmed,OK,41,,,
event_classification,,,,APOLLOHOSP_2025-03-31,APOLLOHOSP,2025-03-31 00:00:00,2025-05-30 18:15:37,60.0,ACTUAL_RESULT,,confirmed,OK,60,,,
event_classification,,,,APOLLOHOSP_2025-06-30,APOLLOHOSP,2025-06-30 00:00:00,2025-08-12 18:54:15,43.0,ACTUAL_RESULT,,confirmed,OK,43,,,
event_classification,,,,APOLLOHOSP_2025-09-30,APOLLOHOSP,2025-09-30 00:00:00,2025-11-06 17:56:16,37.0,ACTUAL_RESULT,,confirmed,OK,37,,,
event_classification,,,,APOLLOHOSP_2025-12-31,APOLLOHOSP,2025-12-31 00:00:00,2026-02-10 17:50:27,41.0,ACTUAL_RESULT,,confirmed,OK,41,,,
event_classification,,,,APOLLOHOSP_2026-03-31,APOLLOHOSP,2026-03-31 00:00:00,2026-05-20 17:54:31,50.0,ACTUAL_RESULT,,confirmed,OK,50,,,
event_classification,,,,APOLLOHOSP_2026-06-30,APOLLOHOSP,2026-06-30 00:00:00,2026-08-12 19:52:46,43.0,ACTUAL_RESULT,,confirmed,UNCLASSIFIED_DOCUMENT,43,,,
event_classification,,,,ASIANPAINT_2004-03-31,ASIANPAINT,2004-03-31 00:00:00,NaT,,UNCERTAIN,,no_primary_result,MISSING_RESULT,,,,
event_classification,,,,ASIANPAINT_2004-12-31,ASIANPAINT,2004-12-31 00:00:00,NaT,,UNCERTAIN,,no_primary_result,MISSING_RESULT|DUPLICATE_DOCUMENT,,,,
event_classification,,,,ASIANPAINT_2005-03-31,ASIANPAINT,2005-03-31 00:00:00,NaT,,UNCERTAIN,,no_primary_result,MISSING_RESULT|DUPLICATE_DOCUMENT,,,,
event_classification,,,,ASIANPAINT_2005-06-30,ASIANPAINT,2005-06-30 00:00:00,NaT,,UNCERTAIN,,no_primary_result,MISSING_RESULT,,,,
event_classification,,,,ASIANPAINT_2005-09-30,ASIANPAINT,2005-09-30 00:00:00,NaT,,UNCERTAIN,,no_primary_result,MISSING_RESULT,,,,
event_classification,,,,ASIANPAINT_2006-03-31,ASIANPAINT,2006-03-31 00:00:00,NaT,,UNCERTAIN,,no_primary_result,MISSING_RESULT,,,,
event_classification,,,,ASIANPAINT_2006-06-30,ASIANPAINT,2006-06-30 00:00:00,NaT,,UNCERTAIN,,no_primary_result,MISSING_RESULT,,,,
event_classification,,,,ASIANPAINT_2006-09-30,ASIANPAINT,2006-09-30 00:00:00,NaT,,UNCERTAIN,,no_primary_result,MISSING_RESULT,,,,
event_classification,,,,ASIANPAINT_2006-12-31,ASIANPAINT,2006-12-31 00:00:00,NaT,,UNCERTAIN,,no_primary_result,MISSING_RESULT,,,,
event_classification,,,,ASIANPAINT_2007-03-31,ASIANPAINT,2007-03-31 00:00:00,NaT,,UNCERTAIN,,no_primary_result,MISSING_RESULT,,,,
event_classification,,,,ASIANPAINT_2007-06-30,ASIANPAINT,2007-06-30 00:00:00,2007-07-30 14:27:00,30.0,ACTUAL_RESULT,,confirmed,MULTIPLE_HUMAN_PRIMARY_RESULTS|DUPLICATE_DOCUMENT|HUMAN_PRIMARY_RESULT_BEFORE_PERIOD_END,30,,,
event_classification,,,,ASIANPAINT_2007-09-30,ASIANPAINT,2007-09-30 00:00:00,2007-10-19 14:03:00,19.0,ACTUAL_RESULT,,confirmed,MULTIPLE_HUMAN_PRIMARY_RESULTS|DUPLICATE_DOCUMENT,19,,,
event_classification,,,,ASIANPAINT_2007-12-31,ASIANPAINT,2007-12-31 00:00:00,2008-01-29 14:22:00,29.0,ACTUAL_RESULT,,confirmed,MULTIPLE_HUMAN_PRIMARY_RESULTS|DUPLICATE_DOCUMENT,29,,,
event_classification,,,,ASIANPAINT_2008-03-31,ASIANPAINT,2008-03-31 00:00:00,2008-05-09 15:59:00,39.0,ACTUAL_RESULT,,confirmed,MULTIPLE_HUMAN_PRIMARY_RESULTS|DUPLICATE_DOCUMENT,39,,,
event_classification,,,,ASIANPAINT_2008-06-30,ASIANPAINT,2008-06-30 00:00:00,2008-07-22 18:21:00,22.0,ACTUAL_RESULT,,confirmed,MULTIPLE_HUMAN_PRIMARY_RESULTS|DUPLICATE_DOCUMENT|HUMAN_PRIMARY_RESULT_BEFORE_PERIOD_END,22,,,
event_classification,,,,ASIANPAINT_2008-09-30,ASIANPAINT,2008-09-30 00:00:00,2008-10-24 13:44:00,24.0,ACTUAL_RESULT,,confirmed,MULTIPLE_HUMAN_PRIMARY_RESULTS|DUPLICATE_DOCUMENT,24,,,
event_classification,,,,ASIANPAINT_2008-12-31,ASIANPAINT,2008-12-31 00:00:00,2009-01-23 16:39:00,23.0,ACTUAL_RESULT,,confirmed,MULTIPLE_HUMAN_PRIMARY_RESULTS|DUPLICATE_DOCUMENT,23,,,
event_classification,,,,ASIANPAINT_2009-03-31,ASIANPAINT,2009-03-31 00:00:00,2009-05-12 16:21:00,42.0,ACTUAL_RESULT,,confirmed,MULTIPLE_HUMAN_PRIMARY_RESULTS|DUPLICATE_DOCUMENT,42,,,
event_classification,,,,ASIANPAINT_2009-06-30,ASIANPAINT,2009-06-30 00:00:00,2009-07-25 14:48:00,25.0,ACTUAL_RESULT,,confirmed,MULTIPLE_HUMAN_PRIMARY_RESULTS|DUPLICATE_DOCUMENT|HUMAN_PRIMARY_RESULT_BEFORE_PERIOD_END,25,,,
event_classification,,,,ASIANPAINT_2009-09-30,ASIANPAINT,2009-09-30 00:00:00,2009-10-22 19:05:00,22.0,ACTUAL_RESULT,,confirmed,MULTIPLE_HUMAN_PRIMARY_RESULTS|DUPLICATE_DOCUMENT,22,,,
event_classification,,,,ASIANPAINT_2009-12-31,ASIANPAINT,2009-12-31 00:00:00,2010-01-22 15:16:00,22.0,ACTUAL_RESULT,,confirmed,MULTIPLE_HUMAN_PRIMARY_RESULTS|DUPLICATE_DOCUMENT,22,,,
event_classification,,,,ASIANPAINT_2010-03-31,ASIANPAINT,2010-03-31 00:00:00,2010-05-28 16:00:00,58.0,ACTUAL_RESULT,,confirmed,MULTIPLE_HUMAN_PRIMARY_RESULTS|DUPLICATE_DOCUMENT,58,,,
event_classification,,,,ASIANPAINT_2010-06-30,ASIANPAINT,2010-06-30 00:00:00,2010-07-27 16:15:00,27.0,ACTUAL_RESULT,,confirmed,MULTIPLE_HUMAN_PRIMARY_RESULTS|DUPLICATE_DOCUMENT,27,,,
event_classification,,,,ASIANPAINT_2010-09-30,ASIANPAINT,2010-09-30 00:00:00,2010-10-27 13:58:00,27.0,ACTUAL_RESULT,,confirmed,MULTIPLE_HUMAN_PRIMARY_RESULTS|DUPLICATE_DOCUMENT,27,,,
event_classification,,,,ASIANPAINT_2010-12-31,ASIANPAINT,2010-12-31 00:00:00,2011-01-24 14:12:00,24.0,ACTUAL_RESULT,,confirmed,MULTIPLE_HUMAN_PRIMARY_RESULTS|DUPLICATE_DOCUMENT,24,,,
event_classification,,,,ASIANPAINT_2011-03-31,ASIANPAINT,2011-03-31 00:00:00,2011-05-10 16:18:00,40.0,ACTUAL_RESULT,,confirmed,MULTIPLE_HUMAN_PRIMARY_RESULTS|DUPLICATE_DOCUMENT,40,,,
event_classification,,,,ASIANPAINT_2011-06-30,ASIANPAINT,2011-06-30 00:00:00,2011-07-26 14:37:00,26.0,ACTUAL_RESULT,,confirmed,MULTIPLE_HUMAN_PRIMARY_RESULTS|DUPLICATE_DOCUMENT,26,,,
event_classification,,,,ASIANPAINT_2011-09-30,ASIANPAINT,2011-09-30 00:00:00,2011-10-21 15:42:00,21.0,ACTUAL_RESULT,,confirmed,MULTIPLE_HUMAN_PRIMARY_RESULTS|DUPLICATE_DOCUMENT,21,,,
event_classification,,,,ASIANPAINT_2011-12-31,ASIANPAINT,2011-12-31 00:00:00,2012-01-23 08:13:20,23.0,ACTUAL_RESULT,,confirmed,OK,23,,,
event_classification,,,,ASIANPAINT_2012-03-31,ASIANPAINT,2012-03-31 00:00:00,2012-05-08 17:31:42,38.0,ACTUAL_RESULT,,confirmed,OK,38,,,
event_classification,,,,ASIANPAINT_2012-06-30,ASIANPAINT,2012-06-30 00:00:00,2012-07-20 15:25:00,20.0,ACTUAL_RESULT,,confirmed,MULTIPLE_HUMAN_PRIMARY_RESULTS|DUPLICATE_DOCUMENT,20,,,
event_classification,,,,ASIANPAINT_2012-09-30,ASIANPAINT,2012-09-30 00:00:00,2012-10-25 15:49:00,25.0,ACTUAL_RESULT,,confirmed,MULTIPLE_HUMAN_PRIMARY_RESULTS,25,,,
event_classification,,,,ASIANPAINT_2012-12-31,ASIANPAINT,2012-12-31 00:00:00,2013-01-21 16:33:00,21.0,ACTUAL_RESULT,,confirmed,MULTIPLE_HUMAN_PRIMARY_RESULTS|DUPLICATE_DOCUMENT,21,,,
event_classification,,,,ASIANPAINT_2013-03-31,ASIANPAINT,2013-03-31 00:00:00,2013-05-09 15:12:09,39.0,ACTUAL_RESULT,,confirmed,OK,39,,,
event_classification,,,,ASIANPAINT_2013-06-30,ASIANPAINT,2013-06-30 00:00:00,2013-07-22 15:41:00,22.0,ACTUAL_RESULT,,confirmed,MULTIPLE_HUMAN_PRIMARY_RESULTS|DUPLICATE_DOCUMENT,22,,,
event_classification,,,,ASIANPAINT_2013-09-30,ASIANPAINT,2013-09-30 00:00:00,2013-10-21 15:11:02,21.0,ACTUAL_RESULT,,confirmed,MULTIPLE_HUMAN_PRIMARY_RESULTS|DUPLICATE_DOCUMENT,21,,,
event_classification,,,,ASIANPAINT_2013-12-31,ASIANPAINT,2013-12-31 00:00:00,2014-01-20 15:31:02,20.0,ACTUAL_RESULT,,confirmed,MULTIPLE_HUMAN_PRIMARY_RESULTS|DUPLICATE_DOCUMENT,20,,,
event_classification,,,,ASIANPAINT_2014-03-31,ASIANPAINT,2014-03-31 00:00:00,2014-05-14 17:39:03,44.0,ACTUAL_RESULT,,confirmed,OK,44,,,
event_classification,,,,ASIANPAINT_2014-06-30,ASIANPAINT,2014-06-30 00:00:00,2014-07-22 14:59:03,22.0,ACTUAL_RESULT,,confirmed,OK,22,,,
event_classification,,,,ASIANPAINT_2014-09-30,ASIANPAINT,2014-09-30 00:00:00,2014-10-22 15:11:03,22.0,ACTUAL_RESULT,,confirmed,OK,22,,,
event_classification,,,,ASIANPAINT_2014-12-31,ASIANPAINT,2014-12-31 00:00:00,2015-01-29 12:47:03,29.0,ACTUAL_RESULT,,confirmed,OK,29,,,
event_classification,,,,ASIANPAINT_2015-03-31,ASIANPAINT,2015-03-31 00:00:00,2015-05-18 14:47:03,48.0,ACTUAL_RESULT,,confirmed,OK,48,,,
event_classification,,,,ASIANPAINT_2015-06-30,ASIANPAINT,2015-06-30 00:00:00,2015-07-21 12:56:17,21.0,ACTUAL_RESULT,,confirmed,OK,21,,,
event_classification,,,,ASIANPAINT_2015-09-30,ASIANPAINT,2015-09-30 00:00:00,2015-10-23 16:00:12,23.0,ACTUAL_RESULT,,confirmed,OK,23,,,
event_classification,,,,ASIANPAINT_2015-12-31,ASIANPAINT,2015-12-31 00:00:00,2016-01-18 17:50:04,18.0,ACTUAL_RESULT,,confirmed,MULTIPLE_HUMAN_PRIMARY_RESULTS,18,,,
event_classification,,,,ASIANPAINT_2016-03-31,ASIANPAINT,2016-03-31 00:00:00,2016-05-11 15:12:02,41.0,ACTUAL_RESULT,,confirmed,OK,41,,,
event_classification,,,,ASIANPAINT_2016-06-30,ASIANPAINT,2016-06-30 00:00:00,2016-07-27 15:51:55,27.0,ACTUAL_RESULT,,confirmed,OK,27,,,
event_classification,,,,ASIANPAINT_2016-09-30,ASIANPAINT,2016-09-30 00:00:00,2016-10-25 15:15:33,25.0,ACTUAL_RESULT,,confirmed,OK,25,,,
event_classification,,,,ASIANPAINT_2016-12-31,ASIANPAINT,2016-12-31 00:00:00,2017-01-23 17:25:25,23.0,ACTUAL_RESULT,,confirmed,OK,23,,,
event_classification,,,,ASIANPAINT_2017-03-31,ASIANPAINT,2017-03-31 00:00:00,2017-05-12 15:51:58,42.0,ACTUAL_RESULT,,confirmed,MULTIPLE_HUMAN_PRIMARY_RESULTS,42,,,
event_classification,,,,ASIANPAINT_2017-06-30,ASIANPAINT,2017-06-30 00:00:00,2017-07-25 14:42:21,25.0,ACTUAL_RESULT,,confirmed,OK,25,,,
event_classification,,,,ASIANPAINT_2017-09-30,ASIANPAINT,2017-09-30 00:00:00,2017-10-24 14:59:45,24.0,ACTUAL_RESULT,,confirmed,OK,24,,,
event_classification,,,,ASIANPAINT_2017-12-31,ASIANPAINT,2017-12-31 00:00:00,2018-01-22 17:21:34,22.0,ACTUAL_RESULT,,confirmed,OK,22,,,
event_classification,,,,ASIANPAINT_2018-03-31,ASIANPAINT,2018-03-31 00:00:00,2018-05-10 17:06:25,40.0,ACTUAL_RESULT,,confirmed,MULTIPLE_HUMAN_PRIMARY_RESULTS,40,,,
event_classification,,,,ASIANPAINT_2018-06-30,ASIANPAINT,2018-06-30 00:00:00,2018-07-24 18:55:55,24.0,ACTUAL_RESULT,,confirmed,OK,24,,,
event_classification,,,,ASIANPAINT_2018-09-30,ASIANPAINT,2018-09-30 00:00:00,2018-10-23 10:10:30,23.0,ACTUAL_RESULT,,confirmed,MULTIPLE_HUMAN_PRIMARY_RESULTS,23,,,
event_classification,,,,ASIANPAINT_2018-12-31,ASIANPAINT,2018-12-31 00:00:00,2019-01-22 14:21:41,22.0,ACTUAL_RESULT,,confirmed,OK,22,,,
event_classification,,,,ASIANPAINT_2019-03-31,ASIANPAINT,2019-03-31 00:00:00,2019-05-09 15:01:28,39.0,ACTUAL_RESULT,,confirmed,UNCLASSIFIED_DOCUMENT,39,,,
event_classification,,,,ASIANPAINT_2019-06-30,ASIANPAINT,2019-06-30 00:00:00,2019-07-24 13:26:17,24.0,ACTUAL_RESULT,,confirmed,OK,24,,,
event_classification,,,,ASIANPAINT_2019-09-30,ASIANPAINT,2019-09-30 00:00:00,2019-10-22 19:17:13,22.0,ACTUAL_RESULT,,confirmed,OK,22,,,
event_classification,,,,ASIANPAINT_2019-12-31,ASIANPAINT,2019-12-31 00:00:00,2020-01-22 14:33:42,22.0,ACTUAL_RESULT,,confirmed,OK,22,,,
event_classification,,,,ASIANPAINT_2020-03-31,ASIANPAINT,2020-03-31 00:00:00,2020-06-23 18:32:01,84.0,ACTUAL_RESULT,,confirmed,OK,84,,,
event_classification,,,,ASIANPAINT_2020-06-30,ASIANPAINT,2020-06-30 00:00:00,2020-07-24 15:09:46,24.0,ACTUAL_RESULT,,confirmed,OK,24,,,
event_classification,,,,ASIANPAINT_2020-09-30,ASIANPAINT,2020-09-30 00:00:00,2020-10-22 14:41:50,22.0,ACTUAL_RESULT,,confirmed,OK,22,,,
event_classification,,,,ASIANPAINT_2020-12-31,ASIANPAINT,2020-12-31 00:00:00,2021-01-21 14:25:15,21.0,ACTUAL_RESULT,,confirmed,OK,21,,,
event_classification,,,,ASIANPAINT_2021-03-31,ASIANPAINT,2021-03-31 00:00:00,2021-05-12 20:17:39,42.0,ACTUAL_RESULT,,confirmed,MULTIPLE_HUMAN_PRIMARY_RESULTS,42,,,
event_classification,,,,ASIANPAINT_2021-06-30,ASIANPAINT,2021-06-30 00:00:00,2021-07-20 13:56:12,20.0,ACTUAL_RESULT,,confirmed,OK,20,,,
event_classification,,,,ASIANPAINT_2021-09-30,ASIANPAINT,2021-09-30 00:00:00,2021-10-21 13:42:37,21.0,ACTUAL_RESULT,,confirmed,OK,21,,,
event_classification,,,,ASIANPAINT_2021-12-31,ASIANPAINT,2021-12-31 00:00:00,2022-01-20 13:47:59,20.0,ACTUAL_RESULT,,confirmed,MANY_PRE_ANNOUNCEMENTS,20,,,
event_classification,,,,ASIANPAINT_2022-03-31,ASIANPAINT,2022-03-31 00:00:00,2022-05-10 22:36:16,40.0,ACTUAL_RESULT,,confirmed,MULTIPLE_HUMAN_PRIMARY_RESULTS,40,,,
event_classification,,,,ASIANPAINT_2022-06-30,ASIANPAINT,2022-06-30 00:00:00,NaT,,UNCERTAIN,,no_primary_result,MISSING_RESULT|MANY_PRE_ANNOUNCEMENTS,,,,
event_classification,,,,ASIANPAINT_2022-09-30,ASIANPAINT,2022-09-30 00:00:00,NaT,,UNCERTAIN,,no_primary_result,MISSING_RESULT,,,,
event_classification,,,,ASIANPAINT_2022-12-31,ASIANPAINT,2022-12-31 00:00:00,2023-01-19 13:44:47,19.0,ACTUAL_RESULT,,confirmed,MANY_PRE_ANNOUNCEMENTS,19,,,
event_classification,,,,ASIANPAINT_2023-03-31,ASIANPAINT,2023-03-31 00:00:00,2023-05-11 14:03:04,41.0,ACTUAL_RESULT,,confirmed,MULTIPLE_HUMAN_PRIMARY_RESULTS,41,,,
event_classification,,,,ASIANPAINT_2023-06-30,ASIANPAINT,2023-06-30 00:00:00,2023-07-25 13:24:09,25.0,ACTUAL_RESULT,,confirmed,MULTIPLE_HUMAN_PRIMARY_RESULTS,25,,,
event_classification,,,,ASIANPAINT_2023-09-30,ASIANPAINT,2023-09-30 00:00:00,2023-10-26 13:45:32,26.0,ACTUAL_RESULT,,confirmed,MULTIPLE_HUMAN_PRIMARY_RESULTS|UNCLASSIFIED_DOCUMENT,26,,,
event_classification,,,,ASIANPAINT_2023-12-31,ASIANPAINT,2023-12-31 00:00:00,2024-01-17 14:46:56,17.0,ACTUAL_RESULT,,confirmed,MULTIPLE_HUMAN_PRIMARY_RESULTS,17,,,
event_classification,,,,ASIANPAINT_2024-03-31,ASIANPAINT,2024-03-31 00:00:00,2024-05-09 13:42:43,39.0,ACTUAL_RESULT,,confirmed,MULTIPLE_HUMAN_PRIMARY_RESULTS|UNCLASSIFIED_DOCUMENT,39,,,
event_classification,,,,ASIANPAINT_2024-06-30,ASIANPAINT,2024-06-30 00:00:00,2024-07-17 14:16:21,17.0,ACTUAL_RESULT,,confirmed,OK,17,,,
event_classification,,,,ASIANPAINT_2024-09-30,ASIANPAINT,2024-09-30 00:00:00,2024-11-09 14:41:00,40.0,ACTUAL_RESULT,,confirmed,MULTIPLE_HUMAN_PRIMARY_RESULTS,40,,,
event_classification,,,,ASIANPAINT_2024-12-31,ASIANPAINT,2024-12-31 00:00:00,2025-02-04 14:08:19,35.0,ACTUAL_RESULT,,confirmed,MULTIPLE_HUMAN_PRIMARY_RESULTS,35,,,
event_classification,,,,ASIANPAINT_2025-06-30,ASIANPAINT,2025-06-30 00:00:00,2025-07-29 14:11:31,29.0,ACTUAL_RESULT,,confirmed,MULTIPLE_HUMAN_PRIMARY_RESULTS|MANY_PRE_ANNOUNCEMENTS,29,,,
event_classification,,,,ASIANPAINT_2025-09-30,ASIANPAINT,2025-09-30 00:00:00,2025-11-12 15:05:01,43.0,ACTUAL_RESULT,,confirmed,OK,43,,,
event_classification,,,,ASIANPAINT_2025-12-31,ASIANPAINT,2025-12-31 00:00:00,2026-01-27 13:58:57,27.0,ACTUAL_RESULT,,confirmed,MULTIPLE_HUMAN_PRIMARY_RESULTS,27,,,
event_classification,,,,ASIANPAINT_2026-03-31,ASIANPAINT,2026-03-31 00:00:00,2026-05-29 14:06:54,59.0,ACTUAL_RESULT,,confirmed,OK,59,,,
event_classification,,,,ASIANPAINT_2026-06-30,ASIANPAINT,2026-06-30 00:00:00,2026-07-29 14:02:54,29.0,ACTUAL_RESULT,,confirmed,OK,29,,,
event_classification,,,,AXISBANK_2004-12-31,AXISBANK,2004-12-31 00:00:00,NaT,,UNCERTAIN,,no_primary_result,MISSING_RESULT|DUPLICATE_DOCUMENT,,,,
event_classification,,,,AXISBANK_2005-03-31,AXISBANK,2005-03-31 00:00:00,NaT,,UNCERTAIN,,no_primary_result,MISSING_RESULT|DUPLICATE_DOCUMENT,,,,
event_classification,,,,AXISBANK_2006-06-30,AXISBANK,2006-06-30 00:00:00,NaT,,UNCERTAIN,,no_primary_result,MISSING_RESULT|DUPLICATE_DOCUMENT|UNCLASSIFIED_DOCUMENT,,,,
event_classification,,,,AXISBANK_2006-09-30,AXISBANK,2006-09-30 00:00:00,NaT,,UNCERTAIN,,no_primary_result,MISSING_RESULT|DUPLICATE_DOCUMENT,,,,
event_classification,,,,AXISBANK_2006-12-31,AXISBANK,2006-12-31 00:00:00,2006-11-06 15:45:00,-55.0,BOARD_EVENT,,confirmed,ANNOUNCEMENT_BEFORE_PERIOD_END|DUPLICATE_DOCUMENT|HUMAN_PRIMARY_RESULT_BEFORE_PERIOD_END,-55,,,
event_classification,,,,AXISBANK_2007-03-31,AXISBANK,2007-03-31 00:00:00,NaT,,UNCERTAIN,,no_primary_result,MISSING_RESULT,,,,
event_classification,,,,AXISBANK_2007-06-30,AXISBANK,2007-06-30 00:00:00,2007-07-12 17:54:00,12.0,ACTUAL_RESULT,,confirmed,DUPLICATE_DOCUMENT,12,,,
event_classification,,,,AXISBANK_2007-09-30,AXISBANK,2007-09-30 00:00:00,2007-10-15 09:56:00,15.0,ACTUAL_RESULT,,confirmed,DUPLICATE_DOCUMENT,15,,,
event_classification,,,,AXISBANK_2007-12-31,AXISBANK,2007-12-31 00:00:00,2008-01-09 12:50:00,9.0,ACTUAL_RESULT,,confirmed,DUPLICATE_DOCUMENT,9,,,
event_classification,,,,AXISBANK_2008-03-31,AXISBANK,2008-03-31 00:00:00,2008-04-21 14:05:00,21.0,ACTUAL_RESULT,,confirmed,MULTIPLE_HUMAN_PRIMARY_RESULTS|DUPLICATE_DOCUMENT,21,,,
event_classification,,,,AXISBANK_2008-06-30,AXISBANK,2008-06-30 00:00:00,2008-07-14 12:51:00,14.0,ACTUAL_RESULT,,confirmed,DUPLICATE_DOCUMENT,14,,,
event_classification,,,,AXISBANK_2008-09-30,AXISBANK,2008-09-30 00:00:00,2008-10-13 09:53:00,13.0,ACTUAL_RESULT,,confirmed,DUPLICATE_DOCUMENT,13,,,
event_classification,,,,AXISBANK_2008-12-31,AXISBANK,2008-12-31 00:00:00,2009-01-09 14:16:00,9.0,ACTUAL_RESULT,,confirmed,DUPLICATE_DOCUMENT,9,,,
event_classification,,,,AXISBANK_2009-03-31,AXISBANK,2009-03-31 00:00:00,2009-04-20 16:52:00,20.0,ACTUAL_RESULT,,confirmed,MULTIPLE_HUMAN_PRIMARY_RESULTS|DUPLICATE_DOCUMENT,20,,,
event_classification,,,,AXISBANK_2009-06-30,AXISBANK,2009-06-30 00:00:00,2009-07-13 14:13:00,13.0,ACTUAL_RESULT,,confirmed,DUPLICATE_DOCUMENT,13,,,
event_classification,,,,AXISBANK_2009-09-30,AXISBANK,2009-09-30 00:00:00,2009-10-12 15:24:00,12.0,ACTUAL_RESULT,,confirmed,DUPLICATE_DOCUMENT,12,,,
event_classification,,,,AXISBANK_2009-12-31,AXISBANK,2009-12-31 00:00:00,2010-01-15 14:06:00,15.0,ACTUAL_RESULT,,confirmed,DUPLICATE_DOCUMENT,15,,,
event_classification,,,,AXISBANK_2010-03-31,AXISBANK,2010-03-31 00:00:00,2010-04-20 14:58:00,20.0,ACTUAL_RESULT,,confirmed,MULTIPLE_HUMAN_PRIMARY_RESULTS|DUPLICATE_DOCUMENT,20,,,
event_classification,,,,AXISBANK_2010-06-30,AXISBANK,2010-06-30 00:00:00,2010-07-15 13:36:00,15.0,ACTUAL_RESULT,,confirmed,OK,15,,,
event_classification,,,,AXISBANK_2010-09-30,AXISBANK,2010-09-30 00:00:00,2010-10-14 11:58:00,14.0,ACTUAL_RESULT,,confirmed,MULTIPLE_HUMAN_PRIMARY_RESULTS,14,,,
event_classification,,,,AXISBANK_2010-12-31,AXISBANK,2010-12-31 00:00:00,2011-01-17 15:00:00,17.0,ACTUAL_RESULT,,confirmed,MULTIPLE_HUMAN_PRIMARY_RESULTS,17,,,
event_classification,,,,AXISBANK_2011-03-31,AXISBANK,2011-03-31 00:00:00,2011-04-22 15:46:51,22.0,ACTUAL_RESULT,,confirmed,OK,22,,,
event_classification,,,,AXISBANK_2011-06-30,AXISBANK,2011-06-30 00:00:00,2011-07-22 13:24:00,22.0,ACTUAL_RESULT,,confirmed,MULTIPLE_HUMAN_PRIMARY_RESULTS,22,,,
event_classification,,,,AXISBANK_2011-09-30,AXISBANK,2011-09-30 00:00:00,2011-10-22 13:02:00,22.0,ACTUAL_RESULT,,confirmed,MULTIPLE_HUMAN_PRIMARY_RESULTS|DUPLICATE_DOCUMENT,22,,,
event_classification,,,,AXISBANK_2011-12-31,AXISBANK,2011-12-31 00:00:00,2012-01-20 14:54:00,20.0,ACTUAL_RESULT,,confirmed,MULTIPLE_HUMAN_PRIMARY_RESULTS,20,,,
event_classification,,,,AXISBANK_2012-03-31,AXISBANK,2012-03-31 00:00:00,2012-04-27 19:38:00,27.0,ACTUAL_RESULT,,confirmed,MULTIPLE_HUMAN_PRIMARY_RESULTS|DUPLICATE_DOCUMENT,27,,,
event_classification,,,,AXISBANK_2012-06-30,AXISBANK,2012-06-30 00:00:00,2012-07-17 13:28:00,17.0,ACTUAL_RESULT,,confirmed,MULTIPLE_HUMAN_PRIMARY_RESULTS|DUPLICATE_DOCUMENT,17,,,
event_classification,,,,AXISBANK_2012-09-30,AXISBANK,2012-09-30 00:00:00,2012-10-15 18:31:00,15.0,ACTUAL_RESULT,,confirmed,MULTIPLE_HUMAN_PRIMARY_RESULTS,15,,,
event_classification,,,,AXISBANK_2012-12-31,AXISBANK,2012-12-31 00:00:00,2013-01-15 13:39:00,15.0,ACTUAL_RESULT,,confirmed,MULTIPLE_HUMAN_PRIMARY_RESULTS|DUPLICATE_DOCUMENT,15,,,
event_classification,,,,AXISBANK_2013-03-31,AXISBANK,2013-03-31 00:00:00,2013-04-25 09:59:00,25.0,ACTUAL_RESULT,,confirmed,MULTIPLE_HUMAN_PRIMARY_RESULTS|DUPLICATE_DOCUMENT,25,,,
event_classification,,,,AXISBANK_2013-06-30,AXISBANK,2013-06-30 00:00:00,2013-07-18 15:53:00,18.0,ACTUAL_RESULT,,confirmed,MULTIPLE_HUMAN_PRIMARY_RESULTS,18,,,
event_classification,,,,AXISBANK_2013-09-30,AXISBANK,2013-09-30 00:00:00,2013-10-17 13:19:02,17.0,ACTUAL_RESULT,,confirmed,MULTIPLE_HUMAN_PRIMARY_RESULTS|DUPLICATE_DOCUMENT,17,,,
event_classification,,,,AXISBANK_2013-12-31,AXISBANK,2013-12-31 00:00:00,2014-01-16 12:31:02,16.0,ACTUAL_RESULT,,confirmed,MULTIPLE_HUMAN_PRIMARY_RESULTS,16,,,
event_classification,,,,AXISBANK_2014-03-31,AXISBANK,2014-03-31 00:00:00,2014-04-25 15:11:02,25.0,ACTUAL_RESULT,,confirmed,MULTIPLE_HUMAN_PRIMARY_RESULTS|DUPLICATE_DOCUMENT,25,,,
event_classification,,,,AXISBANK_2014-06-30,AXISBANK,2014-06-30 00:00:00,2014-07-22 15:51:02,22.0,ACTUAL_RESULT,,confirmed,OK,22,,,
event_classification,,,,AXISBANK_2014-09-30,AXISBANK,2014-09-30 00:00:00,2014-10-17 15:59:02,17.0,ACTUAL_RESULT,,confirmed,OK,17,,,
event_classification,,,,AXISBANK_2014-12-31,AXISBANK,2014-12-31 00:00:00,2015-01-16 11:27:02,16.0,ACTUAL_RESULT,,confirmed,OK,16,,,
event_classification,,,,AXISBANK_2015-03-31,AXISBANK,2015-03-31 00:00:00,2015-04-29 15:27:02,29.0,ACTUAL_RESULT,,confirmed,OK,29,,,
event_classification,,,,AXISBANK_2015-06-30,AXISBANK,2015-06-30 00:00:00,2015-07-24 14:12:32,24.0,ACTUAL_RESULT,,confirmed,OK,24,,,
event_classification,,,,AXISBANK_2015-09-30,AXISBANK,2015-09-30 00:00:00,2015-10-27 13:55:33,27.0,ACTUAL_RESULT,,confirmed,OK,27,,,
event_classification,,,,AXISBANK_2015-12-31,AXISBANK,2015-12-31 00:00:00,2016-01-20 16:44:39,20.0,ACTUAL_RESULT,,confirmed,OK,20,,,
event_classification,,,,AXISBANK_2016-03-31,AXISBANK,2016-03-31 00:00:00,2016-04-26 17:42:03,26.0,ACTUAL_RESULT,,confirmed,OK,26,,,
event_classification,,,,AXISBANK_2016-06-30,AXISBANK,2016-06-30 00:00:00,2016-07-22 17:01:33,22.0,ACTUAL_RESULT,,confirmed,OK,22,,,
event_classification,,,,AXISBANK_2016-09-30,AXISBANK,2016-09-30 00:00:00,2016-10-25 16:50:01,25.0,ACTUAL_RESULT,,confirmed,OK,25,,,
event_classification,,,,AXISBANK_2016-12-31,AXISBANK,2016-12-31 00:00:00,2017-01-19 16:29:17,19.0,ACTUAL_RESULT,,confirmed,OK,19,,,
event_classification,,,,AXISBANK_2017-03-31,AXISBANK,2017-03-31 00:00:00,2017-04-26 17:22:47,26.0,ACTUAL_RESULT,,confirmed,OK,26,,,
event_classification,,,,AXISBANK_2017-06-30,AXISBANK,2017-06-30 00:00:00,2017-07-25 16:23:43,25.0,ACTUAL_RESULT,,confirmed,OK,25,,,
event_classification,,,,AXISBANK_2017-09-30,AXISBANK,2017-09-30 00:00:00,2017-10-17 16:20:37,17.0,ACTUAL_RESULT,,confirmed,OK,17,,,
event_classification,,,,AXISBANK_2017-12-31,AXISBANK,2017-12-31 00:00:00,2018-01-22 13:53:39,22.0,ACTUAL_RESULT,,confirmed,MANY_PRE_ANNOUNCEMENTS,22,,,
event_classification,,,,AXISBANK_2018-03-31,AXISBANK,2018-03-31 00:00:00,2018-04-26 18:01:54,26.0,ACTUAL_RESULT,,confirmed,MULTIPLE_HUMAN_PRIMARY_RESULTS,26,,,
event_classification,,,,AXISBANK_2018-06-30,AXISBANK,2018-06-30 00:00:00,2018-07-30 17:54:35,30.0,ACTUAL_RESULT,,confirmed,OK,30,,,
event_classification,,,,AXISBANK_2018-09-30,AXISBANK,2018-09-30 00:00:00,2018-11-02 16:05:04,33.0,ACTUAL_RESULT,,confirmed,OK,33,,,
event_classification,,,,AXISBANK_2018-12-31,AXISBANK,2018-12-31 00:00:00,2019-01-29 16:03:47,29.0,ACTUAL_RESULT,,confirmed,OK,29,,,
event_classification,,,,AXISBANK_2019-03-31,AXISBANK,2019-03-31 00:00:00,2019-04-25 16:45:48,25.0,ACTUAL_RESULT,,confirmed,OK,25,,,
event_classification,,,,AXISBANK_2019-06-30,AXISBANK,2019-06-30 00:00:00,2019-07-30 16:02:22,30.0,ACTUAL_RESULT,,confirmed,OK,30,,,
event_classification,,,,AXISBANK_2019-09-30,AXISBANK,2019-09-30 00:00:00,2019-10-22 15:38:32,22.0,ACTUAL_RESULT,,confirmed,OK,22,,,
event_classification,,,,AXISBANK_2019-12-31,AXISBANK,2019-12-31 00:00:00,2020-01-22 16:20:19,22.0,ACTUAL_RESULT,,confirmed,OK,22,,,
event_classification,,,,AXISBANK_2020-03-31,AXISBANK,2020-03-31 00:00:00,2020-04-28 16:44:50,28.0,ACTUAL_RESULT,,confirmed,OK,28,,,
event_classification,,,,AXISBANK_2020-06-30,AXISBANK,2020-06-30 00:00:00,2020-07-21 16:55:47,21.0,ACTUAL_RESULT,,confirmed,OK,21,,,
event_classification,,,,AXISBANK_2020-09-30,AXISBANK,2020-09-30 00:00:00,2020-10-29 15:35:08,29.0,ACTUAL_RESULT,,confirmed,OK,29,,,
event_classification,,,,AXISBANK_2020-12-31,AXISBANK,2020-12-31 00:00:00,2021-01-27 16:41:26,27.0,ACTUAL_RESULT,,confirmed,OK,27,,,
event_classification,,,,AXISBANK_2021-03-31,AXISBANK,2021-03-31 00:00:00,2021-04-27 16:47:20,27.0,ACTUAL_RESULT,,confirmed,OK,27,,,
event_classification,,,,AXISBANK_2021-06-30,AXISBANK,2021-06-30 00:00:00,2021-07-26 17:22:09,26.0,ACTUAL_RESULT,,confirmed,OK,26,,,
event_classification,,,,AXISBANK_2021-09-30,AXISBANK,2021-09-30 00:00:00,2021-10-26 16:36:57,26.0,ACTUAL_RESULT,,confirmed,OK,26,,,
event_classification,,,,AXISBANK_2021-12-31,AXISBANK,2021-12-31 00:00:00,2022-01-24 16:40:41,24.0,ACTUAL_RESULT,,confirmed,OK,24,,,
event_classification,,,,AXISBANK_2022-03-31,AXISBANK,2022-03-31 00:00:00,2022-04-28 16:53:24,28.0,ACTUAL_RESULT,,confirmed,OK,28,,,
event_classification,,,,AXISBANK_2022-06-30,AXISBANK,2022-06-30 00:00:00,NaT,,UNCERTAIN,,no_primary_result,MISSING_RESULT,,,,
event_classification,,,,AXISBANK_2022-09-30,AXISBANK,2022-09-30 00:00:00,NaT,,UNCERTAIN,,no_primary_result,MISSING_RESULT,,,,
event_classification,,,,AXISBANK_2022-12-31,AXISBANK,2022-12-31 00:00:00,2023-01-23 15:55:39,23.0,ACTUAL_RESULT,,confirmed,MULTIPLE_HUMAN_PRIMARY_RESULTS,23,,,
event_classification,,,,AXISBANK_2023-03-31,AXISBANK,2023-03-31 00:00:00,2023-04-27 16:06:55,27.0,ACTUAL_RESULT,,confirmed,OK,27,,,
event_classification,,,,AXISBANK_2023-06-30,AXISBANK,2023-06-30 00:00:00,2023-07-26 16:02:05,26.0,ACTUAL_RESULT,,confirmed,OK,26,,,
event_classification,,,,AXISBANK_2023-09-30,AXISBANK,2023-09-30 00:00:00,2023-10-25 16:00:39,25.0,ACTUAL_RESULT,,confirmed,OK,25,,,
event_classification,,,,AXISBANK_2023-12-31,AXISBANK,2023-12-31 00:00:00,2024-01-23 16:01:24,23.0,ACTUAL_RESULT,,confirmed,OK,23,,,
event_classification,,,,AXISBANK_2024-03-31,AXISBANK,2024-03-31 00:00:00,2024-04-24 16:25:23,24.0,ACTUAL_RESULT,,confirmed,OK,24,,,
event_classification,,,,AXISBANK_2024-06-30,AXISBANK,2024-06-30 00:00:00,2024-07-24 15:48:22,24.0,ACTUAL_RESULT,,confirmed,OK,24,,,
event_classification,,,,AXISBANK_2024-09-30,AXISBANK,2024-09-30 00:00:00,2024-10-17 15:43:12,17.0,ACTUAL_RESULT,,confirmed,OK,17,,,
event_classification,,,,AXISBANK_2024-12-31,AXISBANK,2024-12-31 00:00:00,2025-01-16 15:42:18,16.0,ACTUAL_RESULT,,confirmed,OK,16,,,
event_classification,,,,AXISBANK_2025-03-31,AXISBANK,2025-03-31 00:00:00,NaT,,UNCERTAIN,,no_primary_result,MISSING_RESULT,,,,
event_classification,,,,AXISBANK_2025-06-30,AXISBANK,2025-06-30 00:00:00,2025-07-17 15:39:12,17.0,ACTUAL_RESULT,,confirmed,MANY_PRE_ANNOUNCEMENTS,17,,,
event_classification,,,,AXISBANK_2025-09-30,AXISBANK,2025-09-30 00:00:00,2025-10-15 15:36:43,15.0,ACTUAL_RESULT,,confirmed,OK,15,,,
event_classification,,,,AXISBANK_2025-12-31,AXISBANK,2025-12-31 00:00:00,2026-01-26 13:14:18,26.0,ACTUAL_RESULT,,confirmed,OK,26,,,
event_classification,,,,AXISBANK_2026-03-31,AXISBANK,2026-03-31 00:00:00,2026-04-25 12:58:44,25.0,ACTUAL_RESULT,,confirmed,OK,25,,,
event_classification,,,,AXISBANK_2026-06-30,AXISBANK,2026-06-30 00:00:00,2026-07-18 11:24:12,18.0,ACTUAL_RESULT,,confirmed,OK,18,,,
event_classification,,,,BAJAJ-AUTO_2008-06-30,BAJAJ-AUTO,2008-06-30 00:00:00,2008-07-10 11:15:00,10.0,ACTUAL_RESULT,,confirmed,MULTIPLE_HUMAN_PRIMARY_RESULTS|DUPLICATE_DOCUMENT,10,,,
event_classification,,,,BAJAJ-AUTO_2008-09-30,BAJAJ-AUTO,2008-09-30 00:00:00,2008-10-23 14:07:00,23.0,ACTUAL_RESULT,,confirmed,DUPLICATE_DOCUMENT,23,,,
event_classification,,,,BAJAJ-AUTO_2008-12-31,BAJAJ-AUTO,2008-12-31 00:00:00,2009-01-16 13:54:00,16.0,ACTUAL_RESULT,,confirmed,DUPLICATE_DOCUMENT,16,,,
event_classification,,,,BAJAJ-AUTO_2009-03-31,BAJAJ-AUTO,2009-03-31 00:00:00,2009-05-21 13:46:00,51.0,ACTUAL_RESULT,,confirmed,MULTIPLE_HUMAN_PRIMARY_RESULTS|DUPLICATE_DOCUMENT,51,,,
event_classification,,,,BAJAJ-AUTO_2009-06-30,BAJAJ-AUTO,2009-06-30 00:00:00,2009-07-16 11:23:00,16.0,ACTUAL_RESULT,,confirmed,DUPLICATE_DOCUMENT,16,,,
event_classification,,,,BAJAJ-AUTO_2009-09-30,BAJAJ-AUTO,2009-09-30 00:00:00,2009-10-15 13:05:00,15.0,ACTUAL_RESULT,,confirmed,DUPLICATE_DOCUMENT,15,,,
event_classification,,,,BAJAJ-AUTO_2009-12-31,BAJAJ-AUTO,2009-12-31 00:00:00,2010-01-12 17:13:00,12.0,ACTUAL_RESULT,,confirmed,DUPLICATE_DOCUMENT,12,,,
event_classification,,,,BAJAJ-AUTO_2010-03-31,BAJAJ-AUTO,2010-03-31 00:00:00,2010-05-12 13:56:00,42.0,ACTUAL_RESULT,,confirmed,MULTIPLE_HUMAN_PRIMARY_RESULTS|DUPLICATE_DOCUMENT,42,,,
event_classification,,,,BAJAJ-AUTO_2010-06-30,BAJAJ-AUTO,2010-06-30 00:00:00,2010-07-22 11:18:00,22.0,ACTUAL_RESULT,,confirmed,OK,22,,,
event_classification,,,,BAJAJ-AUTO_2010-09-30,BAJAJ-AUTO,2010-09-30 00:00:00,2010-10-19 13:08:00,19.0,ACTUAL_RESULT,,confirmed,MULTIPLE_HUMAN_PRIMARY_RESULTS,19,,,
event_classification,,,,BAJAJ-AUTO_2010-12-31,BAJAJ-AUTO,2010-12-31 00:00:00,2011-01-19 13:24:00,19.0,ACTUAL_RESULT,,confirmed,MULTIPLE_HUMAN_PRIMARY_RESULTS,19,,,
event_classification,,,,BAJAJ-AUTO_2011-03-31,BAJAJ-AUTO,2011-03-31 00:00:00,2011-05-18 13:26:00,48.0,ACTUAL_RESULT,,confirmed,MULTIPLE_HUMAN_PRIMARY_RESULTS|DUPLICATE_DOCUMENT,48,,,
event_classification,,,,BAJAJ-AUTO_2011-06-30,BAJAJ-AUTO,2011-06-30 00:00:00,2011-07-14 11:19:00,14.0,ACTUAL_RESULT,,confirmed,MULTIPLE_HUMAN_PRIMARY_RESULTS,14,,,
event_classification,,,,BAJAJ-AUTO_2011-09-30,BAJAJ-AUTO,2011-09-30 00:00:00,2011-10-20 12:57:00,20.0,ACTUAL_RESULT,,confirmed,MULTIPLE_HUMAN_PRIMARY_RESULTS,20,,,
event_classification,,,,BAJAJ-AUTO_2011-12-31,BAJAJ-AUTO,2011-12-31 00:00:00,2012-01-19 12:43:00,19.0,ACTUAL_RESULT,,confirmed,MULTIPLE_HUMAN_PRIMARY_RESULTS,19,,,
event_classification,,,,BAJAJ-AUTO_2012-03-31,BAJAJ-AUTO,2012-03-31 00:00:00,2012-05-17 13:19:00,47.0,ACTUAL_RESULT,,confirmed,MULTIPLE_HUMAN_PRIMARY_RESULTS|DUPLICATE_DOCUMENT,47,,,
event_classification,,,,BAJAJ-AUTO_2012-06-30,BAJAJ-AUTO,2012-06-30 00:00:00,2012-07-18 11:31:00,18.0,ACTUAL_RESULT,,confirmed,MULTIPLE_HUMAN_PRIMARY_RESULTS,18,,,
event_classification,,,,BAJAJ-AUTO_2012-09-30,BAJAJ-AUTO,2012-09-30 00:00:00,2012-10-20 14:41:22,20.0,ACTUAL_RESULT,,confirmed,OK,20,,,
event_classification,,,,BAJAJ-AUTO_2012-12-31,BAJAJ-AUTO,2012-12-31 00:00:00,2013-01-16 13:11:00,16.0,ACTUAL_RESULT,,confirmed,MULTIPLE_HUMAN_PRIMARY_RESULTS,16,,,
event_classification,,,,BAJAJ-AUTO_2013-03-31,BAJAJ-AUTO,2013-03-31 00:00:00,2013-05-16 13:40:11,46.0,ACTUAL_RESULT,,confirmed,OK,46,,,
event_classification,,,,BAJAJ-AUTO_2013-06-30,BAJAJ-AUTO,2013-06-30 00:00:00,2013-07-19 11:13:00,19.0,ACTUAL_RESULT,,confirmed,MULTIPLE_HUMAN_PRIMARY_RESULTS,19,,,
event_classification,,,,BAJAJ-AUTO_2013-09-30,BAJAJ-AUTO,2013-09-30 00:00:00,2013-10-17 08:28:54,17.0,ACTUAL_RESULT,,confirmed,OK,17,,,
event_classification,,,,BAJAJ-AUTO_2013-12-31,BAJAJ-AUTO,2013-12-31 00:00:00,2014-01-16 12:35:02,16.0,ACTUAL_RESULT,,confirmed,MULTIPLE_HUMAN_PRIMARY_RESULTS,16,,,
event_classification,,,,BAJAJ-AUTO_2014-03-31,BAJAJ-AUTO,2014-03-31 00:00:00,2014-05-15 13:15:02,45.0,ACTUAL_RESULT,,confirmed,MULTIPLE_HUMAN_PRIMARY_RESULTS|DUPLICATE_DOCUMENT,45,,,
event_classification,,,,BAJAJ-AUTO_2014-06-30,BAJAJ-AUTO,2014-06-30 00:00:00,2014-07-17 11:47:02,17.0,ACTUAL_RESULT,,confirmed,OK,17,,,
event_classification,,,,BAJAJ-AUTO_2014-09-30,BAJAJ-AUTO,2014-09-30 00:00:00,2014-10-14 17:43:02,14.0,ACTUAL_RESULT,,confirmed,OK,14,,,
event_classification,,,,BAJAJ-AUTO_2014-12-31,BAJAJ-AUTO,2014-12-31 00:00:00,2015-01-15 13:11:02,15.0,ACTUAL_RESULT,,confirmed,OK,15,,,
event_classification,,,,BAJAJ-AUTO_2015-03-31,BAJAJ-AUTO,2015-03-31 00:00:00,2015-05-21 11:55:02,51.0,ACTUAL_RESULT,,confirmed,OK,51,,,
event_classification,,,,BAJAJ-AUTO_2015-06-30,BAJAJ-AUTO,2015-06-30 00:00:00,2015-07-23 11:18:54,23.0,ACTUAL_RESULT,,confirmed,OK,23,,,
event_classification,,,,BAJAJ-AUTO_2015-09-30,BAJAJ-AUTO,2015-09-30 00:00:00,2015-10-21 13:07:51,21.0,ACTUAL_RESULT,,confirmed,OK,21,,,
event_classification,,,,BAJAJ-AUTO_2015-12-31,BAJAJ-AUTO,2015-12-31 00:00:00,2016-02-04 13:20:34,35.0,ACTUAL_RESULT,,confirmed,OK,35,,,
event_classification,,,,BAJAJ-AUTO_2016-03-31,BAJAJ-AUTO,2016-03-31 00:00:00,2016-05-25 13:36:58,55.0,ACTUAL_RESULT,,confirmed,MULTIPLE_HUMAN_PRIMARY_RESULTS,55,,,
event_classification,,,,BAJAJ-AUTO_2016-06-30,BAJAJ-AUTO,2016-06-30 00:00:00,2016-07-27 12:18:01,27.0,ACTUAL_RESULT,,confirmed,UNCLASSIFIED_DOCUMENT,27,,,
event_classification,,,,BAJAJ-AUTO_2016-09-30,BAJAJ-AUTO,2016-09-30 00:00:00,2016-10-28 13:08:54,28.0,ACTUAL_RESULT,,confirmed,OK,28,,,
event_classification,,,,BAJAJ-AUTO_2016-12-31,BAJAJ-AUTO,2016-12-31 00:00:00,2017-01-31 12:58:31,31.0,ACTUAL_RESULT,,confirmed,OK,31,,,
event_classification,,,,BAJAJ-AUTO_2017-03-31,BAJAJ-AUTO,2017-03-31 00:00:00,2017-05-18 13:57:23,48.0,ACTUAL_RESULT,,confirmed,OK,48,,,
event_classification,,,,BAJAJ-AUTO_2017-06-30,BAJAJ-AUTO,2017-06-30 00:00:00,2017-07-20 12:25:30,20.0,ACTUAL_RESULT,,confirmed,OK,20,,,
event_classification,,,,BAJAJ-AUTO_2017-09-30,BAJAJ-AUTO,2017-09-30 00:00:00,2017-10-17 13:08:19,17.0,ACTUAL_RESULT,,confirmed,OK,17,,,
event_classification,,,,BAJAJ-AUTO_2017-12-31,BAJAJ-AUTO,2017-12-31 00:00:00,2018-02-02 13:41:02,33.0,ACTUAL_RESULT,,confirmed,OK,33,,,
event_classification,,,,BAJAJ-AUTO_2018-03-31,BAJAJ-AUTO,2018-03-31 00:00:00,2018-05-18 14:07:12,48.0,ACTUAL_RESULT,,confirmed,OK,48,,,
event_classification,,,,BAJAJ-AUTO_2018-06-30,BAJAJ-AUTO,2018-06-30 00:00:00,2018-07-20 12:25:11,20.0,ACTUAL_RESULT,,confirmed,MULTIPLE_HUMAN_PRIMARY_RESULTS|HUMAN_PRIMARY_RESULT_BEFORE_PERIOD_END,20,,,
event_classification,,,,BAJAJ-AUTO_2018-09-30,BAJAJ-AUTO,2018-09-30 00:00:00,2018-10-24 13:59:14,24.0,ACTUAL_RESULT,,confirmed,OK,24,,,
event_classification,,,,BAJAJ-AUTO_2018-12-31,BAJAJ-AUTO,2018-12-31 00:00:00,2019-01-30 14:10:25,30.0,ACTUAL_RESULT,,confirmed,OK,30,,,
event_classification,,,,BAJAJ-AUTO_2019-03-31,BAJAJ-AUTO,2019-03-31 00:00:00,2019-05-17 14:53:04,47.0,ACTUAL_RESULT,,confirmed,OK,47,,,
event_classification,,,,BAJAJ-AUTO_2019-06-30,BAJAJ-AUTO,2019-06-30 00:00:00,2019-07-26 12:26:34,26.0,ACTUAL_RESULT,,confirmed,OK,26,,,
event_classification,,,,BAJAJ-AUTO_2019-09-30,BAJAJ-AUTO,2019-09-30 00:00:00,2019-10-23 13:10:49,23.0,ACTUAL_RESULT,,confirmed,OK,23,,,
event_classification,,,,BAJAJ-AUTO_2019-12-31,BAJAJ-AUTO,2019-12-31 00:00:00,2020-01-30 13:10:19,30.0,ACTUAL_RESULT,,confirmed,OK,30,,,
event_classification,,,,BAJAJ-AUTO_2020-03-31,BAJAJ-AUTO,2020-03-31 00:00:00,2020-05-20 17:44:41,50.0,ACTUAL_RESULT,,confirmed,OK,50,,,
event_classification,,,,BAJAJ-AUTO_2020-06-30,BAJAJ-AUTO,2020-06-30 00:00:00,2020-07-22 12:01:59,22.0,ACTUAL_RESULT,,confirmed,OK,22,,,
event_classification,,,,BAJAJ-AUTO_2020-09-30,BAJAJ-AUTO,2020-09-30 00:00:00,2020-10-22 13:04:31,22.0,ACTUAL_RESULT,,confirmed,OK,22,,,
event_classification,,,,BAJAJ-AUTO_2020-12-31,BAJAJ-AUTO,2020-12-31 00:00:00,2021-01-21 14:32:42,21.0,ACTUAL_RESULT,,confirmed,OK,21,,,
event_classification,,,,BAJAJ-AUTO_2021-03-31,BAJAJ-AUTO,2021-03-31 00:00:00,2021-04-29 17:16:46,29.0,ACTUAL_RESULT,,confirmed,OK,29,,,
event_classification,,,,BAJAJ-AUTO_2021-06-30,BAJAJ-AUTO,2021-06-30 00:00:00,2021-07-22 12:18:34,22.0,ACTUAL_RESULT,,confirmed,OK,22,,,
event_classification,,,,BAJAJ-AUTO_2021-09-30,BAJAJ-AUTO,2021-09-30 00:00:00,2021-10-27 17:50:41,27.0,ACTUAL_RESULT,,confirmed,OK,27,,,
event_classification,,,,BAJAJ-AUTO_2021-12-31,BAJAJ-AUTO,2021-12-31 00:00:00,2022-01-19 17:38:25,19.0,ACTUAL_RESULT,,confirmed,OK,19,,,
event_classification,,,,BAJAJ-AUTO_2022-03-31,BAJAJ-AUTO,2022-03-31 00:00:00,2022-04-27 17:23:26,27.0,ACTUAL_RESULT,,confirmed,OK,27,,,
event_classification,,,,BAJAJ-AUTO_2022-06-30,BAJAJ-AUTO,2022-06-30 00:00:00,NaT,,UNCERTAIN,,no_primary_result,MISSING_RESULT,,,,
event_classification,,,,BAJAJ-AUTO_2022-09-30,BAJAJ-AUTO,2022-09-30 00:00:00,NaT,,UNCERTAIN,,no_primary_result,MISSING_RESULT,,,,
event_classification,,,,BAJAJ-AUTO_2022-12-31,BAJAJ-AUTO,2022-12-31 00:00:00,2023-01-25 15:28:18,25.0,ACTUAL_RESULT,,confirmed,OK,25,,,
event_classification,,,,BAJAJ-AUTO_2023-03-31,BAJAJ-AUTO,2023-03-31 00:00:00,2023-04-25 17:21:03,25.0,ACTUAL_RESULT,,confirmed,OK,25,,,
event_classification,,,,BAJAJ-AUTO_2023-06-30,BAJAJ-AUTO,2023-06-30 00:00:00,2023-07-25 13:23:00,25.0,ACTUAL_RESULT,,confirmed,OK,25,,,
event_classification,,,,BAJAJ-AUTO_2023-09-30,BAJAJ-AUTO,2023-09-30 00:00:00,2023-10-18 16:49:19,18.0,ACTUAL_RESULT,,confirmed,OK,18,,,
event_classification,,,,BAJAJ-AUTO_2023-12-31,BAJAJ-AUTO,2023-12-31 00:00:00,2024-01-24 16:05:12,24.0,ACTUAL_RESULT,,confirmed,OK,24,,,
event_classification,,,,BAJAJ-AUTO_2024-03-31,BAJAJ-AUTO,2024-03-31 00:00:00,2024-04-18 16:42:32,18.0,ACTUAL_RESULT,,confirmed,OK,18,,,
event_classification,,,,BAJAJ-AUTO_2024-06-30,BAJAJ-AUTO,2024-06-30 00:00:00,2024-07-16 13:41:11,16.0,ACTUAL_RESULT,,confirmed,OK,16,,,
event_classification,,,,BAJAJ-AUTO_2024-09-30,BAJAJ-AUTO,2024-09-30 00:00:00,2024-10-16 16:27:09,16.0,ACTUAL_RESULT,,confirmed,MULTIPLE_HUMAN_PRIMARY_RESULTS,16,,,
event_classification,,,,BAJAJ-AUTO_2024-12-31,BAJAJ-AUTO,2024-12-31 00:00:00,2025-01-28 17:50:49,28.0,ACTUAL_RESULT,,confirmed,MULTIPLE_HUMAN_PRIMARY_RESULTS,28,,,
event_classification,,,,BAJAJ-AUTO_2025-03-31,BAJAJ-AUTO,2025-03-31 00:00:00,2025-05-29 18:02:41,59.0,ACTUAL_RESULT,,confirmed,OK,59,,,
event_classification,,,,BAJAJ-AUTO_2025-06-30,BAJAJ-AUTO,2025-06-30 00:00:00,2025-08-06 12:17:32,37.0,ACTUAL_RESULT,,confirmed,OK,37,,,
event_classification,,,,BAJAJ-AUTO_2025-09-30,BAJAJ-AUTO,2025-09-30 00:00:00,2025-11-07 17:03:28,38.0,ACTUAL_RESULT,,confirmed,UNCLASSIFIED_DOCUMENT|MANY_PRE_ANNOUNCEMENTS,38,,,
event_classification,,,,BAJAJ-AUTO_2025-12-31,BAJAJ-AUTO,2025-12-31 00:00:00,2026-01-30 16:29:45,30.0,ACTUAL_RESULT,,confirmed,OK,30,,,
event_classification,,,,BAJAJ-AUTO_2026-03-31,BAJAJ-AUTO,2026-03-31 00:00:00,2026-05-06 18:27:38,36.0,ACTUAL_RESULT,,confirmed,MANY_PRE_ANNOUNCEMENTS,36,,,
event_classification,,,,BAJAJ-AUTO_2026-06-30,BAJAJ-AUTO,2026-06-30 00:00:00,2026-07-21 12:43:08,21.0,ACTUAL_RESULT,,confirmed,OK,21,,,
event_classification,,,,BAJAJ-AUTO_2026-09-30,BAJAJ-AUTO,2026-09-30 00:00:00,NaT,,UNCERTAIN,,no_primary_result,MISSING_RESULT,,,,
event_classification,,,,BAJAJFINSV_2008-09-30,BAJAJFINSV,2008-09-30 00:00:00,NaT,,UNCERTAIN,,no_primary_result,MISSING_RESULT,,,,
event_classification,,,,BAJAJFINSV_2008-12-31,BAJAJFINSV,2008-12-31 00:00:00,NaT,,UNCERTAIN,,no_primary_result,MISSING_RESULT,,,,
event_classification,,,,BAJAJFINSV_2009-03-31,BAJAJFINSV,2009-03-31 00:00:00,NaT,,UNCERTAIN,,no_primary_result,MISSING_RESULT|DUPLICATE_DOCUMENT,,,,
event_classification,,,,BAJAJFINSV_2009-06-30,BAJAJFINSV,2009-06-30 00:00:00,NaT,,UNCERTAIN,,no_primary_result,MISSING_RESULT,,,,
event_classification,,,,BAJAJFINSV_2009-09-30,BAJAJFINSV,2009-09-30 00:00:00,NaT,,UNCERTAIN,,no_primary_result,MISSING_RESULT,,,,
event_classification,,,,BAJAJFINSV_2009-12-31,BAJAJFINSV,2009-12-31 00:00:00,NaT,,UNCERTAIN,,no_primary_result,MISSING_RESULT,,,,
event_classification,,,,BAJAJFINSV_2010-03-31,BAJAJFINSV,2010-03-31 00:00:00,2010-04-12 10:24:00,12.0,ACTUAL_RESULT,,confirmed,DUPLICATE_DOCUMENT,12,,,
event_classification,,,,BAJAJFINSV_2010-06-30,BAJAJFINSV,2010-06-30 00:00:00,NaT,,UNCERTAIN,,no_primary_result,MISSING_RESULT,,,,
event_classification,,,,BAJAJFINSV_2010-09-30,BAJAJFINSV,2010-09-30 00:00:00,2010-10-18 16:54:45,18.0,ACTUAL_RESULT,,confirmed,OK,18,,,
event_classification,,,,BAJAJFINSV_2010-12-31,BAJAJFINSV,2010-12-31 00:00:00,2011-01-18 15:43:19,18.0,ACTUAL_RESULT,,confirmed,OK,18,,,
event_classification,,,,BAJAJFINSV_2011-03-31,BAJAJFINSV,2011-03-31 00:00:00,2011-05-17 16:06:17,47.0,ACTUAL_RESULT,,confirmed,MULTIPLE_HUMAN_PRIMARY_RESULTS,47,,,
event_classification,,,,BAJAJFINSV_2011-06-30,BAJAJFINSV,2011-06-30 00:00:00,2011-07-13 15:30:50,13.0,ACTUAL_RESULT,,confirmed,OK,13,,,
event_classification,,,,BAJAJFINSV_2011-09-30,BAJAJFINSV,2011-09-30 00:00:00,2011-10-19 16:05:00,19.0,ACTUAL_RESULT,,confirmed,OK,19,,,
event_classification,,,,BAJAJFINSV_2011-12-31,BAJAJFINSV,2011-12-31 00:00:00,2012-01-18 16:07:51,18.0,ACTUAL_RESULT,,confirmed,OK,18,,,
event_classification,,,,BAJAJFINSV_2012-03-31,BAJAJFINSV,2012-03-31 00:00:00,2012-05-16 16:15:28,46.0,ACTUAL_RESULT,,confirmed,OK,46,,,
event_classification,,,,BAJAJFINSV_2012-06-30,BAJAJFINSV,2012-06-30 00:00:00,2012-07-17 15:27:42,17.0,ACTUAL_RESULT,,confirmed,OK,17,,,
event_classification,,,,BAJAJFINSV_2012-09-30,BAJAJFINSV,2012-09-30 00:00:00,2012-10-19 15:13:50,19.0,ACTUAL_RESULT,,confirmed,OK,19,,,
event_classification,,,,BAJAJFINSV_2012-12-31,BAJAJFINSV,2012-12-31 00:00:00,2013-01-15 15:45:00,15.0,ACTUAL_RESULT,,confirmed,MULTIPLE_HUMAN_PRIMARY_RESULTS,15,,,
event_classification,,,,BAJAJFINSV_2013-03-31,BAJAJFINSV,2013-03-31 00:00:00,2013-05-15 16:54:28,45.0,ACTUAL_RESULT,,confirmed,OK,45,,,
event_classification,,,,BAJAJFINSV_2013-06-30,BAJAJFINSV,2013-06-30 00:00:00,2013-07-18 15:31:36,18.0,ACTUAL_RESULT,,confirmed,OK,18,,,
event_classification,,,,BAJAJFINSV_2013-09-30,BAJAJFINSV,2013-09-30 00:00:00,2013-10-15 15:11:02,15.0,ACTUAL_RESULT,,confirmed,MULTIPLE_HUMAN_PRIMARY_RESULTS,15,,,
event_classification,,,,BAJAJFINSV_2013-12-31,BAJAJFINSV,2013-12-31 00:00:00,2014-01-15 15:27:02,15.0,ACTUAL_RESULT,,confirmed,OK,15,,,
event_classification,,,,BAJAJFINSV_2014-03-31,BAJAJFINSV,2014-03-31 00:00:00,2014-05-14 16:11:01,44.0,ACTUAL_RESULT,,confirmed,OK,44,,,
event_classification,,,,BAJAJFINSV_2014-06-30,BAJAJFINSV,2014-06-30 00:00:00,2014-07-16 15:15:03,16.0,ACTUAL_RESULT,,confirmed,OK,16,,,
event_classification,,,,BAJAJFINSV_2014-09-30,BAJAJFINSV,2014-09-30 00:00:00,2014-10-14 15:03:02,14.0,ACTUAL_RESULT,,confirmed,OK,14,,,
event_classification,,,,BAJAJFINSV_2014-12-31,BAJAJFINSV,2014-12-31 00:00:00,2015-01-14 15:51:02,14.0,ACTUAL_RESULT,,confirmed,OK,14,,,
event_classification,,,,BAJAJFINSV_2015-03-31,BAJAJFINSV,2015-03-31 00:00:00,2015-05-20 16:15:03,50.0,ACTUAL_RESULT,,confirmed,OK,50,,,
event_classification,,,,BAJAJFINSV_2015-06-30,BAJAJFINSV,2015-06-30 00:00:00,2015-07-22 15:40:09,22.0,ACTUAL_RESULT,,confirmed,OK,22,,,
event_classification,,,,BAJAJFINSV_2015-09-30,BAJAJFINSV,2015-09-30 00:00:00,2015-10-20 15:37:01,20.0,ACTUAL_RESULT,,confirmed,OK,20,,,
event_classification,,,,BAJAJFINSV_2015-12-31,BAJAJFINSV,2015-12-31 00:00:00,2016-02-03 16:24:55,34.0,ACTUAL_RESULT,,confirmed,OK,34,,,
event_classification,,,,BAJAJFINSV_2016-03-31,BAJAJFINSV,2016-03-31 00:00:00,2016-05-24 16:49:18,54.0,ACTUAL_RESULT,,confirmed,UNCLASSIFIED_DOCUMENT,54,,,
event_classification,,,,BAJAJFINSV_2016-06-30,BAJAJFINSV,2016-06-30 00:00:00,2016-07-26 15:29:22,26.0,ACTUAL_RESULT,,confirmed,MULTIPLE_HUMAN_PRIMARY_RESULTS,26,,,
event_classification,,,,BAJAJFINSV_2016-09-30,BAJAJFINSV,2016-09-30 00:00:00,2016-10-27 16:09:33,27.0,ACTUAL_RESULT,,confirmed,OK,27,,,
event_classification,,,,BAJAJFINSV_2016-12-31,BAJAJFINSV,2016-12-31 00:00:00,2017-01-30 15:34:57,30.0,ACTUAL_RESULT,,confirmed,OK,30,,,
event_classification,,,,BAJAJFINSV_2017-03-31,BAJAJFINSV,2017-03-31 00:00:00,2017-05-17 18:26:18,47.0,ACTUAL_RESULT,,confirmed,OK,47,,,
event_classification,,,,BAJAJFINSV_2017-06-30,BAJAJFINSV,2017-06-30 00:00:00,2017-07-19 16:23:36,19.0,ACTUAL_RESULT,,confirmed,OK,19,,,
event_classification,,,,BAJAJFINSV_2017-09-30,BAJAJFINSV,2017-09-30 00:00:00,2017-10-16 16:09:53,16.0,ACTUAL_RESULT,,confirmed,OK,16,,,
event_classification,,,,BAJAJFINSV_2017-12-31,BAJAJFINSV,2017-12-31 00:00:00,2018-02-01 16:41:09,32.0,ACTUAL_RESULT,,confirmed,OK,32,,,
event_classification,,,,BAJAJFINSV_2018-03-31,BAJAJFINSV,2018-03-31 00:00:00,2018-05-17 17:30:46,47.0,ACTUAL_RESULT,,confirmed,OK,47,,,
event_classification,,,,BAJAJFINSV_2018-06-30,BAJAJFINSV,2018-06-30 00:00:00,2018-07-19 16:28:25,19.0,ACTUAL_RESULT,,confirmed,OK,19,,,
event_classification,,,,BAJAJFINSV_2018-09-30,BAJAJFINSV,2018-09-30 00:00:00,2018-10-23 16:39:38,23.0,ACTUAL_RESULT,,confirmed,OK,23,,,
event_classification,,,,BAJAJFINSV_2018-12-31,BAJAJFINSV,2018-12-31 00:00:00,2019-01-29 16:49:56,29.0,ACTUAL_RESULT,,confirmed,MULTIPLE_HUMAN_PRIMARY_RESULTS,29,,,
event_classification,,,,BAJAJFINSV_2019-03-31,BAJAJFINSV,2019-03-31 00:00:00,2019-05-16 19:03:23,46.0,ACTUAL_RESULT,,confirmed,UNCLASSIFIED_DOCUMENT,46,,,
event_classification,,,,BAJAJFINSV_2019-06-30,BAJAJFINSV,2019-06-30 00:00:00,2019-07-25 16:15:00,25.0,ACTUAL_RESULT,,confirmed,OK,25,,,
event_classification,,,,BAJAJFINSV_2019-09-30,BAJAJFINSV,2019-09-30 00:00:00,2019-10-22 16:02:17,22.0,ACTUAL_RESULT,,confirmed,MULTIPLE_HUMAN_PRIMARY_RESULTS,22,,,
event_classification,,,,BAJAJFINSV_2019-12-31,BAJAJFINSV,2019-12-31 00:00:00,2020-01-29 16:28:39,29.0,ACTUAL_RESULT,,confirmed,MULTIPLE_HUMAN_PRIMARY_RESULTS,29,,,
event_classification,,,,BAJAJFINSV_2020-03-31,BAJAJFINSV,2020-03-31 00:00:00,2020-05-21 13:31:37,51.0,ACTUAL_RESULT,,confirmed,OK,51,,,
event_classification,,,,BAJAJFINSV_2020-06-30,BAJAJFINSV,2020-06-30 00:00:00,2020-07-21 16:40:23,21.0,ACTUAL_RESULT,,confirmed,OK,21,,,
event_classification,,,,BAJAJFINSV_2020-09-30,BAJAJFINSV,2020-09-30 00:00:00,2020-10-21 17:44:30,21.0,ACTUAL_RESULT,,confirmed,OK,21,,,
event_classification,,,,BAJAJFINSV_2020-12-31,BAJAJFINSV,2020-12-31 00:00:00,2021-01-20 17:44:49,20.0,ACTUAL_RESULT,,confirmed,OK,20,,,
event_classification,,,,BAJAJFINSV_2021-03-31,BAJAJFINSV,2021-03-31 00:00:00,2021-04-28 12:28:40,28.0,ACTUAL_RESULT,,confirmed,OK,28,,,
event_classification,,,,BAJAJFINSV_2021-06-30,BAJAJFINSV,2021-06-30 00:00:00,2021-07-21 12:30:11,21.0,ACTUAL_RESULT,,confirmed,OK,21,,,
event_classification,,,,BAJAJFINSV_2021-09-30,BAJAJFINSV,2021-09-30 00:00:00,2021-10-28 12:40:45,28.0,ACTUAL_RESULT,,confirmed,OK,28,,,
event_classification,,,,BAJAJFINSV_2021-12-31,BAJAJFINSV,2021-12-31 00:00:00,2022-01-20 14:06:51,20.0,ACTUAL_RESULT,,confirmed,OK,20,,,
event_classification,,,,BAJAJFINSV_2022-03-31,BAJAJFINSV,2022-03-31 00:00:00,2022-04-28 13:44:17,28.0,ACTUAL_RESULT,,confirmed,OK,28,,,
event_classification,,,,BAJAJFINSV_2022-06-30,BAJAJFINSV,2022-06-30 00:00:00,NaT,,UNCERTAIN,,no_primary_result,MISSING_RESULT,,,,
event_classification,,,,BAJAJFINSV_2022-09-30,BAJAJFINSV,2022-09-30 00:00:00,NaT,,UNCERTAIN,,no_primary_result,MISSING_RESULT,,,,
event_classification,,,,BAJAJFINSV_2022-12-31,BAJAJFINSV,2022-12-31 00:00:00,2023-01-30 12:58:17,30.0,ACTUAL_RESULT,,confirmed,OK,30,,,
event_classification,,,,BAJAJFINSV_2023-03-31,BAJAJFINSV,2023-03-31 00:00:00,2023-04-27 13:24:01,27.0,ACTUAL_RESULT,,confirmed,UNCLASSIFIED_DOCUMENT,27,,,
event_classification,,,,BAJAJFINSV_2023-06-30,BAJAJFINSV,2023-06-30 00:00:00,2023-07-27 11:42:38,27.0,ACTUAL_RESULT,,confirmed,OK,27,,,
event_classification,,,,BAJAJFINSV_2023-09-30,BAJAJFINSV,2023-09-30 00:00:00,2023-10-27 13:11:28,27.0,ACTUAL_RESULT,,confirmed,OK,27,,,
event_classification,,,,BAJAJFINSV_2023-12-31,BAJAJFINSV,2023-12-31 00:00:00,2024-01-30 12:57:53,30.0,ACTUAL_RESULT,,confirmed,OK,30,,,
event_classification,,,,BAJAJFINSV_2024-03-31,BAJAJFINSV,2024-03-31 00:00:00,2024-04-26 14:03:24,26.0,ACTUAL_RESULT,,confirmed,OK,26,,,
event_classification,,,,BAJAJFINSV_2024-06-30,BAJAJFINSV,2024-06-30 00:00:00,2024-07-24 12:08:34,24.0,ACTUAL_RESULT,,confirmed,OK,24,,,
event_classification,,,,BAJAJFINSV_2024-09-30,BAJAJFINSV,2024-09-30 00:00:00,2024-10-23 13:31:31,23.0,ACTUAL_RESULT,,confirmed,OK,23,,,
event_classification,,,,BAJAJFINSV_2024-12-31,BAJAJFINSV,2024-12-31 00:00:00,2025-01-30 12:54:24,30.0,ACTUAL_RESULT,,confirmed,OK,30,,,
event_classification,,,,BAJAJFINSV_2025-06-30,BAJAJFINSV,2025-06-30 00:00:00,2025-07-25 12:03:36,25.0,ACTUAL_RESULT,,confirmed,OK,25,,,
event_classification,,,,BAJAJFINSV_2025-09-30,BAJAJFINSV,2025-09-30 00:00:00,2025-11-11 13:48:50,42.0,ACTUAL_RESULT,,confirmed,OK,42,,,
event_classification,,,,BAJAJFINSV_2025-12-31,BAJAJFINSV,2025-12-31 00:00:00,2026-02-04 13:20:02,35.0,ACTUAL_RESULT,,confirmed,OK,35,,,
event_classification,,,,BAJAJFINSV_2026-03-31,BAJAJFINSV,2026-03-31 00:00:00,2026-04-30 14:14:41,30.0,ACTUAL_RESULT,,confirmed,OK,30,,,
event_classification,,,,BAJAJFINSV_2026-06-30,BAJAJFINSV,2026-06-30 00:00:00,2026-07-31 11:56:45,31.0,ACTUAL_RESULT,,confirmed,OK,31,,,
event_classification,,,,BAJFINANCE_2005-03-31,BAJFINANCE,2005-03-31 00:00:00,NaT,,UNCERTAIN,,no_primary_result,MISSING_RESULT,,,,
event_classification,,,,BAJFINANCE_2005-09-30,BAJFINANCE,2005-09-30 00:00:00,NaT,,UNCERTAIN,,no_primary_result,MISSING_RESULT|DUPLICATE_DOCUMENT,,,,
event_classification,,,,BAJFINANCE_2005-12-31,BAJFINANCE,2005-12-31 00:00:00,NaT,,UNCERTAIN,,no_primary_result,MISSING_RESULT|DUPLICATE_DOCUMENT,,,,
event_classification,,,,BAJFINANCE_2006-03-31,BAJFINANCE,2006-03-31 00:00:00,NaT,,UNCERTAIN,,no_primary_result,MISSING_RESULT,,,,
event_classification,,,,BAJFINANCE_2006-06-30,BAJFINANCE,2006-06-30 00:00:00,NaT,,UNCERTAIN,,no_primary_result,MISSING_RESULT|DUPLICATE_DOCUMENT,,,,
event_classification,,,,BAJFINANCE_2006-12-31,BAJFINANCE,2006-12-31 00:00:00,NaT,,UNCERTAIN,,no_primary_result,MISSING_RESULT|DUPLICATE_DOCUMENT,,,,
event_classification,,,,BAJFINANCE_2007-03-31,BAJFINANCE,2007-03-31 00:00:00,2007-04-18 10:28:00,18.0,ACTUAL_RESULT,,confirmed,DUPLICATE_DOCUMENT,18,,,
event_classification,,,,BAJFINANCE_2007-06-30,BAJFINANCE,2007-06-30 00:00:00,NaT,,UNCERTAIN,,no_primary_result,MISSING_RESULT,,,,
event_classification,,,,BAJFINANCE_2007-09-30,BAJFINANCE,2007-09-30 00:00:00,NaT,,UNCERTAIN,,no_primary_result,MISSING_RESULT,,,,
event_classification,,,,BAJFINANCE_2007-12-31,BAJFINANCE,2007-12-31 00:00:00,NaT,,UNCERTAIN,,no_primary_result,MISSING_RESULT,,,,
event_classification,,,,BAJFINANCE_2008-03-31,BAJFINANCE,2008-03-31 00:00:00,2008-04-07 09:31:00,7.0,ACTUAL_RESULT,,confirmed,MULTIPLE_HUMAN_PRIMARY_RESULTS|DUPLICATE_DOCUMENT,7,,,
event_classification,,,,BAJFINANCE_2008-06-30,BAJFINANCE,2008-06-30 00:00:00,NaT,,UNCERTAIN,,no_primary_result,MISSING_RESULT,,,,
event_classification,,,,BAJFINANCE_2008-12-31,BAJFINANCE,2008-12-31 00:00:00,NaT,,UNCERTAIN,,no_primary_result,MISSING_RESULT,,,,
event_classification,,,,BAJFINANCE_2009-03-31,BAJFINANCE,2009-03-31 00:00:00,2009-04-08 10:23:00,8.0,ACTUAL_RESULT,,confirmed,DUPLICATE_DOCUMENT,8,,,
event_classification,,,,BAJFINANCE_2009-06-30,BAJFINANCE,2009-06-30 00:00:00,NaT,,UNCERTAIN,,no_primary_result,MISSING_RESULT,,,,
event_classification,,,,BAJFINANCE_2009-09-30,BAJFINANCE,2009-09-30 00:00:00,NaT,,UNCERTAIN,,no_primary_result,MISSING_RESULT,,,,
event_classification,,,,BAJFINANCE_2009-12-31,BAJFINANCE,2009-12-31 00:00:00,NaT,,UNCERTAIN,,no_primary_result,MISSING_RESULT,,,,
event_classification,,,,BAJFINANCE_2010-03-31,BAJFINANCE,2010-03-31 00:00:00,NaT,,UNCERTAIN,,no_primary_result,MISSING_RESULT|DUPLICATE_DOCUMENT,,,,
event_classification,,,,BAJFINANCE_2010-06-30,BAJFINANCE,2010-06-30 00:00:00,NaT,,UNCERTAIN,,no_primary_result,MISSING_RESULT,,,,
event_classification,,,,BAJFINANCE_2010-09-30,BAJFINANCE,2010-09-30 00:00:00,2010-10-18 13:28:31,18.0,ACTUAL_RESULT,,confirmed,OK,18,,,
event_classification,,,,BAJFINANCE_2010-12-31,BAJFINANCE,2010-12-31 00:00:00,2011-01-18 12:40:31,18.0,ACTUAL_RESULT,,confirmed,OK,18,,,
event_classification,,,,BAJFINANCE_2011-03-31,BAJFINANCE,2011-03-31 00:00:00,2011-05-17 13:46:05,47.0,ACTUAL_RESULT,,confirmed,OK,47,,,
event_classification,,,,BAJFINANCE_2011-06-30,BAJFINANCE,2011-06-30 00:00:00,2011-07-13 12:12:36,13.0,ACTUAL_RESULT,,confirmed,DUPLICATE_DOCUMENT,13,,,
event_classification,,,,BAJFINANCE_2011-09-30,BAJFINANCE,2011-09-30 00:00:00,2011-10-19 12:49:29,19.0,ACTUAL_RESULT,,confirmed,UNCLASSIFIED_DOCUMENT,19,,,
event_classification,,,,BAJFINANCE_2011-12-31,BAJFINANCE,2011-12-31 00:00:00,2012-01-18 12:51:35,18.0,ACTUAL_RESULT,,confirmed,OK,18,,,
event_classification,,,,BAJFINANCE_2012-03-31,BAJFINANCE,2012-03-31 00:00:00,2012-05-16 14:10:28,46.0,ACTUAL_RESULT,,confirmed,OK,46,,,
event_classification,,,,BAJFINANCE_2012-06-30,BAJFINANCE,2012-06-30 00:00:00,2012-07-17 11:39:39,17.0,ACTUAL_RESULT,,confirmed,OK,17,,,
event_classification,,,,BAJFINANCE_2012-09-30,BAJFINANCE,2012-09-30 00:00:00,2012-10-19 13:08:13,19.0,ACTUAL_RESULT,,confirmed,OK,19,,,
event_classification,,,,BAJFINANCE_2012-12-31,BAJFINANCE,2012-12-31 00:00:00,2013-01-15 13:32:32,15.0,ACTUAL_RESULT,,confirmed,OK,15,,,
event_classification,,,,BAJFINANCE_2013-03-31,BAJFINANCE,2013-03-31 00:00:00,2013-05-15 13:09:54,45.0,ACTUAL_RESULT,,confirmed,OK,45,,,
event_classification,,,,BAJFINANCE_2013-06-30,BAJFINANCE,2013-06-30 00:00:00,2013-07-18 11:32:51,18.0,ACTUAL_RESULT,,confirmed,OK,18,,,
event_classification,,,,BAJFINANCE_2013-09-30,BAJFINANCE,2013-09-30 00:00:00,2013-10-15 12:51:02,15.0,ACTUAL_RESULT,,confirmed,OK,15,,,
event_classification,,,,BAJFINANCE_2013-12-31,BAJFINANCE,2013-12-31 00:00:00,2014-01-15 12:23:02,15.0,ACTUAL_RESULT,,confirmed,OK,15,,,
event_classification,,,,BAJFINANCE_2014-03-31,BAJFINANCE,2014-03-31 00:00:00,2014-05-14 14:51:02,44.0,ACTUAL_RESULT,,confirmed,OK,44,,,
event_classification,,,,BAJFINANCE_2014-06-30,BAJFINANCE,2014-06-30 00:00:00,2014-07-16 12:07:02,16.0,ACTUAL_RESULT,,confirmed,OK,16,,,
event_classification,,,,BAJFINANCE_2014-09-30,BAJFINANCE,2014-09-30 00:00:00,2014-10-14 12:59:02,14.0,ACTUAL_RESULT,,confirmed,OK,14,,,
event_classification,,,,BAJFINANCE_2014-12-31,BAJFINANCE,2014-12-31 00:00:00,2015-01-14 13:35:02,14.0,ACTUAL_RESULT,,confirmed,OK,14,,,
event_classification,,,,BAJFINANCE_2015-03-31,BAJFINANCE,2015-03-31 00:00:00,2015-05-20 13:23:02,50.0,ACTUAL_RESULT,,confirmed,OK,50,,,
event_classification,,,,BAJFINANCE_2015-06-30,BAJFINANCE,2015-06-30 00:00:00,2015-07-22 11:52:45,22.0,ACTUAL_RESULT,,confirmed,OK,22,,,
event_classification,,,,BAJFINANCE_2015-09-30,BAJFINANCE,2015-09-30 00:00:00,2015-10-20 13:05:58,20.0,ACTUAL_RESULT,,confirmed,OK,20,,,
event_classification,,,,BAJFINANCE_2015-12-31,BAJFINANCE,2015-12-31 00:00:00,2016-02-03 13:48:15,34.0,ACTUAL_RESULT,,confirmed,OK,34,,,
event_classification,,,,BAJFINANCE_2016-03-31,BAJFINANCE,2016-03-31 00:00:00,2016-05-24 16:50:22,54.0,ACTUAL_RESULT,,confirmed,MULTIPLE_HUMAN_PRIMARY_RESULTS,54,,,
event_classification,,,,BAJFINANCE_2016-06-30,BAJFINANCE,2016-06-30 00:00:00,2016-07-26 14:08:40,26.0,ACTUAL_RESULT,,confirmed,OK,26,,,
event_classification,,,,BAJFINANCE_2016-09-30,BAJFINANCE,2016-09-30 00:00:00,2016-10-27 13:58:31,27.0,ACTUAL_RESULT,,confirmed,OK,27,,,
event_classification,,,,BAJFINANCE_2016-12-31,BAJFINANCE,2016-12-31 00:00:00,2017-01-30 12:51:36,30.0,ACTUAL_RESULT,,confirmed,OK,30,,,
event_classification,,,,BAJFINANCE_2017-03-31,BAJFINANCE,2017-03-31 00:00:00,2017-05-17 14:31:21,47.0,ACTUAL_RESULT,,confirmed,OK,47,,,
event_classification,,,,BAJFINANCE_2017-06-30,BAJFINANCE,2017-06-30 00:00:00,2017-07-19 12:17:45,19.0,ACTUAL_RESULT,,confirmed,OK,19,,,
event_classification,,,,BAJFINANCE_2017-09-30,BAJFINANCE,2017-09-30 00:00:00,2017-10-16 13:28:15,16.0,ACTUAL_RESULT,,confirmed,OK,16,,,
event_classification,,,,BAJFINANCE_2017-12-31,BAJFINANCE,2017-12-31 00:00:00,2018-02-01 14:18:38,32.0,ACTUAL_RESULT,,confirmed,OK,32,,,
event_classification,,,,BAJFINANCE_2018-03-31,BAJFINANCE,2018-03-31 00:00:00,2018-05-17 14:05:15,47.0,ACTUAL_RESULT,,confirmed,OK,47,,,
event_classification,,,,BAJFINANCE_2018-06-30,BAJFINANCE,2018-06-30 00:00:00,2018-07-19 12:20:08,19.0,ACTUAL_RESULT,,confirmed,OK,19,,,
event_classification,,,,BAJFINANCE_2018-09-30,BAJFINANCE,2018-09-30 00:00:00,2018-10-23 13:49:45,23.0,ACTUAL_RESULT,,confirmed,OK,23,,,
event_classification,,,,BAJFINANCE_2018-12-31,BAJFINANCE,2018-12-31 00:00:00,2019-01-29 14:14:44,29.0,ACTUAL_RESULT,,confirmed,OK,29,,,
event_classification,,,,BAJFINANCE_2019-03-31,BAJFINANCE,2019-03-31 00:00:00,2019-05-16 14:27:25,46.0,ACTUAL_RESULT,,confirmed,OK,46,,,
event_classification,,,,BAJFINANCE_2019-06-30,BAJFINANCE,2019-06-30 00:00:00,2019-07-25 12:23:23,25.0,ACTUAL_RESULT,,confirmed,MULTIPLE_HUMAN_PRIMARY_RESULTS,25,,,
event_classification,,,,BAJFINANCE_2019-09-30,BAJFINANCE,2019-09-30 00:00:00,2019-10-22 13:26:31,22.0,ACTUAL_RESULT,,confirmed,MULTIPLE_HUMAN_PRIMARY_RESULTS,22,,,
event_classification,,,,BAJFINANCE_2019-12-31,BAJFINANCE,2019-12-31 00:00:00,2020-01-29 13:37:52,29.0,ACTUAL_RESULT,,confirmed,MULTIPLE_HUMAN_PRIMARY_RESULTS,29,,,
event_classification,,,,BAJFINANCE_2020-03-31,BAJFINANCE,2020-03-31 00:00:00,2020-05-19 19:33:28,49.0,ACTUAL_RESULT,,confirmed,OK,49,,,
event_classification,,,,BAJFINANCE_2020-06-30,BAJFINANCE,2020-06-30 00:00:00,2020-07-21 12:05:00,21.0,ACTUAL_RESULT,,confirmed,OK,21,,,
event_classification,,,,BAJFINANCE_2020-09-30,BAJFINANCE,2020-09-30 00:00:00,2020-10-21 13:25:48,21.0,ACTUAL_RESULT,,confirmed,OK,21,,,
event_classification,,,,BAJFINANCE_2020-12-31,BAJFINANCE,2020-12-31 00:00:00,2021-01-20 16:11:47,20.0,ACTUAL_RESULT,,confirmed,OK,20,,,
event_classification,,,,BAJFINANCE_2021-03-31,BAJFINANCE,2021-03-31 00:00:00,2021-04-27 17:39:34,27.0,ACTUAL_RESULT,,confirmed,OK,27,,,
event_classification,,,,BAJFINANCE_2021-06-30,BAJFINANCE,2021-06-30 00:00:00,2021-07-20 15:25:05,20.0,ACTUAL_RESULT,,confirmed,OK,20,,,
event_classification,,,,BAJFINANCE_2021-09-30,BAJFINANCE,2021-09-30 00:00:00,2021-10-26 16:31:50,26.0,ACTUAL_RESULT,,confirmed,OK,26,,,
event_classification,,,,BAJFINANCE_2021-12-31,BAJFINANCE,2021-12-31 00:00:00,2022-01-18 17:45:51,18.0,ACTUAL_RESULT,,confirmed,OK,18,,,
event_classification,,,,BAJFINANCE_2022-03-31,BAJFINANCE,2022-03-31 00:00:00,2022-04-26 18:21:52,26.0,ACTUAL_RESULT,,confirmed,OK,26,,,
event_classification,,,,BAJFINANCE_2022-06-30,BAJFINANCE,2022-06-30 00:00:00,NaT,,UNCERTAIN,,no_primary_result,MISSING_RESULT,,,,
event_classification,,,,BAJFINANCE_2022-09-30,BAJFINANCE,2022-09-30 00:00:00,NaT,,UNCERTAIN,,no_primary_result,MISSING_RESULT,,,,
event_classification,,,,BAJFINANCE_2022-12-31,BAJFINANCE,2022-12-31 00:00:00,2023-01-27 16:05:37,27.0,ACTUAL_RESULT,,confirmed,OK,27,,,
event_classification,,,,BAJFINANCE_2023-03-31,BAJFINANCE,2023-03-31 00:00:00,2023-04-26 17:37:04,26.0,ACTUAL_RESULT,,confirmed,OK,26,,,
event_classification,,,,BAJFINANCE_2023-06-30,BAJFINANCE,2023-06-30 00:00:00,2023-07-26 14:29:45,26.0,ACTUAL_RESULT,,confirmed,OK,26,,,
event_classification,,,,BAJFINANCE_2023-09-30,BAJFINANCE,2023-09-30 00:00:00,2023-10-17 15:52:23,17.0,ACTUAL_RESULT,,confirmed,OK,17,,,
event_classification,,,,BAJFINANCE_2023-12-31,BAJFINANCE,2023-12-31 00:00:00,2024-01-29 16:45:47,29.0,ACTUAL_RESULT,,confirmed,OK,29,,,
event_classification,,,,BAJFINANCE_2024-03-31,BAJFINANCE,2024-03-31 00:00:00,2024-04-25 17:35:40,25.0,ACTUAL_RESULT,,confirmed,OK,25,,,
event_classification,,,,BAJFINANCE_2024-06-30,BAJFINANCE,2024-06-30 00:00:00,2024-07-23 15:35:17,23.0,ACTUAL_RESULT,,confirmed,UNCLASSIFIED_DOCUMENT,23,,,
event_classification,,,,BAJFINANCE_2024-09-30,BAJFINANCE,2024-09-30 00:00:00,2024-10-22 17:34:51,22.0,ACTUAL_RESULT,,confirmed,OK,22,,,
event_classification,,,,BAJFINANCE_2024-12-31,BAJFINANCE,2024-12-31 00:00:00,2025-01-29 17:20:38,29.0,ACTUAL_RESULT,,confirmed,MULTIPLE_HUMAN_PRIMARY_RESULTS,29,,,
event_classification,,,,BAJFINANCE_2025-03-31,BAJFINANCE,2025-03-31 00:00:00,2025-04-29 17:44:44,29.0,ACTUAL_RESULT,,confirmed,MULTIPLE_HUMAN_PRIMARY_RESULTS,29,,,
event_classification,,,,BAJFINANCE_2025-06-30,BAJFINANCE,2025-06-30 00:00:00,2025-07-24 15:29:02,24.0,ACTUAL_RESULT,,confirmed,OK,24,,,
event_classification,,,,BAJFINANCE_2025-09-30,BAJFINANCE,2025-09-30 00:00:00,2025-11-10 17:09:32,41.0,ACTUAL_RESULT,,confirmed,OK,41,,,
event_classification,,,,BAJFINANCE_2025-12-31,BAJFINANCE,2025-12-31 00:00:00,2026-02-03 17:11:40,34.0,ACTUAL_RESULT,,confirmed,OK,34,,,
event_classification,,,,BAJFINANCE_2026-03-31,BAJFINANCE,2026-03-31 00:00:00,2026-04-29 16:34:28,29.0,ACTUAL_RESULT,,confirmed,OK,29,,,
event_classification,,,,BAJFINANCE_2026-06-30,BAJFINANCE,2026-06-30 00:00:00,2026-07-30 15:19:07,30.0,ACTUAL_RESULT,,confirmed,OK,30,,,
event_classification,,,,BEL_2005-06-30,BEL,2005-06-30 00:00:00,NaT,,UNCERTAIN,,no_primary_result,MISSING_RESULT|DUPLICATE_DOCUMENT,,,,
event_classification,,,,BEL_2006-06-30,BEL,2006-06-30 00:00:00,NaT,,UNCERTAIN,,no_primary_result,MISSING_RESULT|DUPLICATE_DOCUMENT,,,,
event_classification,,,,BEL_2006-12-31,BEL,2006-12-31 00:00:00,NaT,,UNCERTAIN,,no_primary_result,MISSING_RESULT,,,,
event_classification,,,,BEL_2007-03-31,BEL,2007-03-31 00:00:00,NaT,,UNCERTAIN,,no_primary_result,MISSING_RESULT|DUPLICATE_DOCUMENT,,,,
event_classification,,,,BEL_2007-06-30,BEL,2007-06-30 00:00:00,2007-07-31 15:58:00,31.0,ACTUAL_RESULT,,confirmed,DUPLICATE_DOCUMENT,31,,,
event_classification,,,,BEL_2007-09-30,BEL,2007-09-30 00:00:00,2007-10-26 14:25:00,26.0,ACTUAL_RESULT,,confirmed,DUPLICATE_DOCUMENT,26,,,
event_classification,,,,BEL_2007-12-31,BEL,2007-12-31 00:00:00,2008-01-25 15:29:00,25.0,ACTUAL_RESULT,,confirmed,OK,25,,,
event_classification,,,,BEL_2008-03-31,BEL,2008-03-31 00:00:00,2008-04-25 15:25:00,25.0,ACTUAL_RESULT,,confirmed,MULTIPLE_HUMAN_PRIMARY_RESULTS|DUPLICATE_DOCUMENT,25,,,
event_classification,,,,BEL_2008-06-30,BEL,2008-06-30 00:00:00,2008-07-29 14:10:00,29.0,ACTUAL_RESULT,,confirmed,DUPLICATE_DOCUMENT,29,,,
event_classification,,,,BEL_2008-09-30,BEL,2008-09-30 00:00:00,2008-10-24 15:04:00,24.0,ACTUAL_RESULT,,confirmed,OK,24,,,
event_classification,,,,BEL_2008-12-31,BEL,2008-12-31 00:00:00,2009-01-23 15:16:00,23.0,ACTUAL_RESULT,,confirmed,DUPLICATE_DOCUMENT,23,,,
event_classification,,,,BEL_2009-03-31,BEL,2009-03-31 00:00:00,2009-06-24 17:52:00,85.0,ACTUAL_RESULT,,confirmed,MULTIPLE_HUMAN_PRIMARY_RESULTS|DUPLICATE_DOCUMENT,85,,,
event_classification,,,,BEL_2009-06-30,BEL,2009-06-30 00:00:00,2009-07-24 16:25:00,24.0,ACTUAL_RESULT,,confirmed,DUPLICATE_DOCUMENT,24,,,
event_classification,,,,BEL_2009-09-30,BEL,2009-09-30 00:00:00,2009-10-30 15:19:00,30.0,ACTUAL_RESULT,,confirmed,OK,30,,,
event_classification,,,,BEL_2009-12-31,BEL,2009-12-31 00:00:00,2010-01-29 15:49:00,29.0,ACTUAL_RESULT,,confirmed,OK,29,,,
event_classification,,,,BEL_2010-03-31,BEL,2010-03-31 00:00:00,2010-06-25 14:57:00,86.0,ACTUAL_RESULT,,confirmed,MULTIPLE_HUMAN_PRIMARY_RESULTS|DUPLICATE_DOCUMENT,86,,,
event_classification,,,,BEL_2010-06-30,BEL,2010-06-30 00:00:00,2010-07-30 17:01:00,30.0,ACTUAL_RESULT,,confirmed,DUPLICATE_DOCUMENT,30,,,
event_classification,,,,BEL_2010-09-30,BEL,2010-09-30 00:00:00,2010-10-29 14:09:00,29.0,ACTUAL_RESULT,,confirmed,MULTIPLE_HUMAN_PRIMARY_RESULTS,29,,,
event_classification,,,,BEL_2010-12-31,BEL,2010-12-31 00:00:00,2011-01-28 14:47:00,28.0,ACTUAL_RESULT,,confirmed,MULTIPLE_HUMAN_PRIMARY_RESULTS,28,,,
event_classification,,,,BEL_2011-03-31,BEL,2011-03-31 00:00:00,2011-06-29 15:57:00,90.0,ACTUAL_RESULT,,confirmed,MULTIPLE_HUMAN_PRIMARY_RESULTS|DUPLICATE_DOCUMENT,90,,,
event_classification,,,,BEL_2011-06-30,BEL,2011-06-30 00:00:00,2011-07-29 15:22:00,29.0,ACTUAL_RESULT,,confirmed,MULTIPLE_HUMAN_PRIMARY_RESULTS,29,,,
event_classification,,,,BEL_2011-09-30,BEL,2011-09-30 00:00:00,2011-10-28 18:24:50,28.0,ACTUAL_RESULT,,confirmed,OK,28,,,
event_classification,,,,BEL_2011-12-31,BEL,2011-12-31 00:00:00,2012-01-27 15:20:00,27.0,ACTUAL_RESULT,,confirmed,MULTIPLE_HUMAN_PRIMARY_RESULTS,27,,,
event_classification,,,,BEL_2012-03-31,BEL,2012-03-31 00:00:00,2012-06-21 15:47:00,82.0,ACTUAL_RESULT,,confirmed,MULTIPLE_HUMAN_PRIMARY_RESULTS|DUPLICATE_DOCUMENT,82,,,
event_classification,,,,BEL_2012-06-30,BEL,2012-06-30 00:00:00,2012-07-30 15:07:00,30.0,ACTUAL_RESULT,,confirmed,MULTIPLE_HUMAN_PRIMARY_RESULTS,30,,,
event_classification,,,,BEL_2012-09-30,BEL,2012-09-30 00:00:00,2012-10-29 16:49:00,29.0,ACTUAL_RESULT,,confirmed,MULTIPLE_HUMAN_PRIMARY_RESULTS,29,,,
event_classification,,,,BEL_2012-12-31,BEL,2012-12-31 00:00:00,2013-01-25 15:14:00,25.0,ACTUAL_RESULT,,confirmed,MULTIPLE_HUMAN_PRIMARY_RESULTS,25,,,
event_classification,,,,BEL_2013-03-31,BEL,2013-03-31 00:00:00,2013-05-30 17:51:25,60.0,ACTUAL_RESULT,,confirmed,OK,60,,,
event_classification,,,,BEL_2013-06-30,BEL,2013-06-30 00:00:00,2013-07-26 14:32:00,26.0,ACTUAL_RESULT,,confirmed,MULTIPLE_HUMAN_PRIMARY_RESULTS,26,,,
event_classification,,,,BEL_2013-09-30,BEL,2013-09-30 00:00:00,2013-10-25 17:27:02,25.0,ACTUAL_RESULT,,confirmed,MULTIPLE_HUMAN_PRIMARY_RESULTS,25,,,
event_classification,,,,BEL_2013-12-31,BEL,2013-12-31 00:00:00,2014-01-24 17:39:02,24.0,ACTUAL_RESULT,,confirmed,MULTIPLE_HUMAN_PRIMARY_RESULTS,24,,,
event_classification,,,,BEL_2014-03-31,BEL,2014-03-31 00:00:00,2014-05-30 15:11:03,60.0,ACTUAL_RESULT,,confirmed,OK,60,,,
event_classification,,,,BEL_2014-06-30,BEL,2014-06-30 00:00:00,2014-07-31 13:15:02,31.0,ACTUAL_RESULT,,confirmed,OK,31,,,
event_classification,,,,BEL_2014-09-30,BEL,2014-09-30 00:00:00,2014-11-07 14:51:04,38.0,ACTUAL_RESULT,,confirmed,OK,38,,,
event_classification,,,,BEL_2014-12-31,BEL,2014-12-31 00:00:00,2015-01-23 18:35:02,23.0,ACTUAL_RESULT,,confirmed,OK,23,,,
event_classification,,,,BEL_2015-03-31,BEL,2015-03-31 00:00:00,2015-05-29 13:39:04,59.0,ACTUAL_RESULT,,confirmed,OK,59,,,
event_classification,,,,BEL_2015-06-30,BEL,2015-06-30 00:00:00,2015-07-24 20:31:26,24.0,ACTUAL_RESULT,,confirmed,OK,24,,,
event_classification,,,,BEL_2015-09-30,BEL,2015-09-30 00:00:00,2015-10-29 17:58:25,29.0,ACTUAL_RESULT,,confirmed,OK,29,,,
event_classification,,,,BEL_2015-12-31,BEL,2015-12-31 00:00:00,2016-01-27 14:23:53,27.0,ACTUAL_RESULT,,confirmed,OK,27,,,
event_classification,,,,BEL_2016-03-31,BEL,2016-03-31 00:00:00,2016-05-27 14:38:25,57.0,ACTUAL_RESULT,,confirmed,UNCLASSIFIED_DOCUMENT,57,,,
event_classification,,,,BEL_2016-06-30,BEL,2016-06-30 00:00:00,2016-08-05 20:46:29,36.0,ACTUAL_RESULT,,confirmed,OK,36,,,
event_classification,,,,BEL_2016-09-30,BEL,2016-09-30 00:00:00,2016-10-27 17:37:15,27.0,ACTUAL_RESULT,,confirmed,OK,27,,,
event_classification,,,,BEL_2016-12-31,BEL,2016-12-31 00:00:00,2017-01-27 19:03:31,27.0,ACTUAL_RESULT,,confirmed,OK,27,,,
event_classification,,,,BEL_2017-03-31,BEL,2017-03-31 00:00:00,2017-05-29 18:15:28,59.0,ACTUAL_RESULT,,confirmed,MULTIPLE_HUMAN_PRIMARY_RESULTS|UNCLASSIFIED_DOCUMENT,59,,,
event_classification,,,,BEL_2017-06-30,BEL,2017-06-30 00:00:00,2017-07-31 16:36:57,31.0,ACTUAL_RESULT,,confirmed,OK,31,,,
event_classification,,,,BEL_2017-09-30,BEL,2017-09-30 00:00:00,2017-10-30 20:07:09,30.0,ACTUAL_RESULT,,confirmed,OK,30,,,
event_classification,,,,BEL_2017-12-31,BEL,2017-12-31 00:00:00,2018-01-30 21:18:45,30.0,ACTUAL_RESULT,,confirmed,OK,30,,,
event_classification,,,,BEL_2018-03-31,BEL,2018-03-31 00:00:00,2018-05-29 20:01:53,59.0,ACTUAL_RESULT,,confirmed,OK,59,,,
event_classification,,,,BEL_2018-06-30,BEL,2018-06-30 00:00:00,2018-07-31 15:09:14,31.0,ACTUAL_RESULT,,confirmed,OK,31,,,
event_classification,,,,BEL_2018-09-30,BEL,2018-09-30 00:00:00,2018-10-26 14:42:22,26.0,ACTUAL_RESULT,,confirmed,OK,26,,,
event_classification,,,,BEL_2018-12-31,BEL,2018-12-31 00:00:00,2019-01-30 18:30:32,30.0,ACTUAL_RESULT,,confirmed,OK,30,,,
event_classification,,,,BEL_2019-03-31,BEL,2019-03-31 00:00:00,2019-05-29 18:47:12,59.0,ACTUAL_RESULT,,confirmed,UNCLASSIFIED_DOCUMENT|MANY_PRE_ANNOUNCEMENTS,59,,,
event_classification,,,,BEL_2019-06-30,BEL,2019-06-30 00:00:00,2019-07-29 20:10:11,29.0,ACTUAL_RESULT,,confirmed,OK,29,,,
event_classification,,,,BEL_2019-09-30,BEL,2019-09-30 00:00:00,2019-11-04 17:40:58,35.0,ACTUAL_RESULT,,confirmed,OK,35,,,
event_classification,,,,BEL_2019-12-31,BEL,2019-12-31 00:00:00,2020-01-30 20:55:56,30.0,ACTUAL_RESULT,,confirmed,OK,30,,,
event_classification,,,,BEL_2020-03-31,BEL,2020-03-31 00:00:00,2020-06-29 23:38:13,90.0,ACTUAL_RESULT,,confirmed,OK,90,,,
event_classification,,,,BEL_2020-06-30,BEL,2020-06-30 00:00:00,2020-07-27 19:09:11,27.0,ACTUAL_RESULT,,confirmed,OK,27,,,
event_classification,,,,BEL_2020-09-30,BEL,2020-09-30 00:00:00,2020-11-06 18:33:29,37.0,ACTUAL_RESULT,,confirmed,OK,37,,,
event_classification,,,,BEL_2020-12-31,BEL,2020-12-31 00:00:00,2021-01-28 17:32:59,28.0,ACTUAL_RESULT,,confirmed,OK,28,,,
event_classification,,,,BEL_2021-03-31,BEL,2021-03-31 00:00:00,2021-06-22 18:20:01,83.0,ACTUAL_RESULT,,confirmed,OK,83,,,
event_classification,,,,BEL_2021-06-30,BEL,2021-06-30 00:00:00,2021-08-06 16:28:56,37.0,ACTUAL_RESULT,,confirmed,OK,37,,,
event_classification,,,,BEL_2021-09-30,BEL,2021-09-30 00:00:00,2021-10-29 13:08:41,29.0,ACTUAL_RESULT,,confirmed,OK,29,,,
event_classification,,,,BEL_2021-12-31,BEL,2021-12-31 00:00:00,2022-01-28 17:30:43,28.0,ACTUAL_RESULT,,confirmed,OK,28,,,
event_classification,,,,BEL_2022-03-31,BEL,2022-03-31 00:00:00,2022-05-23 16:29:36,53.0,ACTUAL_RESULT,,confirmed,OK,53,,,
event_classification,,,,BEL_2022-06-30,BEL,2022-06-30 00:00:00,NaT,,UNCERTAIN,,no_primary_result,MISSING_RESULT,,,,
event_classification,,,,BEL_2022-09-30,BEL,2022-09-30 00:00:00,NaT,,UNCERTAIN,,no_primary_result,MISSING_RESULT|MANY_PRE_ANNOUNCEMENTS,,,,
event_classification,,,,BEL_2022-12-31,BEL,2022-12-31 00:00:00,2023-01-28 13:18:10,28.0,ACTUAL_RESULT,,confirmed,MANY_PRE_ANNOUNCEMENTS,28,,,
event_classification,,,,BEL_2023-03-31,BEL,2023-03-31 00:00:00,2023-05-20 18:36:44,50.0,ACTUAL_RESULT,,confirmed,MANY_PRE_ANNOUNCEMENTS,50,,,
event_classification,,,,BEL_2023-06-30,BEL,2023-06-30 00:00:00,2023-07-27 18:24:09,27.0,ACTUAL_RESULT,,confirmed,OK,27,,,
event_classification,,,,BEL_2023-09-30,BEL,2023-09-30 00:00:00,2023-10-28 12:29:09,28.0,ACTUAL_RESULT,,confirmed,OK,28,,,
event_classification,,,,BEL_2023-12-31,BEL,2023-12-31 00:00:00,2024-01-29 13:41:13,29.0,ACTUAL_RESULT,,confirmed,OK,29,,,
event_classification,,,,BEL_2024-03-31,BEL,2024-03-31 00:00:00,2024-05-20 18:10:05,50.0,ACTUAL_RESULT,,confirmed,OK,50,,,
event_classification,,,,BEL_2024-06-30,BEL,2024-06-30 00:00:00,2024-07-29 14:01:33,29.0,ACTUAL_RESULT,,confirmed,OK,29,,,
event_classification,,,,BEL_2024-09-30,BEL,2024-09-30 00:00:00,2024-10-25 13:35:44,25.0,ACTUAL_RESULT,,confirmed,OK,25,,,
event_classification,,,,BEL_2024-12-31,BEL,2024-12-31 00:00:00,2025-01-30 13:58:59,30.0,ACTUAL_RESULT,,confirmed,MULTIPLE_HUMAN_PRIMARY_RESULTS,30,,,
event_classification,,,,BEL_2025-03-31,BEL,2025-03-31 00:00:00,2025-05-19 18:20:28,49.0,ACTUAL_RESULT,,confirmed,MANY_PRE_ANNOUNCEMENTS,49,,,
event_classification,,,,BEL_2025-06-30,BEL,2025-06-30 00:00:00,2025-07-28 16:06:30,28.0,ACTUAL_RESULT,,confirmed,MANY_PRE_ANNOUNCEMENTS,28,,,
event_classification,,,,BEL_2025-09-30,BEL,2025-09-30 00:00:00,2025-10-31 13:01:00,31.0,ACTUAL_RESULT,,confirmed,OK,31,,,
event_classification,,,,BEL_2025-12-31,BEL,2025-12-31 00:00:00,2026-01-28 14:05:10,28.0,ACTUAL_RESULT,,confirmed,OK,28,,,
event_classification,,,,BEL_2026-03-31,BEL,2026-03-31 00:00:00,2026-05-19 15:23:04,49.0,ACTUAL_RESULT,,confirmed,OK,49,,,
event_classification,,,,BEL_2026-06-30,BEL,2026-06-30 00:00:00,2026-07-27 16:06:24,27.0,ACTUAL_RESULT,,confirmed,OK,27,,,
event_classification,,,,BHARTIARTL_2005-03-31,BHARTIARTL,2005-03-31 00:00:00,NaT,,UNCERTAIN,,no_primary_result,MISSING_RESULT|DUPLICATE_DOCUMENT,,,,
event_classification,,,,BHARTIARTL_2005-06-30,BHARTIARTL,2005-06-30 00:00:00,NaT,,UNCERTAIN,,no_primary_result,MISSING_RESULT,,,,
event_classification,,,,BHARTIARTL_2005-09-30,BHARTIARTL,2005-09-30 00:00:00,NaT,,UNCERTAIN,,no_primary_result,MISSING_RESULT|DUPLICATE_DOCUMENT|MANY_PRE_ANNOUNCEMENTS,,,,
event_classification,,,,BHARTIARTL_2005-12-31,BHARTIARTL,2005-12-31 00:00:00,NaT,,UNCERTAIN,,no_primary_result,MISSING_RESULT|DUPLICATE_DOCUMENT,,,,
event_classification,,,,BHARTIARTL_2006-03-31,BHARTIARTL,2006-03-31 00:00:00,NaT,,UNCERTAIN,,no_primary_result,MISSING_RESULT|DUPLICATE_DOCUMENT,,,,
event_classification,,,,BHARTIARTL_2006-06-30,BHARTIARTL,2006-06-30 00:00:00,NaT,,UNCERTAIN,,no_primary_result,MISSING_RESULT|DUPLICATE_DOCUMENT,,,,
event_classification,,,,BHARTIARTL_2006-09-30,BHARTIARTL,2006-09-30 00:00:00,NaT,,UNCERTAIN,,no_primary_result,MISSING_RESULT|DUPLICATE_DOCUMENT,,,,
event_classification,,,,BHARTIARTL_2006-12-31,BHARTIARTL,2006-12-31 00:00:00,NaT,,UNCERTAIN,,no_primary_result,MISSING_RESULT|DUPLICATE_DOCUMENT,,,,
event_classification,,,,BHARTIARTL_2007-03-31,BHARTIARTL,2007-03-31 00:00:00,NaT,,UNCERTAIN,,no_primary_result,MISSING_RESULT|DUPLICATE_DOCUMENT,,,,
event_classification,,,,BHARTIARTL_2007-06-30,BHARTIARTL,2007-06-30 00:00:00,2007-07-26 09:58:00,26.0,ACTUAL_RESULT,,confirmed,DUPLICATE_DOCUMENT,26,,,
event_classification,,,,BHARTIARTL_2007-09-30,BHARTIARTL,2007-09-30 00:00:00,2007-10-31 09:52:00,31.0,ACTUAL_RESULT,,confirmed,MULTIPLE_HUMAN_PRIMARY_RESULTS|DUPLICATE_DOCUMENT,31,,,
event_classification,,,,BHARTIARTL_2007-12-31,BHARTIARTL,2007-12-31 00:00:00,2008-01-30 10:15:00,30.0,ACTUAL_RESULT,,confirmed,MULTIPLE_HUMAN_PRIMARY_RESULTS|DUPLICATE_DOCUMENT,30,,,
event_classification,,,,BHARTIARTL_2008-03-31,BHARTIARTL,2008-03-31 00:00:00,2008-04-25 09:52:00,25.0,ACTUAL_RESULT,,confirmed,MULTIPLE_HUMAN_PRIMARY_RESULTS|DUPLICATE_DOCUMENT,25,,,
event_classification,,,,BHARTIARTL_2008-06-30,BHARTIARTL,2008-06-30 00:00:00,2008-07-24 09:42:00,24.0,ACTUAL_RESULT,,confirmed,MULTIPLE_HUMAN_PRIMARY_RESULTS|DUPLICATE_DOCUMENT,24,,,
event_classification,,,,BHARTIARTL_2008-09-30,BHARTIARTL,2008-09-30 00:00:00,2008-10-31 09:52:00,31.0,ACTUAL_RESULT,,confirmed,MULTIPLE_HUMAN_PRIMARY_RESULTS|DUPLICATE_DOCUMENT,31,,,
event_classification,,,,BHARTIARTL_2008-12-31,BHARTIARTL,2008-12-31 00:00:00,2009-01-22 09:23:00,22.0,ACTUAL_RESULT,,confirmed,MULTIPLE_HUMAN_PRIMARY_RESULTS|DUPLICATE_DOCUMENT,22,,,
event_classification,,,,BHARTIARTL_2009-03-31,BHARTIARTL,2009-03-31 00:00:00,2009-04-29 09:57:00,29.0,ACTUAL_RESULT,,confirmed,MULTIPLE_HUMAN_PRIMARY_RESULTS|DUPLICATE_DOCUMENT,29,,,
event_classification,,,,BHARTIARTL_2009-06-30,BHARTIARTL,2009-06-30 00:00:00,2009-07-23 09:42:00,23.0,ACTUAL_RESULT,,confirmed,MULTIPLE_HUMAN_PRIMARY_RESULTS|DUPLICATE_DOCUMENT,23,,,
event_classification,,,,BHARTIARTL_2009-09-30,BHARTIARTL,2009-09-30 00:00:00,2009-10-30 09:48:00,30.0,ACTUAL_RESULT,,confirmed,MULTIPLE_HUMAN_PRIMARY_RESULTS|DUPLICATE_DOCUMENT|UNCLASSIFIED_DOCUMENT,30,,,
event_classification,,,,BHARTIARTL_2009-12-31,BHARTIARTL,2009-12-31 00:00:00,2010-01-22 09:07:00,22.0,ACTUAL_RESULT,,confirmed,MULTIPLE_HUMAN_PRIMARY_RESULTS|DUPLICATE_DOCUMENT,22,,,
event_classification,,,,BHARTIARTL_2010-03-31,BHARTIARTL,2010-03-31 00:00:00,2010-04-28 09:25:00,28.0,ACTUAL_RESULT,,confirmed,MULTIPLE_HUMAN_PRIMARY_RESULTS|DUPLICATE_DOCUMENT|MANY_PRE_ANNOUNCEMENTS,28,,,
event_classification,,,,BHARTIARTL_2010-06-30,BHARTIARTL,2010-06-30 00:00:00,2010-08-11 09:16:00,42.0,ACTUAL_RESULT,,confirmed,DUPLICATE_DOCUMENT,42,,,
event_classification,,,,BHARTIARTL_2010-09-30,BHARTIARTL,2010-09-30 00:00:00,2010-11-10 09:12:00,41.0,ACTUAL_RESULT,,confirmed,MULTIPLE_HUMAN_PRIMARY_RESULTS|DUPLICATE_DOCUMENT,41,,,
event_classification,,,,BHARTIARTL_2010-12-31,BHARTIARTL,2010-12-31 00:00:00,2011-02-02 08:56:00,33.0,ACTUAL_RESULT,,confirmed,MULTIPLE_HUMAN_PRIMARY_RESULTS,33,,,
event_classification,,,,BHARTIARTL_2011-03-31,BHARTIARTL,2011-03-31 00:00:00,2011-05-05 09:02:00,35.0,ACTUAL_RESULT,,confirmed,MULTIPLE_HUMAN_PRIMARY_RESULTS,35,,,
event_classification,,,,BHARTIARTL_2011-06-30,BHARTIARTL,2011-06-30 00:00:00,2011-08-03 12:17:00,34.0,ACTUAL_RESULT,,confirmed,MULTIPLE_HUMAN_PRIMARY_RESULTS,34,,,
event_classification,,,,BHARTIARTL_2011-09-30,BHARTIARTL,2011-09-30 00:00:00,2011-11-04 09:03:00,35.0,ACTUAL_RESULT,,confirmed,MULTIPLE_HUMAN_PRIMARY_RESULTS,35,,,
event_classification,,,,BHARTIARTL_2011-12-31,BHARTIARTL,2011-12-31 00:00:00,2012-02-08 09:01:00,39.0,ACTUAL_RESULT,,confirmed,MULTIPLE_HUMAN_PRIMARY_RESULTS,39,,,
event_classification,,,,BHARTIARTL_2012-03-31,BHARTIARTL,2012-03-31 00:00:00,2012-05-02 09:33:00,32.0,ACTUAL_RESULT,,confirmed,MULTIPLE_HUMAN_PRIMARY_RESULTS|DUPLICATE_DOCUMENT,32,,,
event_classification,,,,BHARTIARTL_2012-06-30,BHARTIARTL,2012-06-30 00:00:00,2012-08-08 09:14:00,39.0,ACTUAL_RESULT,,confirmed,MULTIPLE_HUMAN_PRIMARY_RESULTS,39,,,
event_classification,,,,BHARTIARTL_2012-09-30,BHARTIARTL,2012-09-30 00:00:00,2012-11-07 09:09:00,38.0,ACTUAL_RESULT,,confirmed,MULTIPLE_HUMAN_PRIMARY_RESULTS,38,,,
event_classification,,,,BHARTIARTL_2012-12-31,BHARTIARTL,2012-12-31 00:00:00,2013-02-01 10:16:00,32.0,ACTUAL_RESULT,,confirmed,MULTIPLE_HUMAN_PRIMARY_RESULTS,32,,,
event_classification,,,,BHARTIARTL_2013-03-31,BHARTIARTL,2013-03-31 00:00:00,2013-05-02 09:40:00,32.0,ACTUAL_RESULT,,confirmed,MULTIPLE_HUMAN_PRIMARY_RESULTS|DUPLICATE_DOCUMENT,32,,,
event_classification,,,,BHARTIARTL_2013-06-30,BHARTIARTL,2013-06-30 00:00:00,2013-07-31 09:10:00,31.0,ACTUAL_RESULT,,confirmed,MULTIPLE_HUMAN_PRIMARY_RESULTS|DUPLICATE_DOCUMENT,31,,,
event_classification,,,,BHARTIARTL_2013-09-30,BHARTIARTL,2013-09-30 00:00:00,2013-10-30 09:11:02,30.0,ACTUAL_RESULT,,confirmed,MULTIPLE_HUMAN_PRIMARY_RESULTS,30,,,
event_classification,,,,BHARTIARTL_2013-12-31,BHARTIARTL,2013-12-31 00:00:00,2014-01-29 09:15:03,29.0,ACTUAL_RESULT,,confirmed,MULTIPLE_HUMAN_PRIMARY_RESULTS|DUPLICATE_DOCUMENT,29,,,
event_classification,,,,BHARTIARTL_2014-03-31,BHARTIARTL,2014-03-31 00:00:00,2014-04-29 16:19:02,29.0,ACTUAL_RESULT,,confirmed,MANY_PRE_ANNOUNCEMENTS,29,,,
event_classification,,,,BHARTIARTL_2014-06-30,BHARTIARTL,2014-06-30 00:00:00,2014-07-30 08:23:03,30.0,ACTUAL_RESULT,,confirmed,OK,30,,,
event_classification,,,,BHARTIARTL_2014-09-30,BHARTIARTL,2014-09-30 00:00:00,2014-10-30 16:27:02,30.0,ACTUAL_RESULT,,confirmed,OK,30,,,
event_classification,,,,BHARTIARTL_2014-12-31,BHARTIARTL,2014-12-31 00:00:00,2015-02-04 16:15:02,35.0,ACTUAL_RESULT,,confirmed,OK,35,,,
event_classification,,,,BHARTIARTL_2015-03-31,BHARTIARTL,2015-03-31 00:00:00,2015-04-28 18:59:02,28.0,ACTUAL_RESULT,,confirmed,OK,28,,,
event_classification,,,,BHARTIARTL_2015-06-30,BHARTIARTL,2015-06-30 00:00:00,2015-08-04 17:22:58,35.0,ACTUAL_RESULT,,confirmed,OK,35,,,
event_classification,,,,BHARTIARTL_2015-09-30,BHARTIARTL,2015-09-30 00:00:00,2015-10-26 09:00:37,26.0,ACTUAL_RESULT,,confirmed,OK,26,,,
event_classification,,,,BHARTIARTL_2015-12-31,BHARTIARTL,2015-12-31 00:00:00,2016-01-28 16:06:26,28.0,ACTUAL_RESULT,,confirmed,OK,28,,,
event_classification,,,,BHARTIARTL_2016-03-31,BHARTIARTL,2016-03-31 00:00:00,2016-04-27 18:48:08,27.0,ACTUAL_RESULT,,confirmed,OK,27,,,
event_classification,,,,BHARTIARTL_2016-06-30,BHARTIARTL,2016-06-30 00:00:00,2016-07-27 17:16:25,27.0,ACTUAL_RESULT,,confirmed,MANY_PRE_ANNOUNCEMENTS,27,,,
event_classification,,,,BHARTIARTL_2016-09-30,BHARTIARTL,2016-09-30 00:00:00,2016-10-25 18:04:23,25.0,ACTUAL_RESULT,,confirmed,UNCLASSIFIED_DOCUMENT|MANY_PRE_ANNOUNCEMENTS,25,,,
event_classification,,,,BHARTIARTL_2016-12-31,BHARTIARTL,2016-12-31 00:00:00,2017-01-24 17:19:06,24.0,ACTUAL_RESULT,,confirmed,MANY_PRE_ANNOUNCEMENTS,24,,,
event_classification,,,,BHARTIARTL_2017-03-31,BHARTIARTL,2017-03-31 00:00:00,2017-05-09 20:09:26,39.0,ACTUAL_RESULT,,confirmed,MANY_PRE_ANNOUNCEMENTS,39,,,
event_classification,,,,BHARTIARTL_2017-06-30,BHARTIARTL,2017-06-30 00:00:00,2017-07-25 17:03:34,25.0,ACTUAL_RESULT,,confirmed,MANY_PRE_ANNOUNCEMENTS,25,,,
event_classification,,,,BHARTIARTL_2017-09-30,BHARTIARTL,2017-09-30 00:00:00,2017-10-31 16:15:17,31.0,ACTUAL_RESULT,,confirmed,MANY_PRE_ANNOUNCEMENTS,31,,,
event_classification,,,,BHARTIARTL_2017-12-31,BHARTIARTL,2017-12-31 00:00:00,2018-01-18 18:14:52,18.0,ACTUAL_RESULT,,confirmed,MANY_PRE_ANNOUNCEMENTS,18,,,
event_classification,,,,BHARTIARTL_2018-03-31,BHARTIARTL,2018-03-31 00:00:00,2018-04-24 17:41:13,24.0,ACTUAL_RESULT,,confirmed,MANY_PRE_ANNOUNCEMENTS,24,,,
event_classification,,,,BHARTIARTL_2018-06-30,BHARTIARTL,2018-06-30 00:00:00,2018-07-26 16:52:58,26.0,ACTUAL_RESULT,,confirmed,OK,26,,,
event_classification,,,,BHARTIARTL_2018-09-30,BHARTIARTL,2018-09-30 00:00:00,2018-10-25 16:36:20,25.0,ACTUAL_RESULT,,confirmed,MANY_PRE_ANNOUNCEMENTS,25,,,
event_classification,,,,BHARTIARTL_2018-12-31,BHARTIARTL,2018-12-31 00:00:00,2019-02-01 14:54:14,32.0,ACTUAL_RESULT,,confirmed,OK,32,,,
event_classification,,,,BHARTIARTL_2019-03-31,BHARTIARTL,2019-03-31 00:00:00,2019-05-06 19:14:57,36.0,ACTUAL_RESULT,,confirmed,MANY_PRE_ANNOUNCEMENTS,36,,,
event_classification,,,,BHARTIARTL_2019-06-30,BHARTIARTL,2019-06-30 00:00:00,2019-08-01 16:42:57,32.0,ACTUAL_RESULT,,confirmed,MANY_PRE_ANNOUNCEMENTS,32,,,
event_classification,,,,BHARTIARTL_2019-09-30,BHARTIARTL,2019-09-30 00:00:00,2019-11-14 16:42:56,45.0,ACTUAL_RESULT,,confirmed,OK,45,,,
event_classification,,,,BHARTIARTL_2019-12-31,BHARTIARTL,2019-12-31 00:00:00,2020-02-04 17:32:38,35.0,ACTUAL_RESULT,,confirmed,MANY_PRE_ANNOUNCEMENTS,35,,,
event_classification,,,,BHARTIARTL_2020-03-31,BHARTIARTL,2020-03-31 00:00:00,2020-05-19 14:38:25,49.0,ACTUAL_RESULT,,confirmed,UNCLASSIFIED_DOCUMENT|MANY_PRE_ANNOUNCEMENTS,49,,,
event_classification,,,,BHARTIARTL_2020-06-30,BHARTIARTL,2020-06-30 00:00:00,2020-07-29 19:30:27,29.0,ACTUAL_RESULT,,confirmed,OK,29,,,
event_classification,,,,BHARTIARTL_2020-09-30,BHARTIARTL,2020-09-30 00:00:00,2020-10-27 16:38:19,27.0,ACTUAL_RESULT,,confirmed,MANY_PRE_ANNOUNCEMENTS,27,,,
event_classification,,,,BHARTIARTL_2020-12-31,BHARTIARTL,2020-12-31 00:00:00,2021-02-03 16:12:45,34.0,ACTUAL_RESULT,,confirmed,OK,34,,,
event_classification,,,,BHARTIARTL_2021-03-31,BHARTIARTL,2021-03-31 00:00:00,2021-05-17 16:28:47,47.0,ACTUAL_RESULT,,confirmed,MULTIPLE_HUMAN_PRIMARY_RESULTS|UNCLASSIFIED_DOCUMENT|MANY_PRE_ANNOUNCEMENTS,47,,,
event_classification,,,,BHARTIARTL_2021-06-30,BHARTIARTL,2021-06-30 00:00:00,2021-08-03 16:21:32,34.0,ACTUAL_RESULT,,confirmed,MANY_PRE_ANNOUNCEMENTS,34,,,
event_classification,,,,BHARTIARTL_2021-09-30,BHARTIARTL,2021-09-30 00:00:00,2021-11-03 15:37:04,34.0,ACTUAL_RESULT,,confirmed,MULTIPLE_HUMAN_PRIMARY_RESULTS|UNCLASSIFIED_DOCUMENT,34,,,
event_classification,,,,BHARTIARTL_2021-12-31,BHARTIARTL,2021-12-31 00:00:00,2022-02-08 16:03:50,39.0,ACTUAL_RESULT,,confirmed,MANY_PRE_ANNOUNCEMENTS,39,,,
event_classification,,,,BHARTIARTL_2022-03-31,BHARTIARTL,2022-03-31 00:00:00,2022-05-17 15:41:35,47.0,ACTUAL_RESULT,,confirmed,MANY_PRE_ANNOUNCEMENTS,47,,,
event_classification,,,,BHARTIARTL_2022-06-30,BHARTIARTL,2022-06-30 00:00:00,NaT,,UNCERTAIN,,no_primary_result,MISSING_RESULT,,,,
event_classification,,,,BHARTIARTL_2022-09-30,BHARTIARTL,2022-09-30 00:00:00,2022-08-08 16:31:57,-53.0,BOARD_EVENT,,confirmed,ANNOUNCEMENT_BEFORE_PERIOD_END|HUMAN_PRIMARY_RESULT_BEFORE_PERIOD_END|MANY_PRE_ANNOUNCEMENTS,-53,,,
event_classification,,,,BHARTIARTL_2022-12-31,BHARTIARTL,2022-12-31 00:00:00,2023-02-07 15:41:38,38.0,ACTUAL_RESULT,,confirmed,UNCLASSIFIED_DOCUMENT|MANY_PRE_ANNOUNCEMENTS,38,,,
event_classification,,,,BHARTIARTL_2023-03-31,BHARTIARTL,2023-03-31 00:00:00,2023-05-16 16:24:22,46.0,ACTUAL_RESULT,,confirmed,UNCLASSIFIED_DOCUMENT|MANY_PRE_ANNOUNCEMENTS,46,,,
event_classification,,,,BHARTIARTL_2023-06-30,BHARTIARTL,2023-06-30 00:00:00,2023-08-03 16:47:26,34.0,ACTUAL_RESULT,,confirmed,UNCLASSIFIED_DOCUMENT|MANY_PRE_ANNOUNCEMENTS,34,,,
event_classification,,,,BHARTIARTL_2023-09-30,BHARTIARTL,2023-09-30 00:00:00,2023-10-31 16:52:58,31.0,ACTUAL_RESULT,,confirmed,UNCLASSIFIED_DOCUMENT,31,,,
event_classification,,,,BHARTIARTL_2023-12-31,BHARTIARTL,2023-12-31 00:00:00,2024-02-05 16:18:19,36.0,ACTUAL_RESULT,,confirmed,MANY_PRE_ANNOUNCEMENTS,36,,,
event_classification,,,,BHARTIARTL_2024-03-31,BHARTIARTL,2024-03-31 00:00:00,2024-05-14 16:32:34,44.0,ACTUAL_RESULT,,confirmed,MANY_PRE_ANNOUNCEMENTS,44,,,
event_classification,,,,BHARTIARTL_2024-06-30,BHARTIARTL,2024-06-30 00:00:00,2024-08-05 16:58:46,36.0,ACTUAL_RESULT,,confirmed,UNCLASSIFIED_DOCUMENT|MANY_PRE_ANNOUNCEMENTS,36,,,
event_classification,,,,BHARTIARTL_2024-09-30,BHARTIARTL,2024-09-30 00:00:00,2024-10-28 16:15:34,28.0,ACTUAL_RESULT,,confirmed,MANY_PRE_ANNOUNCEMENTS,28,,,
event_classification,,,,BHARTIARTL_2024-12-31,BHARTIARTL,2024-12-31 00:00:00,2025-02-06 16:49:56,37.0,ACTUAL_RESULT,,confirmed,UNCLASSIFIED_DOCUMENT|MANY_PRE_ANNOUNCEMENTS,37,,,
event_classification,,,,BHARTIARTL_2025-03-31,BHARTIARTL,2025-03-31 00:00:00,NaT,,UNCERTAIN,,no_primary_result,MISSING_RESULT|MANY_PRE_ANNOUNCEMENTS,,,,
event_classification,,,,BHARTIARTL_2025-06-30,BHARTIARTL,2025-06-30 00:00:00,2025-08-05 16:59:21,36.0,ACTUAL_RESULT,,confirmed,MANY_PRE_ANNOUNCEMENTS,36,,,
event_classification,,,,BHARTIARTL_2025-09-30,BHARTIARTL,2025-09-30 00:00:00,2025-11-03 16:33:29,34.0,ACTUAL_RESULT,,confirmed,UNCLASSIFIED_DOCUMENT,34,,,
event_classification,,,,BHARTIARTL_2025-12-31,BHARTIARTL,2025-12-31 00:00:00,2026-02-05 16:16:36,36.0,ACTUAL_RESULT,,confirmed,UNCLASSIFIED_DOCUMENT|MANY_PRE_ANNOUNCEMENTS,36,,,
event_classification,,,,BHARTIARTL_2026-03-31,BHARTIARTL,2026-03-31 00:00:00,2026-05-13 16:44:51,43.0,ACTUAL_RESULT,,confirmed,MANY_PRE_ANNOUNCEMENTS,43,,,
event_classification,,,,BHARTIARTL_2026-06-30,BHARTIARTL,2026-06-30 00:00:00,2026-08-04 16:22:36,35.0,ACTUAL_RESULT,,confirmed,MANY_PRE_ANNOUNCEMENTS,35,,,
event_classification,,,,BHARTIARTL_2026-09-30,BHARTIARTL,2026-09-30 00:00:00,NaT,,UNCERTAIN,,no_primary_result,MISSING_RESULT,,,,
event_classification,,,,CIPLA_2004-12-31,CIPLA,2004-12-31 00:00:00,NaT,,UNCERTAIN,,no_primary_result,MISSING_RESULT,,,,
event_classification,,,,CIPLA_2005-09-30,CIPLA,2005-09-30 00:00:00,NaT,,UNCERTAIN,,no_primary_result,MISSING_RESULT,,,,
event_classification,,,,CIPLA_2006-03-31,CIPLA,2006-03-31 00:00:00,NaT,,UNCERTAIN,,no_primary_result,MISSING_RESULT|DUPLICATE_DOCUMENT,,,,
event_classification,,,,CIPLA_2007-03-31,CIPLA,2007-03-31 00:00:00,2007-07-20 16:22:00,111.0,UNCERTAIN,,confirmed,VERY_LATE_FILING,111,,,
event_classification,,,,CIPLA_2007-06-30,CIPLA,2007-06-30 00:00:00,2007-07-20 16:03:00,20.0,ACTUAL_RESULT,,confirmed,OK,20,,,
event_classification,,,,CIPLA_2007-09-30,CIPLA,2007-09-30 00:00:00,2007-10-24 16:07:00,24.0,ACTUAL_RESULT,,confirmed,MULTIPLE_HUMAN_PRIMARY_RESULTS|DUPLICATE_DOCUMENT,24,,,
event_classification,,,,CIPLA_2007-12-31,CIPLA,2007-12-31 00:00:00,2008-01-24 16:20:00,24.0,ACTUAL_RESULT,,confirmed,OK,24,,,
event_classification,,,,CIPLA_2008-03-31,CIPLA,2008-03-31 00:00:00,2008-07-18 16:32:00,109.0,UNCERTAIN,,confirmed,MULTIPLE_HUMAN_PRIMARY_RESULTS|VERY_LATE_FILING|DUPLICATE_DOCUMENT,109,,,
event_classification,,,,CIPLA_2008-06-30,CIPLA,2008-06-30 00:00:00,2008-07-18 16:13:00,18.0,ACTUAL_RESULT,,confirmed,OK,18,,,
event_classification,,,,CIPLA_2008-09-30,CIPLA,2008-09-30 00:00:00,2008-10-22 16:36:00,22.0,ACTUAL_RESULT,,confirmed,OK,22,,,
event_classification,,,,CIPLA_2008-12-31,CIPLA,2008-12-31 00:00:00,2009-01-22 16:55:00,22.0,ACTUAL_RESULT,,confirmed,OK,22,,,
event_classification,,,,CIPLA_2009-03-31,CIPLA,2009-03-31 00:00:00,2009-07-15 16:10:00,106.0,UNCERTAIN,,confirmed,MULTIPLE_HUMAN_PRIMARY_RESULTS|VERY_LATE_FILING|DUPLICATE_DOCUMENT,106,,,
event_classification,,,,CIPLA_2009-06-30,CIPLA,2009-06-30 00:00:00,2009-07-29 15:03:00,29.0,ACTUAL_RESULT,,confirmed,OK,29,,,
event_classification,,,,CIPLA_2009-09-30,CIPLA,2009-09-30 00:00:00,2009-10-28 16:06:00,28.0,ACTUAL_RESULT,,confirmed,OK,28,,,
event_classification,,,,CIPLA_2009-12-31,CIPLA,2009-12-31 00:00:00,2010-01-28 16:12:00,28.0,ACTUAL_RESULT,,confirmed,OK,28,,,
event_classification,,,,CIPLA_2010-03-31,CIPLA,2010-03-31 00:00:00,2010-06-15 16:10:00,76.0,ACTUAL_RESULT,,confirmed,MULTIPLE_HUMAN_PRIMARY_RESULTS|DUPLICATE_DOCUMENT|UNCLASSIFIED_DOCUMENT,76,,,
event_classification,,,,CIPLA_2010-06-30,CIPLA,2010-06-30 00:00:00,2010-08-13 16:05:00,44.0,ACTUAL_RESULT,,confirmed,OK,44,,,
event_classification,,,,CIPLA_2010-09-30,CIPLA,2010-09-30 00:00:00,2010-11-11 16:02:00,42.0,ACTUAL_RESULT,,confirmed,MULTIPLE_HUMAN_PRIMARY_RESULTS,42,,,
event_classification,,,,CIPLA_2010-12-31,CIPLA,2010-12-31 00:00:00,2011-02-04 16:11:00,35.0,ACTUAL_RESULT,,confirmed,MULTIPLE_HUMAN_PRIMARY_RESULTS,35,,,
event_classification,,,,CIPLA_2011-03-31,CIPLA,2011-03-31 00:00:00,2011-06-29 17:41:00,90.0,ACTUAL_RESULT,,confirmed,MULTIPLE_HUMAN_PRIMARY_RESULTS|DUPLICATE_DOCUMENT,90,,,
event_classification,,,,CIPLA_2011-06-30,CIPLA,2011-06-30 00:00:00,2011-08-05 16:01:00,36.0,ACTUAL_RESULT,,confirmed,MULTIPLE_HUMAN_PRIMARY_RESULTS,36,,,
event_classification,,,,CIPLA_2011-09-30,CIPLA,2011-09-30 00:00:00,2011-11-14 16:26:00,45.0,ACTUAL_RESULT,,confirmed,MULTIPLE_HUMAN_PRIMARY_RESULTS,45,,,
event_classification,,,,CIPLA_2011-12-31,CIPLA,2011-12-31 00:00:00,2012-02-13 16:36:59,44.0,ACTUAL_RESULT,,confirmed,OK,44,,,
event_classification,,,,CIPLA_2012-03-31,CIPLA,2012-03-31 00:00:00,2012-05-10 16:19:00,40.0,ACTUAL_RESULT,,confirmed,MULTIPLE_HUMAN_PRIMARY_RESULTS,40,,,
event_classification,,,,CIPLA_2012-06-30,CIPLA,2012-06-30 00:00:00,2012-07-31 16:28:42,31.0,ACTUAL_RESULT,,confirmed,OK,31,,,
event_classification,,,,CIPLA_2012-09-30,CIPLA,2012-09-30 00:00:00,2012-11-05 16:29:23,36.0,ACTUAL_RESULT,,confirmed,OK,36,,,
event_classification,,,,CIPLA_2012-12-31,CIPLA,2012-12-31 00:00:00,2013-02-06 16:42:00,37.0,ACTUAL_RESULT,,confirmed,MULTIPLE_HUMAN_PRIMARY_RESULTS,37,,,
event_classification,,,,CIPLA_2013-03-31,CIPLA,2013-03-31 00:00:00,2013-05-29 18:04:00,59.0,ACTUAL_RESULT,,confirmed,MULTIPLE_HUMAN_PRIMARY_RESULTS|DUPLICATE_DOCUMENT,59,,,
event_classification,,,,CIPLA_2013-06-30,CIPLA,2013-06-30 00:00:00,2013-08-12 08:56:51,43.0,ACTUAL_RESULT,,confirmed,OK,43,,,
event_classification,,,,CIPLA_2013-09-30,CIPLA,2013-09-30 00:00:00,2013-11-13 18:03:02,44.0,ACTUAL_RESULT,,confirmed,MULTIPLE_HUMAN_PRIMARY_RESULTS|DUPLICATE_DOCUMENT,44,,,
event_classification,,,,CIPLA_2013-12-31,CIPLA,2013-12-31 00:00:00,2014-02-12 19:15:02,43.0,ACTUAL_RESULT,,confirmed,OK,43,,,
event_classification,,,,CIPLA_2014-03-31,CIPLA,2014-03-31 00:00:00,2014-05-29 18:15:02,59.0,ACTUAL_RESULT,,confirmed,OK,59,,,
event_classification,,,,CIPLA_2014-06-30,CIPLA,2014-06-30 00:00:00,2014-08-14 17:35:03,45.0,ACTUAL_RESULT,,confirmed,OK,45,,,
event_classification,,,,CIPLA_2014-09-30,CIPLA,2014-09-30 00:00:00,2014-11-13 18:59:02,44.0,ACTUAL_RESULT,,confirmed,DUPLICATE_DOCUMENT|MANY_PRE_ANNOUNCEMENTS,44,,,
event_classification,,,,CIPLA_2014-12-31,CIPLA,2014-12-31 00:00:00,2015-02-12 18:11:02,43.0,ACTUAL_RESULT,,confirmed,OK,43,,,
event_classification,,,,CIPLA_2015-03-31,CIPLA,2015-03-31 00:00:00,2015-05-29 18:15:03,59.0,ACTUAL_RESULT,,confirmed,OK,59,,,
event_classification,,,,CIPLA_2015-06-30,CIPLA,2015-06-30 00:00:00,2015-08-14 19:21:48,45.0,ACTUAL_RESULT,,confirmed,OK,45,,,
event_classification,,,,CIPLA_2015-09-30,CIPLA,2015-09-30 00:00:00,2015-11-05 16:47:39,36.0,ACTUAL_RESULT,,confirmed,MANY_PRE_ANNOUNCEMENTS,36,,,
event_classification,,,,CIPLA_2015-12-31,CIPLA,2015-12-31 00:00:00,2016-02-10 16:25:51,41.0,ACTUAL_RESULT,,confirmed,OK,41,,,
event_classification,,,,CIPLA_2016-03-31,CIPLA,2016-03-31 00:00:00,2016-05-24 17:58:03,54.0,ACTUAL_RESULT,,confirmed,OK,54,,,
event_classification,,,,CIPLA_2016-06-30,CIPLA,2016-06-30 00:00:00,2016-08-12 15:36:50,43.0,ACTUAL_RESULT,,confirmed,OK,43,,,
event_classification,,,,CIPLA_2016-09-30,CIPLA,2016-09-30 00:00:00,2016-11-09 16:40:03,40.0,ACTUAL_RESULT,,confirmed,OK,40,,,
event_classification,,,,CIPLA_2016-12-31,CIPLA,2016-12-31 00:00:00,2017-02-08 16:37:54,39.0,ACTUAL_RESULT,,confirmed,MANY_PRE_ANNOUNCEMENTS,39,,,
event_classification,,,,CIPLA_2017-03-31,CIPLA,2017-03-31 00:00:00,2017-05-25 16:14:23,55.0,ACTUAL_RESULT,,confirmed,OK,55,,,
event_classification,,,,CIPLA_2017-06-30,CIPLA,2017-06-30 00:00:00,2017-08-11 13:30:20,42.0,ACTUAL_RESULT,,confirmed,OK,42,,,
event_classification,,,,CIPLA_2017-09-30,CIPLA,2017-09-30 00:00:00,2017-11-07 13:53:23,38.0,ACTUAL_RESULT,,confirmed,OK,38,,,
event_classification,,,,CIPLA_2017-12-31,CIPLA,2017-12-31 00:00:00,2018-02-07 16:11:30,38.0,ACTUAL_RESULT,,confirmed,OK,38,,,
event_classification,,,,CIPLA_2018-03-31,CIPLA,2018-03-31 00:00:00,2018-05-22 16:09:57,52.0,ACTUAL_RESULT,,confirmed,OK,52,,,
event_classification,,,,CIPLA_2018-06-30,CIPLA,2018-06-30 00:00:00,2018-08-08 16:12:22,39.0,ACTUAL_RESULT,,confirmed,MANY_PRE_ANNOUNCEMENTS,39,,,
event_classification,,,,CIPLA_2018-09-30,CIPLA,2018-09-30 00:00:00,2018-11-05 12:38:46,36.0,ACTUAL_RESULT,,confirmed,OK,36,,,
event_classification,,,,CIPLA_2018-12-31,CIPLA,2018-12-31 00:00:00,2019-02-06 14:51:54,37.0,ACTUAL_RESULT,,confirmed,OK,37,,,
event_classification,,,,CIPLA_2019-03-31,CIPLA,2019-03-31 00:00:00,2019-05-22 13:17:17,52.0,ACTUAL_RESULT,,confirmed,OK,52,,,
event_classification,,,,CIPLA_2019-06-30,CIPLA,2019-06-30 00:00:00,2019-08-07 15:39:54,38.0,ACTUAL_RESULT,,confirmed,OK,38,,,
event_classification,,,,CIPLA_2019-09-30,CIPLA,2019-09-30 00:00:00,2019-11-06 15:51:41,37.0,ACTUAL_RESULT,,confirmed,UNCLASSIFIED_DOCUMENT,37,,,
event_classification,,,,CIPLA_2019-12-31,CIPLA,2019-12-31 00:00:00,2020-02-05 15:18:46,36.0,ACTUAL_RESULT,,confirmed,OK,36,,,
event_classification,,,,CIPLA_2020-03-31,CIPLA,2020-03-31 00:00:00,2020-05-15 18:56:52,45.0,ACTUAL_RESULT,,confirmed,OK,45,,,
event_classification,,,,CIPLA_2020-06-30,CIPLA,2020-06-30 00:00:00,2020-08-07 18:43:42,38.0,ACTUAL_RESULT,,confirmed,MULTIPLE_HUMAN_PRIMARY_RESULTS|MANY_PRE_ANNOUNCEMENTS,38,,,
event_classification,,,,CIPLA_2020-09-30,CIPLA,2020-09-30 00:00:00,2020-11-06 18:14:26,37.0,ACTUAL_RESULT,,confirmed,OK,37,,,
event_classification,,,,CIPLA_2020-12-31,CIPLA,2020-12-31 00:00:00,2021-01-29 16:33:23,29.0,ACTUAL_RESULT,,confirmed,OK,29,,,
event_classification,,,,CIPLA_2021-03-31,CIPLA,2021-03-31 00:00:00,2021-05-14 18:12:57,44.0,ACTUAL_RESULT,,confirmed,OK,44,,,
event_classification,,,,CIPLA_2021-06-30,CIPLA,2021-06-30 00:00:00,2021-08-05 18:59:45,36.0,ACTUAL_RESULT,,confirmed,OK,36,,,
event_classification,,,,CIPLA_2021-09-30,CIPLA,2021-09-30 00:00:00,2021-10-26 18:32:24,26.0,ACTUAL_RESULT,,confirmed,OK,26,,,
event_classification,,,,CIPLA_2021-12-31,CIPLA,2021-12-31 00:00:00,2022-01-25 17:39:00,25.0,ACTUAL_RESULT,,confirmed,MANY_PRE_ANNOUNCEMENTS,25,,,
event_classification,,,,CIPLA_2022-03-31,CIPLA,2022-03-31 00:00:00,2022-05-10 18:34:22,40.0,ACTUAL_RESULT,,confirmed,OK,40,,,
event_classification,,,,CIPLA_2022-06-30,CIPLA,2022-06-30 00:00:00,NaT,,UNCERTAIN,,no_primary_result,MISSING_RESULT,,,,
event_classification,,,,CIPLA_2022-09-30,CIPLA,2022-09-30 00:00:00,NaT,,UNCERTAIN,,no_primary_result,MISSING_RESULT|MANY_PRE_ANNOUNCEMENTS,,,,
event_classification,,,,CIPLA_2022-12-31,CIPLA,2022-12-31 00:00:00,2023-01-25 14:09:02,25.0,ACTUAL_RESULT,,confirmed,MANY_PRE_ANNOUNCEMENTS,25,,,
event_classification,,,,CIPLA_2023-03-31,CIPLA,2023-03-31 00:00:00,2023-05-12 14:59:14,42.0,ACTUAL_RESULT,,confirmed,OK,42,,,
event_classification,,,,CIPLA_2023-06-30,CIPLA,2023-06-30 00:00:00,2023-07-26 15:11:38,26.0,ACTUAL_RESULT,,confirmed,OK,26,,,
event_classification,,,,CIPLA_2023-09-30,CIPLA,2023-09-30 00:00:00,2023-10-27 13:46:47,27.0,ACTUAL_RESULT,,confirmed,OK,27,,,
event_classification,,,,CIPLA_2023-12-31,CIPLA,2023-12-31 00:00:00,2024-01-22 18:48:31,22.0,ACTUAL_RESULT,,confirmed,OK,22,,,
event_classification,,,,CIPLA_2024-03-31,CIPLA,2024-03-31 00:00:00,2024-05-10 14:30:02,40.0,ACTUAL_RESULT,,confirmed,OK,40,,,
event_classification,,,,CIPLA_2024-06-30,CIPLA,2024-06-30 00:00:00,2024-07-26 15:02:38,26.0,ACTUAL_RESULT,,confirmed,OK,26,,,
event_classification,,,,CIPLA_2024-09-30,CIPLA,2024-09-30 00:00:00,2024-10-29 14:17:04,29.0,ACTUAL_RESULT,,confirmed,OK,29,,,
event_classification,,,,CIPLA_2024-12-31,CIPLA,2024-12-31 00:00:00,2025-01-28 13:52:44,28.0,ACTUAL_RESULT,,confirmed,OK,28,,,
event_classification,,,,CIPLA_2025-03-31,CIPLA,2025-03-31 00:00:00,NaT,,UNCERTAIN,,no_primary_result,MISSING_RESULT,,,,
event_classification,,,,CIPLA_2025-06-30,CIPLA,2025-06-30 00:00:00,2025-07-25 13:18:07,25.0,ACTUAL_RESULT,,confirmed,OK,25,,,
event_classification,,,,CIPLA_2025-09-30,CIPLA,2025-09-30 00:00:00,2025-10-30 12:51:16,30.0,ACTUAL_RESULT,,confirmed,OK,30,,,
event_classification,,,,CIPLA_2025-12-31,CIPLA,2025-12-31 00:00:00,2026-01-23 13:27:17,23.0,ACTUAL_RESULT,,confirmed,OK,23,,,
event_classification,,,,CIPLA_2026-03-31,CIPLA,2026-03-31 00:00:00,2026-05-13 12:36:49,43.0,ACTUAL_RESULT,,confirmed,OK,43,,,
event_classification,,,,CIPLA_2026-06-30,CIPLA,2026-06-30 00:00:00,2026-07-23 12:00:06,23.0,ACTUAL_RESULT,,confirmed,OK,23,,,
event_classification,,,,CIPLA_2026-09-30,CIPLA,2026-09-30 00:00:00,NaT,,UNCERTAIN,,no_primary_result,MISSING_RESULT,,,,
event_classification,,,,COALINDIA_2010-12-31,COALINDIA,2010-12-31 00:00:00,2011-02-14 17:38:10,45.0,ACTUAL_RESULT,,confirmed,OK,45,,,
event_classification,,,,COALINDIA_2011-03-31,COALINDIA,2011-03-31 00:00:00,2011-05-25 18:26:24,55.0,ACTUAL_RESULT,,confirmed,MULTIPLE_HUMAN_PRIMARY_RESULTS|HUMAN_PRIMARY_RESULT_BEFORE_PERIOD_END,55,,,
event_classification,,,,COALINDIA_2011-06-30,COALINDIA,2011-06-30 00:00:00,2011-08-12 17:57:36,43.0,ACTUAL_RESULT,,confirmed,OK,43,,,
event_classification,,,,COALINDIA_2011-09-30,COALINDIA,2011-09-30 00:00:00,2011-11-12 18:35:00,43.0,ACTUAL_RESULT,,confirmed,MULTIPLE_HUMAN_PRIMARY_RESULTS|DUPLICATE_DOCUMENT,43,,,
event_classification,,,,COALINDIA_2011-12-31,COALINDIA,2011-12-31 00:00:00,2012-02-13 15:27:00,44.0,ACTUAL_RESULT,,confirmed,MULTIPLE_HUMAN_PRIMARY_RESULTS|DUPLICATE_DOCUMENT,44,,,
event_classification,,,,COALINDIA_2012-03-31,COALINDIA,2012-03-31 00:00:00,2012-05-18 18:32:00,48.0,ACTUAL_RESULT,,confirmed,MULTIPLE_HUMAN_PRIMARY_RESULTS|DUPLICATE_DOCUMENT,48,,,
event_classification,,,,COALINDIA_2012-06-30,COALINDIA,2012-06-30 00:00:00,2012-08-13 17:01:20,44.0,ACTUAL_RESULT,,confirmed,MULTIPLE_HUMAN_PRIMARY_RESULTS|HUMAN_PRIMARY_RESULT_BEFORE_PERIOD_END,44,,,
event_classification,,,,COALINDIA_2012-09-30,COALINDIA,2012-09-30 00:00:00,2012-11-09 16:55:00,40.0,ACTUAL_RESULT,,confirmed,MULTIPLE_HUMAN_PRIMARY_RESULTS|DUPLICATE_DOCUMENT,40,,,
event_classification,,,,COALINDIA_2012-12-31,COALINDIA,2012-12-31 00:00:00,2013-02-13 17:20:00,44.0,ACTUAL_RESULT,,confirmed,MULTIPLE_HUMAN_PRIMARY_RESULTS|DUPLICATE_DOCUMENT,44,,,
event_classification,,,,COALINDIA_2013-03-31,COALINDIA,2013-03-31 00:00:00,2013-05-27 17:17:00,57.0,ACTUAL_RESULT,,confirmed,MULTIPLE_HUMAN_PRIMARY_RESULTS|DUPLICATE_DOCUMENT,57,,,
event_classification,,,,COALINDIA_2013-06-30,COALINDIA,2013-06-30 00:00:00,2013-08-05 11:31:42,36.0,ACTUAL_RESULT,,confirmed,OK,36,,,
event_classification,,,,COALINDIA_2013-09-30,COALINDIA,2013-09-30 00:00:00,2013-11-13 18:51:02,44.0,ACTUAL_RESULT,,confirmed,MULTIPLE_HUMAN_PRIMARY_RESULTS,44,,,
event_classification,,,,COALINDIA_2013-12-31,COALINDIA,2013-12-31 00:00:00,2014-02-12 18:19:02,43.0,ACTUAL_RESULT,,confirmed,OK,43,,,
event_classification,,,,COALINDIA_2014-03-31,COALINDIA,2014-03-31 00:00:00,2014-05-29 14:07:02,59.0,ACTUAL_RESULT,,confirmed,MULTIPLE_HUMAN_PRIMARY_RESULTS,59,,,
event_classification,,,,COALINDIA_2014-06-30,COALINDIA,2014-06-30 00:00:00,2014-08-12 18:19:03,43.0,ACTUAL_RESULT,,confirmed,OK,43,,,
event_classification,,,,COALINDIA_2014-09-30,COALINDIA,2014-09-30 00:00:00,2014-11-08 18:39:02,39.0,ACTUAL_RESULT,,confirmed,OK,39,,,
event_classification,,,,COALINDIA_2014-12-31,COALINDIA,2014-12-31 00:00:00,2015-02-12 20:03:03,43.0,ACTUAL_RESULT,,confirmed,OK,43,,,
event_classification,,,,COALINDIA_2015-03-31,COALINDIA,2015-03-31 00:00:00,2015-05-28 17:11:03,58.0,ACTUAL_RESULT,,confirmed,OK,58,,,
event_classification,,,,COALINDIA_2015-06-30,COALINDIA,2015-06-30 00:00:00,2015-08-12 18:41:28,43.0,ACTUAL_RESULT,,confirmed,OK,43,,,
event_classification,,,,COALINDIA_2015-09-30,COALINDIA,2015-09-30 00:00:00,2015-11-13 19:32:03,44.0,ACTUAL_RESULT,,confirmed,OK,44,,,
event_classification,,,,COALINDIA_2015-12-31,COALINDIA,2015-12-31 00:00:00,2016-02-11 16:31:01,42.0,ACTUAL_RESULT,,confirmed,OK,42,,,
event_classification,,,,COALINDIA_2016-03-31,COALINDIA,2016-03-31 00:00:00,2016-05-29 01:42:28,59.0,ACTUAL_RESULT,,confirmed,UNCLASSIFIED_DOCUMENT,59,,,
event_classification,,,,COALINDIA_2016-06-30,COALINDIA,2016-06-30 00:00:00,2016-09-13 16:54:39,75.0,ACTUAL_RESULT,,confirmed,OK,75,,,
event_classification,,,,COALINDIA_2016-09-30,COALINDIA,2016-09-30 00:00:00,2016-12-13 17:42:14,74.0,ACTUAL_RESULT,,confirmed,OK,74,,,
event_classification,,,,COALINDIA_2016-12-31,COALINDIA,2016-12-31 00:00:00,2017-02-11 18:28:38,42.0,ACTUAL_RESULT,,confirmed,OK,42,,,
event_classification,,,,COALINDIA_2017-03-31,COALINDIA,2017-03-31 00:00:00,2017-05-29 17:30:27,59.0,ACTUAL_RESULT,,confirmed,UNCLASSIFIED_DOCUMENT|MANY_PRE_ANNOUNCEMENTS,59,,,
event_classification,,,,COALINDIA_2017-06-30,COALINDIA,2017-06-30 00:00:00,2017-08-14 18:00:15,45.0,ACTUAL_RESULT,,confirmed,OK,45,,,
event_classification,,,,COALINDIA_2017-09-30,COALINDIA,2017-09-30 00:00:00,2017-11-11 21:24:29,42.0,ACTUAL_RESULT,,confirmed,OK,42,,,
event_classification,,,,COALINDIA_2017-12-31,COALINDIA,2017-12-31 00:00:00,2018-02-10 18:33:43,41.0,ACTUAL_RESULT,,confirmed,OK,41,,,
event_classification,,,,COALINDIA_2018-03-31,COALINDIA,2018-03-31 00:00:00,2018-05-29 15:03:31,59.0,ACTUAL_RESULT,,confirmed,UNCLASSIFIED_DOCUMENT,59,,,
event_classification,,,,COALINDIA_2018-06-30,COALINDIA,2018-06-30 00:00:00,2018-08-11 15:56:12,42.0,ACTUAL_RESULT,,confirmed,OK,42,,,
event_classification,,,,COALINDIA_2018-09-30,COALINDIA,2018-09-30 00:00:00,2018-11-12 19:50:47,43.0,ACTUAL_RESULT,,confirmed,OK,43,,,
event_classification,,,,COALINDIA_2018-12-31,COALINDIA,2018-12-31 00:00:00,2019-02-12 19:51:41,43.0,ACTUAL_RESULT,,confirmed,OK,43,,,
event_classification,,,,COALINDIA_2019-03-31,COALINDIA,2019-03-31 00:00:00,2019-05-30 17:23:59,60.0,ACTUAL_RESULT,,confirmed,UNCLASSIFIED_DOCUMENT,60,,,
event_classification,,,,COALINDIA_2019-06-30,COALINDIA,2019-06-30 00:00:00,2019-08-13 19:27:01,44.0,ACTUAL_RESULT,,confirmed,OK,44,,,
event_classification,,,,COALINDIA_2019-09-30,COALINDIA,2019-09-30 00:00:00,2019-11-11 21:55:11,42.0,ACTUAL_RESULT,,confirmed,OK,42,,,
event_classification,,,,COALINDIA_2019-12-31,COALINDIA,2019-12-31 00:00:00,2020-02-11 19:08:13,42.0,ACTUAL_RESULT,,confirmed,OK,42,,,
event_classification,,,,COALINDIA_2020-03-31,COALINDIA,2020-03-31 00:00:00,2020-06-26 16:29:04,87.0,ACTUAL_RESULT,,confirmed,OK,87,,,
event_classification,,,,COALINDIA_2020-06-30,COALINDIA,2020-06-30 00:00:00,2020-09-02 18:25:35,64.0,ACTUAL_RESULT,,confirmed,OK,64,,,
event_classification,,,,COALINDIA_2020-09-30,COALINDIA,2020-09-30 00:00:00,2020-11-11 16:13:30,42.0,ACTUAL_RESULT,,confirmed,UNCLASSIFIED_DOCUMENT,42,,,
event_classification,,,,COALINDIA_2020-12-31,COALINDIA,2020-12-31 00:00:00,2021-02-11 14:32:05,42.0,ACTUAL_RESULT,,confirmed,UNCLASSIFIED_DOCUMENT,42,,,
event_classification,,,,COALINDIA_2021-03-31,COALINDIA,2021-03-31 00:00:00,2021-06-14 16:23:30,75.0,ACTUAL_RESULT,,confirmed,OK,75,,,
event_classification,,,,COALINDIA_2021-06-30,COALINDIA,2021-06-30 00:00:00,2021-08-10 14:22:41,41.0,ACTUAL_RESULT,,confirmed,UNCLASSIFIED_DOCUMENT,41,,,
event_classification,,,,COALINDIA_2021-09-30,COALINDIA,2021-09-30 00:00:00,2021-11-12 18:26:29,43.0,ACTUAL_RESULT,,confirmed,OK,43,,,
event_classification,,,,COALINDIA_2021-12-31,COALINDIA,2021-12-31 00:00:00,2022-02-14 17:34:22,45.0,ACTUAL_RESULT,,confirmed,OK,45,,,
event_classification,,,,COALINDIA_2022-03-31,COALINDIA,2022-03-31 00:00:00,2022-05-25 17:03:34,55.0,ACTUAL_RESULT,,confirmed,MANY_PRE_ANNOUNCEMENTS,55,,,
event_classification,,,,COALINDIA_2022-06-30,COALINDIA,2022-06-30 00:00:00,NaT,,UNCERTAIN,,no_primary_result,MISSING_RESULT|MANY_PRE_ANNOUNCEMENTS,,,,
event_classification,,,,COALINDIA_2022-09-30,COALINDIA,2022-09-30 00:00:00,2022-08-10 17:52:36,-51.0,BOARD_EVENT,,confirmed,ANNOUNCEMENT_BEFORE_PERIOD_END|HUMAN_PRIMARY_RESULT_BEFORE_PERIOD_END|MANY_PRE_ANNOUNCEMENTS,-51,,,
event_classification,,,,COALINDIA_2022-12-31,COALINDIA,2022-12-31 00:00:00,2023-01-31 18:01:01,31.0,ACTUAL_RESULT,,confirmed,MANY_PRE_ANNOUNCEMENTS,31,,,
event_classification,,,,COALINDIA_2023-03-31,COALINDIA,2023-03-31 00:00:00,2023-05-07 12:14:53,37.0,ACTUAL_RESULT,,confirmed,MANY_PRE_ANNOUNCEMENTS,37,,,
event_classification,,,,COALINDIA_2023-06-30,COALINDIA,2023-06-30 00:00:00,2023-08-08 17:27:41,39.0,ACTUAL_RESULT,,confirmed,OK,39,,,
event_classification,,,,COALINDIA_2023-09-30,COALINDIA,2023-09-30 00:00:00,2023-11-10 16:34:14,41.0,ACTUAL_RESULT,,confirmed,OK,41,,,
event_classification,,,,COALINDIA_2023-12-31,COALINDIA,2023-12-31 00:00:00,2024-02-12 18:52:14,43.0,ACTUAL_RESULT,,confirmed,OK,43,,,
event_classification,,,,COALINDIA_2024-03-31,COALINDIA,2024-03-31 00:00:00,2024-05-02 18:13:05,32.0,ACTUAL_RESULT,,confirmed,OK,32,,,
event_classification,,,,COALINDIA_2024-06-30,COALINDIA,2024-06-30 00:00:00,2024-07-31 16:53:51,31.0,ACTUAL_RESULT,,confirmed,OK,31,,,
event_classification,,,,COALINDIA_2024-09-30,COALINDIA,2024-09-30 00:00:00,2024-10-25 20:59:25,25.0,ACTUAL_RESULT,,confirmed,OK,25,,,
event_classification,,,,COALINDIA_2024-12-31,COALINDIA,2024-12-31 00:00:00,2025-01-27 16:04:07,27.0,ACTUAL_RESULT,,confirmed,OK,27,,,
event_classification,,,,COALINDIA_2025-03-31,COALINDIA,2025-03-31 00:00:00,2025-05-07 16:45:32,37.0,ACTUAL_RESULT,,confirmed,OK,37,,,
event_classification,,,,COALINDIA_2025-06-30,COALINDIA,2025-06-30 00:00:00,2025-07-31 17:14:58,31.0,ACTUAL_RESULT,,confirmed,OK,31,,,
event_classification,,,,COALINDIA_2025-09-30,COALINDIA,2025-09-30 00:00:00,2025-10-29 13:43:45,29.0,ACTUAL_RESULT,,confirmed,OK,29,,,
event_classification,,,,COALINDIA_2025-12-31,COALINDIA,2025-12-31 00:00:00,2026-02-12 18:53:58,43.0,ACTUAL_RESULT,,confirmed,OK,43,,,
event_classification,,,,COALINDIA_2026-03-31,COALINDIA,2026-03-31 00:00:00,2026-04-27 20:31:07,27.0,ACTUAL_RESULT,,confirmed,OK,27,,,
event_classification,,,,COALINDIA_2026-06-30,COALINDIA,2026-06-30 00:00:00,NaT,,UNCERTAIN,,no_primary_result,MISSING_RESULT,,,,
event_classification,,,,COALINDIA_2026-09-30,COALINDIA,2026-09-30 00:00:00,2026-07-27 17:25:36,-65.0,BOARD_EVENT,,confirmed,ANNOUNCEMENT_BEFORE_PERIOD_END|HUMAN_PRIMARY_RESULT_BEFORE_PERIOD_END|MANY_PRE_ANNOUNCEMENTS,-65,,,
event_classification,,,,DRREDDY_2004-12-31,DRREDDY,2004-12-31 00:00:00,NaT,,UNCERTAIN,,no_primary_result,MISSING_RESULT|DUPLICATE_DOCUMENT,,,,
event_classification,,,,DRREDDY_2005-03-31,DRREDDY,2005-03-31 00:00:00,NaT,,UNCERTAIN,,no_primary_result,MISSING_RESULT|DUPLICATE_DOCUMENT,,,,
event_classification,,,,DRREDDY_2005-06-30,DRREDDY,2005-06-30 00:00:00,NaT,,UNCERTAIN,,no_primary_result,MISSING_RESULT|DUPLICATE_DOCUMENT,,,,
event_classification,,,,DRREDDY_2005-09-30,DRREDDY,2005-09-30 00:00:00,NaT,,UNCERTAIN,,no_primary_result,MISSING_RESULT|DUPLICATE_DOCUMENT|MANY_PRE_ANNOUNCEMENTS,,,,
event_classification,,,,DRREDDY_2005-12-31,DRREDDY,2005-12-31 00:00:00,NaT,,UNCERTAIN,,no_primary_result,MISSING_RESULT|DUPLICATE_DOCUMENT,,,,
event_classification,,,,DRREDDY_2006-03-31,DRREDDY,2006-03-31 00:00:00,NaT,,UNCERTAIN,,no_primary_result,MISSING_RESULT|DUPLICATE_DOCUMENT,,,,
event_classification,,,,DRREDDY_2006-06-30,DRREDDY,2006-06-30 00:00:00,NaT,,UNCERTAIN,,no_primary_result,MISSING_RESULT|DUPLICATE_DOCUMENT|MANY_PRE_ANNOUNCEMENTS,,,,
event_classification,,,,DRREDDY_2006-09-30,DRREDDY,2006-09-30 00:00:00,NaT,,UNCERTAIN,,no_primary_result,MISSING_RESULT|DUPLICATE_DOCUMENT,,,,
event_classification,,,,DRREDDY_2006-12-31,DRREDDY,2006-12-31 00:00:00,NaT,,UNCERTAIN,,no_primary_result,MISSING_RESULT|DUPLICATE_DOCUMENT|MANY_PRE_ANNOUNCEMENTS,,,,
event_classification,,,,DRREDDY_2007-03-31,DRREDDY,2007-03-31 00:00:00,NaT,,UNCERTAIN,,no_primary_result,MISSING_RESULT|DUPLICATE_DOCUMENT|UNCLASSIFIED_DOCUMENT,,,,
event_classification,,,,DRREDDY_2007-06-30,DRREDDY,2007-06-30 00:00:00,2007-07-23 16:09:00,23.0,ACTUAL_RESULT,,confirmed,MULTIPLE_HUMAN_PRIMARY_RESULTS|DUPLICATE_DOCUMENT|MANY_PRE_ANNOUNCEMENTS,23,,,
event_classification,,,,DRREDDY_2007-09-30,DRREDDY,2007-09-30 00:00:00,2007-10-24 16:49:00,24.0,ACTUAL_RESULT,,confirmed,MULTIPLE_HUMAN_PRIMARY_RESULTS|DUPLICATE_DOCUMENT,24,,,
event_classification,,,,DRREDDY_2007-12-31,DRREDDY,2007-12-31 00:00:00,2008-01-25 15:59:00,25.0,ACTUAL_RESULT,,confirmed,MULTIPLE_HUMAN_PRIMARY_RESULTS|DUPLICATE_DOCUMENT,25,,,
event_classification,,,,DRREDDY_2008-03-31,DRREDDY,2008-03-31 00:00:00,2008-05-20 14:18:00,50.0,ACTUAL_RESULT,,confirmed,MULTIPLE_HUMAN_PRIMARY_RESULTS|DUPLICATE_DOCUMENT|UNCLASSIFIED_DOCUMENT,50,,,
event_classification,,,,DRREDDY_2008-06-30,DRREDDY,2008-06-30 00:00:00,2008-07-21 14:00:00,21.0,ACTUAL_RESULT,,confirmed,MULTIPLE_HUMAN_PRIMARY_RESULTS|DUPLICATE_DOCUMENT,21,,,
event_classification,,,,DRREDDY_2008-09-30,DRREDDY,2008-09-30 00:00:00,2008-10-23 13:53:00,23.0,ACTUAL_RESULT,,confirmed,MULTIPLE_HUMAN_PRIMARY_RESULTS|DUPLICATE_DOCUMENT,23,,,
event_classification,,,,DRREDDY_2008-12-31,DRREDDY,2008-12-31 00:00:00,2009-01-20 16:29:00,20.0,ACTUAL_RESULT,,confirmed,DUPLICATE_DOCUMENT,20,,,
event_classification,,,,DRREDDY_2009-03-31,DRREDDY,2009-03-31 00:00:00,2009-05-18 15:55:00,48.0,ACTUAL_RESULT,,confirmed,MULTIPLE_HUMAN_PRIMARY_RESULTS|DUPLICATE_DOCUMENT|UNCLASSIFIED_DOCUMENT,48,,,
event_classification,,,,DRREDDY_2009-06-30,DRREDDY,2009-06-30 00:00:00,2009-07-21 16:11:00,21.0,ACTUAL_RESULT,,confirmed,MULTIPLE_HUMAN_PRIMARY_RESULTS|DUPLICATE_DOCUMENT,21,,,
event_classification,,,,DRREDDY_2009-09-30,DRREDDY,2009-09-30 00:00:00,2009-10-23 13:43:00,23.0,ACTUAL_RESULT,,confirmed,MULTIPLE_HUMAN_PRIMARY_RESULTS|DUPLICATE_DOCUMENT,23,,,
event_classification,,,,DRREDDY_2009-12-31,DRREDDY,2009-12-31 00:00:00,2010-01-20 14:11:00,20.0,ACTUAL_RESULT,,confirmed,MULTIPLE_HUMAN_PRIMARY_RESULTS|DUPLICATE_DOCUMENT,20,,,
event_classification,,,,DRREDDY_2010-03-31,DRREDDY,2010-03-31 00:00:00,2010-05-06 13:55:00,36.0,ACTUAL_RESULT,,confirmed,MULTIPLE_HUMAN_PRIMARY_RESULTS|DUPLICATE_DOCUMENT,36,,,
event_classification,,,,DRREDDY_2010-06-30,DRREDDY,2010-06-30 00:00:00,2010-07-22 14:16:00,22.0,ACTUAL_RESULT,,confirmed,OK,22,,,
event_classification,,,,DRREDDY_2010-09-30,DRREDDY,2010-09-30 00:00:00,2010-10-23 13:13:00,23.0,ACTUAL_RESULT,,confirmed,MULTIPLE_HUMAN_PRIMARY_RESULTS,23,,,
event_classification,,,,DRREDDY_2010-12-31,DRREDDY,2010-12-31 00:00:00,2011-01-25 14:07:00,25.0,ACTUAL_RESULT,,confirmed,MULTIPLE_HUMAN_PRIMARY_RESULTS,25,,,
event_classification,,,,DRREDDY_2011-03-31,DRREDDY,2011-03-31 00:00:00,2011-05-13 14:35:00,43.0,ACTUAL_RESULT,,confirmed,MULTIPLE_HUMAN_PRIMARY_RESULTS|DUPLICATE_DOCUMENT,43,,,
event_classification,,,,DRREDDY_2011-06-30,DRREDDY,2011-06-30 00:00:00,2011-07-20 14:40:00,20.0,ACTUAL_RESULT,,confirmed,MULTIPLE_HUMAN_PRIMARY_RESULTS,20,,,
event_classification,,,,DRREDDY_2011-09-30,DRREDDY,2011-09-30 00:00:00,2011-10-25 14:17:00,25.0,ACTUAL_RESULT,,confirmed,MULTIPLE_HUMAN_PRIMARY_RESULTS|DUPLICATE_DOCUMENT,25,,,
event_classification,,,,DRREDDY_2011-12-31,DRREDDY,2011-12-31 00:00:00,2012-02-03 14:10:00,34.0,ACTUAL_RESULT,,confirmed,MULTIPLE_HUMAN_PRIMARY_RESULTS,34,,,
event_classification,,,,DRREDDY_2012-03-31,DRREDDY,2012-03-31 00:00:00,2012-05-11 14:24:00,41.0,ACTUAL_RESULT,,confirmed,MULTIPLE_HUMAN_PRIMARY_RESULTS,41,,,
event_classification,,,,DRREDDY_2012-06-30,DRREDDY,2012-06-30 00:00:00,2012-07-19 14:52:04,19.0,ACTUAL_RESULT,,confirmed,OK,19,,,
event_classification,,,,DRREDDY_2012-09-30,DRREDDY,2012-09-30 00:00:00,2012-10-30 13:36:00,30.0,ACTUAL_RESULT,,confirmed,MULTIPLE_HUMAN_PRIMARY_RESULTS,30,,,
event_classification,,,,DRREDDY_2012-12-31,DRREDDY,2012-12-31 00:00:00,2013-02-14 13:55:00,45.0,ACTUAL_RESULT,,confirmed,MULTIPLE_HUMAN_PRIMARY_RESULTS,45,,,
event_classification,,,,DRREDDY_2013-03-31,DRREDDY,2013-03-31 00:00:00,2013-05-14 14:04:00,44.0,ACTUAL_RESULT,,confirmed,MULTIPLE_HUMAN_PRIMARY_RESULTS|DUPLICATE_DOCUMENT,44,,,
event_classification,,,,DRREDDY_2013-06-30,DRREDDY,2013-06-30 00:00:00,2013-07-30 14:44:25,30.0,ACTUAL_RESULT,,confirmed,MANY_PRE_ANNOUNCEMENTS,30,,,
event_classification,,,,DRREDDY_2013-09-30,DRREDDY,2013-09-30 00:00:00,2013-10-31 14:19:02,31.0,ACTUAL_RESULT,,confirmed,OK,31,,,
event_classification,,,,DRREDDY_2013-12-31,DRREDDY,2013-12-31 00:00:00,2014-02-11 13:47:02,42.0,ACTUAL_RESULT,,confirmed,MULTIPLE_HUMAN_PRIMARY_RESULTS,42,,,
event_classification,,,,DRREDDY_2014-03-31,DRREDDY,2014-03-31 00:00:00,2014-05-13 13:39:02,43.0,ACTUAL_RESULT,,confirmed,MULTIPLE_HUMAN_PRIMARY_RESULTS|DUPLICATE_DOCUMENT,43,,,
event_classification,,,,DRREDDY_2014-06-30,DRREDDY,2014-06-30 00:00:00,2014-07-30 14:03:02,30.0,ACTUAL_RESULT,,confirmed,OK,30,,,
event_classification,,,,DRREDDY_2014-09-30,DRREDDY,2014-09-30 00:00:00,2014-10-29 12:19:02,29.0,ACTUAL_RESULT,,confirmed,OK,29,,,
event_classification,,,,DRREDDY_2014-12-31,DRREDDY,2014-12-31 00:00:00,2015-01-29 13:11:02,29.0,ACTUAL_RESULT,,confirmed,OK,29,,,
event_classification,,,,DRREDDY_2015-03-31,DRREDDY,2015-03-31 00:00:00,2015-05-12 13:27:02,42.0,ACTUAL_RESULT,,confirmed,OK,42,,,
event_classification,,,,DRREDDY_2015-06-30,DRREDDY,2015-06-30 00:00:00,2015-07-30 13:51:56,30.0,ACTUAL_RESULT,,confirmed,OK,30,,,
event_classification,,,,DRREDDY_2015-09-30,DRREDDY,2015-09-30 00:00:00,2015-10-29 16:11:07,29.0,ACTUAL_RESULT,,confirmed,MANY_PRE_ANNOUNCEMENTS,29,,,
event_classification,,,,DRREDDY_2015-12-31,DRREDDY,2015-12-31 00:00:00,2016-02-09 13:20:03,40.0,ACTUAL_RESULT,,confirmed,MANY_PRE_ANNOUNCEMENTS,40,,,
event_classification,,,,DRREDDY_2016-03-31,DRREDDY,2016-03-31 00:00:00,2016-05-12 13:16:55,42.0,ACTUAL_RESULT,,confirmed,MULTIPLE_HUMAN_PRIMARY_RESULTS,42,,,
event_classification,,,,DRREDDY_2016-06-30,DRREDDY,2016-06-30 00:00:00,2016-07-26 14:40:27,26.0,ACTUAL_RESULT,,confirmed,OK,26,,,
event_classification,,,,DRREDDY_2016-09-30,DRREDDY,2016-09-30 00:00:00,2016-11-07 13:15:21,38.0,ACTUAL_RESULT,,confirmed,MANY_PRE_ANNOUNCEMENTS,38,,,
event_classification,,,,DRREDDY_2016-12-31,DRREDDY,2016-12-31 00:00:00,2017-02-04 13:45:04,35.0,ACTUAL_RESULT,,confirmed,OK,35,,,
event_classification,,,,DRREDDY_2017-03-31,DRREDDY,2017-03-31 00:00:00,2017-05-12 13:10:50,42.0,ACTUAL_RESULT,,confirmed,MANY_PRE_ANNOUNCEMENTS,42,,,
event_classification,,,,DRREDDY_2017-06-30,DRREDDY,2017-06-30 00:00:00,2017-07-27 14:26:43,27.0,ACTUAL_RESULT,,confirmed,MANY_PRE_ANNOUNCEMENTS,27,,,
event_classification,,,,DRREDDY_2017-09-30,DRREDDY,2017-09-30 00:00:00,2017-10-31 11:26:36,31.0,ACTUAL_RESULT,,confirmed,MANY_PRE_ANNOUNCEMENTS,31,,,
event_classification,,,,DRREDDY_2017-12-31,DRREDDY,2017-12-31 00:00:00,2018-01-25 11:55:57,25.0,ACTUAL_RESULT,,confirmed,OK,25,,,
event_classification,,,,DRREDDY_2018-03-31,DRREDDY,2018-03-31 00:00:00,2018-05-22 13:06:06,52.0,ACTUAL_RESULT,,confirmed,OK,52,,,
event_classification,,,,DRREDDY_2018-06-30,DRREDDY,2018-06-30 00:00:00,2018-07-26 14:55:26,26.0,ACTUAL_RESULT,,confirmed,MULTIPLE_HUMAN_PRIMARY_RESULTS|HUMAN_PRIMARY_RESULT_BEFORE_PERIOD_END|MANY_PRE_ANNOUNCEMENTS,26,,,
event_classification,,,,DRREDDY_2018-09-30,DRREDDY,2018-09-30 00:00:00,2018-10-26 14:50:05,26.0,ACTUAL_RESULT,,confirmed,MANY_PRE_ANNOUNCEMENTS,26,,,
event_classification,,,,DRREDDY_2018-12-31,DRREDDY,2018-12-31 00:00:00,2019-02-01 14:43:18,32.0,ACTUAL_RESULT,,confirmed,MANY_PRE_ANNOUNCEMENTS,32,,,
event_classification,,,,DRREDDY_2019-03-31,DRREDDY,2019-03-31 00:00:00,2019-05-17 15:00:38,47.0,ACTUAL_RESULT,,confirmed,OK,47,,,
event_classification,,,,DRREDDY_2019-06-30,DRREDDY,2019-06-30 00:00:00,2019-07-29 15:54:44,29.0,ACTUAL_RESULT,,confirmed,UNCLASSIFIED_DOCUMENT|MANY_PRE_ANNOUNCEMENTS,29,,,
event_classification,,,,DRREDDY_2019-09-30,DRREDDY,2019-09-30 00:00:00,2019-11-01 11:25:00,32.0,ACTUAL_RESULT,,confirmed,UNCLASSIFIED_DOCUMENT|MANY_PRE_ANNOUNCEMENTS,32,,,
event_classification,,,,DRREDDY_2019-12-31,DRREDDY,2019-12-31 00:00:00,2020-01-27 11:52:51,27.0,ACTUAL_RESULT,,confirmed,UNCLASSIFIED_DOCUMENT|MANY_PRE_ANNOUNCEMENTS,27,,,
event_classification,,,,DRREDDY_2020-03-31,DRREDDY,2020-03-31 00:00:00,2020-05-20 13:25:28,50.0,ACTUAL_RESULT,,confirmed,MANY_PRE_ANNOUNCEMENTS,50,,,
event_classification,,,,DRREDDY_2020-06-30,DRREDDY,2020-06-30 00:00:00,2020-07-29 13:21:16,29.0,ACTUAL_RESULT,,confirmed,UNCLASSIFIED_DOCUMENT|MANY_PRE_ANNOUNCEMENTS,29,,,
event_classification,,,,DRREDDY_2020-09-30,DRREDDY,2020-09-30 00:00:00,2020-10-28 13:25:44,28.0,ACTUAL_RESULT,,confirmed,MANY_PRE_ANNOUNCEMENTS,28,,,
event_classification,,,,DRREDDY_2020-12-31,DRREDDY,2020-12-31 00:00:00,2021-01-29 11:29:11,29.0,ACTUAL_RESULT,,confirmed,MANY_PRE_ANNOUNCEMENTS,29,,,
event_classification,,,,DRREDDY_2021-03-31,DRREDDY,2021-03-31 00:00:00,2021-05-14 12:26:27,44.0,ACTUAL_RESULT,,confirmed,MANY_PRE_ANNOUNCEMENTS,44,,,
event_classification,,,,DRREDDY_2021-06-30,DRREDDY,2021-06-30 00:00:00,2021-07-27 11:23:45,27.0,ACTUAL_RESULT,,confirmed,MANY_PRE_ANNOUNCEMENTS,27,,,
event_classification,,,,DRREDDY_2021-09-30,DRREDDY,2021-09-30 00:00:00,2021-10-29 13:53:50,29.0,ACTUAL_RESULT,,confirmed,OK,29,,,
event_classification,,,,DRREDDY_2021-12-31,DRREDDY,2021-12-31 00:00:00,2022-01-28 12:35:00,28.0,ACTUAL_RESULT,,confirmed,OK,28,,,
event_classification,,,,DRREDDY_2022-03-31,DRREDDY,2022-03-31 00:00:00,2022-05-19 13:09:52,49.0,ACTUAL_RESULT,,confirmed,OK,49,,,
event_classification,,,,DRREDDY_2022-06-30,DRREDDY,2022-06-30 00:00:00,2022-07-28 16:01:42,28.0,ACTUAL_RESULT,,confirmed,UNCLASSIFIED_DOCUMENT|MANY_PRE_ANNOUNCEMENTS,28,,,
event_classification,,,,DRREDDY_2022-09-30,DRREDDY,2022-09-30 00:00:00,2022-10-28 16:23:52,28.0,ACTUAL_RESULT,,confirmed,OK,28,,,
event_classification,,,,DRREDDY_2022-12-31,DRREDDY,2022-12-31 00:00:00,2023-01-25 16:09:21,25.0,ACTUAL_RESULT,,confirmed,MULTIPLE_HUMAN_PRIMARY_RESULTS,25,,,
event_classification,,,,DRREDDY_2023-03-31,DRREDDY,2023-03-31 00:00:00,2023-05-10 17:14:12,40.0,ACTUAL_RESULT,,confirmed,OK,40,,,
event_classification,,,,DRREDDY_2023-06-30,DRREDDY,2023-06-30 00:00:00,2023-07-26 16:02:19,26.0,ACTUAL_RESULT,,confirmed,MULTIPLE_HUMAN_PRIMARY_RESULTS,26,,,
event_classification,,,,DRREDDY_2023-09-30,DRREDDY,2023-09-30 00:00:00,2023-10-27 15:24:07,27.0,ACTUAL_RESULT,,confirmed,MULTIPLE_HUMAN_PRIMARY_RESULTS,27,,,
event_classification,,,,DRREDDY_2023-12-31,DRREDDY,2023-12-31 00:00:00,2024-01-30 15:58:53,30.0,ACTUAL_RESULT,,confirmed,MULTIPLE_HUMAN_PRIMARY_RESULTS,30,,,
event_classification,,,,DRREDDY_2024-03-31,DRREDDY,2024-03-31 00:00:00,2024-05-07 16:11:01,37.0,ACTUAL_RESULT,,confirmed,OK,37,,,
event_classification,,,,DRREDDY_2024-06-30,DRREDDY,2024-06-30 00:00:00,2024-07-27 16:13:24,27.0,ACTUAL_RESULT,,confirmed,MANY_PRE_ANNOUNCEMENTS,27,,,
event_classification,,,,DRREDDY_2024-09-30,DRREDDY,2024-09-30 00:00:00,2024-11-05 16:05:19,36.0,ACTUAL_RESULT,,confirmed,OK,36,,,
event_classification,,,,DRREDDY_2024-12-31,DRREDDY,2024-12-31 00:00:00,2025-01-23 17:00:02,23.0,ACTUAL_RESULT,,confirmed,OK,23,,,
event_classification,,,,DRREDDY_2025-03-31,DRREDDY,2025-03-31 00:00:00,NaT,,UNCERTAIN,,no_primary_result,MISSING_RESULT,,,,
event_classification,,,,DRREDDY_2025-06-30,DRREDDY,2025-06-30 00:00:00,2025-07-23 16:37:13,23.0,ACTUAL_RESULT,,confirmed,MANY_PRE_ANNOUNCEMENTS,23,,,
event_classification,,,,DRREDDY_2025-09-30,DRREDDY,2025-09-30 00:00:00,2025-10-24 16:44:48,24.0,ACTUAL_RESULT,,confirmed,OK,24,,,
event_classification,,,,DRREDDY_2025-12-31,DRREDDY,2025-12-31 00:00:00,2026-01-21 17:03:34,21.0,ACTUAL_RESULT,,confirmed,OK,21,,,
event_classification,,,,DRREDDY_2026-03-31,DRREDDY,2026-03-31 00:00:00,2026-05-12 16:39:16,42.0,ACTUAL_RESULT,,confirmed,OK,42,,,
event_classification,,,,DRREDDY_2026-06-30,DRREDDY,2026-06-30 00:00:00,2026-07-22 16:18:02,22.0,ACTUAL_RESULT,,confirmed,OK,22,,,
event_classification,,,,DRREDDY_2026-09-30,DRREDDY,2026-09-30 00:00:00,NaT,,UNCERTAIN,,no_primary_result,MISSING_RESULT,,,,
event_classification,,,,EICHERMOT_2004-09-30,EICHERMOT,2004-09-30 00:00:00,NaT,,UNCERTAIN,,no_primary_result,MISSING_RESULT,,,,
event_classification,,,,EICHERMOT_2004-12-31,EICHERMOT,2004-12-31 00:00:00,NaT,,UNCERTAIN,,no_primary_result,MISSING_RESULT,,,,
event_classification,,,,EICHERMOT_2005-03-31,EICHERMOT,2005-03-31 00:00:00,NaT,,UNCERTAIN,,no_primary_result,MISSING_RESULT,,,,
event_classification,,,,EICHERMOT_2005-06-30,EICHERMOT,2005-06-30 00:00:00,NaT,,UNCERTAIN,,no_primary_result,MISSING_RESULT|DUPLICATE_DOCUMENT,,,,
event_classification,,,,EICHERMOT_2006-03-31,EICHERMOT,2006-03-31 00:00:00,NaT,,UNCERTAIN,,no_primary_result,MISSING_RESULT,,,,
event_classification,,,,EICHERMOT_2006-06-30,EICHERMOT,2006-06-30 00:00:00,NaT,,UNCERTAIN,,no_primary_result,MISSING_RESULT,,,,
event_classification,,,,EICHERMOT_2006-09-30,EICHERMOT,2006-09-30 00:00:00,NaT,,UNCERTAIN,,no_primary_result,MISSING_RESULT|DUPLICATE_DOCUMENT,,,,
event_classification,,,,EICHERMOT_2006-12-31,EICHERMOT,2006-12-31 00:00:00,NaT,,UNCERTAIN,,no_primary_result,MISSING_RESULT,,,,
event_classification,,,,EICHERMOT_2007-03-31,EICHERMOT,2007-03-31 00:00:00,NaT,,UNCERTAIN,,no_primary_result,MISSING_RESULT|UNCLASSIFIED_DOCUMENT,,,,
event_classification,,,,EICHERMOT_2007-09-30,EICHERMOT,2007-09-30 00:00:00,2007-10-22 19:08:00,22.0,ACTUAL_RESULT,,confirmed,OK,22,,,
event_classification,,,,EICHERMOT_2007-12-31,EICHERMOT,2007-12-31 00:00:00,NaT,,UNCERTAIN,,no_primary_result,MISSING_RESULT|DUPLICATE_DOCUMENT,,,,
event_classification,,,,EICHERMOT_2008-06-30,EICHERMOT,2008-06-30 00:00:00,NaT,,UNCERTAIN,,no_primary_result,MISSING_RESULT|DUPLICATE_DOCUMENT,,,,
event_classification,,,,EICHERMOT_2008-12-31,EICHERMOT,2008-12-31 00:00:00,2009-01-21 11:30:00,21.0,ACTUAL_RESULT,,confirmed,DUPLICATE_DOCUMENT,21,,,
event_classification,,,,EICHERMOT_2009-03-31,EICHERMOT,2009-03-31 00:00:00,NaT,,UNCERTAIN,,no_primary_result,MISSING_RESULT,,,,
event_classification,,,,EICHERMOT_2009-06-30,EICHERMOT,2009-06-30 00:00:00,NaT,,UNCERTAIN,,no_primary_result,MISSING_RESULT,,,,
event_classification,,,,EICHERMOT_2009-09-30,EICHERMOT,2009-09-30 00:00:00,NaT,,UNCERTAIN,,no_primary_result,MISSING_RESULT,,,,
event_classification,,,,EICHERMOT_2009-12-31,EICHERMOT,2009-12-31 00:00:00,2010-01-06 16:37:00,6.0,ACTUAL_RESULT,,confirmed,DUPLICATE_DOCUMENT,6,,,
event_classification,,,,EICHERMOT_2010-03-31,EICHERMOT,2010-03-31 00:00:00,NaT,,UNCERTAIN,,no_primary_result,MISSING_RESULT,,,,
event_classification,,,,EICHERMOT_2010-06-30,EICHERMOT,2010-06-30 00:00:00,NaT,,UNCERTAIN,,no_primary_result,MISSING_RESULT,,,,
event_classification,,,,EICHERMOT_2010-09-30,EICHERMOT,2010-09-30 00:00:00,2010-11-09 14:56:05,40.0,ACTUAL_RESULT,,confirmed,OK,40,,,
event_classification,,,,EICHERMOT_2010-12-31,EICHERMOT,2010-12-31 00:00:00,2011-02-05 14:53:46,36.0,ACTUAL_RESULT,,confirmed,MULTIPLE_HUMAN_PRIMARY_RESULTS,36,,,
event_classification,,,,EICHERMOT_2011-03-31,EICHERMOT,2011-03-31 00:00:00,2011-05-06 17:16:09,36.0,ACTUAL_RESULT,,confirmed,OK,36,,,
event_classification,,,,EICHERMOT_2011-06-30,EICHERMOT,2011-06-30 00:00:00,2011-07-30 15:28:20,30.0,ACTUAL_RESULT,,confirmed,OK,30,,,
event_classification,,,,EICHERMOT_2011-09-30,EICHERMOT,2011-09-30 00:00:00,2011-11-09 18:17:29,40.0,ACTUAL_RESULT,,confirmed,DUPLICATE_DOCUMENT,40,,,
event_classification,,,,EICHERMOT_2011-12-31,EICHERMOT,2011-12-31 00:00:00,2012-02-11 15:44:55,42.0,ACTUAL_RESULT,,confirmed,OK,42,,,
event_classification,,,,EICHERMOT_2012-03-31,EICHERMOT,2012-03-31 00:00:00,2012-05-14 19:12:45,44.0,ACTUAL_RESULT,,confirmed,OK,44,,,
event_classification,,,,EICHERMOT_2012-06-30,EICHERMOT,2012-06-30 00:00:00,2012-08-09 19:55:31,40.0,ACTUAL_RESULT,,confirmed,OK,40,,,
event_classification,,,,EICHERMOT_2012-09-30,EICHERMOT,2012-09-30 00:00:00,2012-11-09 18:48:00,40.0,ACTUAL_RESULT,,confirmed,MULTIPLE_HUMAN_PRIMARY_RESULTS|DUPLICATE_DOCUMENT,40,,,
event_classification,,,,EICHERMOT_2012-12-31,EICHERMOT,2012-12-31 00:00:00,2013-02-12 19:12:08,43.0,ACTUAL_RESULT,,confirmed,OK,43,,,
event_classification,,,,EICHERMOT_2013-03-31,EICHERMOT,2013-03-31 00:00:00,2013-05-13 18:27:07,43.0,ACTUAL_RESULT,,confirmed,OK,43,,,
event_classification,,,,EICHERMOT_2013-06-30,EICHERMOT,2013-06-30 00:00:00,2013-08-07 19:37:20,38.0,ACTUAL_RESULT,,confirmed,OK,38,,,
event_classification,,,,EICHERMOT_2013-09-30,EICHERMOT,2013-09-30 00:00:00,2013-11-07 19:39:02,38.0,ACTUAL_RESULT,,confirmed,OK,38,,,
event_classification,,,,EICHERMOT_2013-12-31,EICHERMOT,2013-12-31 00:00:00,2014-02-12 20:31:02,43.0,ACTUAL_RESULT,,confirmed,OK,43,,,
event_classification,,,,EICHERMOT_2014-03-31,EICHERMOT,2014-03-31 00:00:00,2014-05-09 13:39:02,39.0,ACTUAL_RESULT,,confirmed,OK,39,,,
event_classification,,,,EICHERMOT_2014-06-30,EICHERMOT,2014-06-30 00:00:00,2014-08-11 19:55:03,42.0,ACTUAL_RESULT,,confirmed,OK,42,,,
event_classification,,,,EICHERMOT_2014-09-30,EICHERMOT,2014-09-30 00:00:00,2014-11-12 19:07:02,43.0,ACTUAL_RESULT,,confirmed,OK,43,,,
event_classification,,,,EICHERMOT_2014-12-31,EICHERMOT,2014-12-31 00:00:00,2015-02-14 11:27:03,45.0,ACTUAL_RESULT,,confirmed,OK,45,,,
event_classification,,,,EICHERMOT_2015-03-31,EICHERMOT,2015-03-31 00:00:00,2015-05-08 14:51:02,38.0,ACTUAL_RESULT,,confirmed,OK,38,,,
event_classification,,,,EICHERMOT_2015-06-30,EICHERMOT,2015-06-30 00:00:00,2015-07-21 19:03:31,21.0,ACTUAL_RESULT,,confirmed,OK,21,,,
event_classification,,,,EICHERMOT_2015-09-30,EICHERMOT,2015-09-30 00:00:00,2015-11-06 13:31:27,37.0,ACTUAL_RESULT,,confirmed,OK,37,,,
event_classification,,,,EICHERMOT_2015-12-31,EICHERMOT,2015-12-31 00:00:00,2016-02-05 12:28:58,36.0,ACTUAL_RESULT,,confirmed,OK,36,,,
event_classification,,,,EICHERMOT_2016-03-31,EICHERMOT,2016-03-31 00:00:00,2016-05-05 14:25:39,35.0,ACTUAL_RESULT,,confirmed,UNCLASSIFIED_DOCUMENT,35,,,
event_classification,,,,EICHERMOT_2016-06-30,EICHERMOT,2016-06-30 00:00:00,2016-07-28 16:18:34,28.0,ACTUAL_RESULT,,confirmed,OK,28,,,
event_classification,,,,EICHERMOT_2016-09-30,EICHERMOT,2016-09-30 00:00:00,2016-10-28 14:43:39,28.0,ACTUAL_RESULT,,confirmed,OK,28,,,
event_classification,,,,EICHERMOT_2016-12-31,EICHERMOT,2016-12-31 00:00:00,2017-02-01 14:21:01,32.0,ACTUAL_RESULT,,confirmed,OK,32,,,
event_classification,,,,EICHERMOT_2017-03-31,EICHERMOT,2017-03-31 00:00:00,2017-05-05 15:38:14,35.0,ACTUAL_RESULT,,confirmed,OK,35,,,
event_classification,,,,EICHERMOT_2017-06-30,EICHERMOT,2017-06-30 00:00:00,2017-08-09 17:40:23,40.0,ACTUAL_RESULT,,confirmed,OK,40,,,
event_classification,,,,EICHERMOT_2017-09-30,EICHERMOT,2017-09-30 00:00:00,2017-11-14 13:37:50,45.0,ACTUAL_RESULT,,confirmed,OK,45,,,
event_classification,,,,EICHERMOT_2017-12-31,EICHERMOT,2017-12-31 00:00:00,2018-02-07 14:44:10,38.0,ACTUAL_RESULT,,confirmed,OK,38,,,
event_classification,,,,EICHERMOT_2018-03-31,EICHERMOT,2018-03-31 00:00:00,2018-05-09 15:49:08,39.0,ACTUAL_RESULT,,confirmed,OK,39,,,
event_classification,,,,EICHERMOT_2018-06-30,EICHERMOT,2018-06-30 00:00:00,2018-08-09 15:38:57,40.0,ACTUAL_RESULT,,confirmed,OK,40,,,
event_classification,,,,EICHERMOT_2018-09-30,EICHERMOT,2018-09-30 00:00:00,2018-11-12 19:15:16,43.0,ACTUAL_RESULT,,confirmed,OK,43,,,
event_classification,,,,EICHERMOT_2018-12-31,EICHERMOT,2018-12-31 00:00:00,2019-02-11 15:00:21,42.0,ACTUAL_RESULT,,confirmed,OK,42,,,
event_classification,,,,EICHERMOT_2019-03-31,EICHERMOT,2019-03-31 00:00:00,2019-05-10 18:14:35,40.0,ACTUAL_RESULT,,confirmed,OK,40,,,
event_classification,,,,EICHERMOT_2019-06-30,EICHERMOT,2019-06-30 00:00:00,2019-07-31 17:40:34,31.0,ACTUAL_RESULT,,confirmed,OK,31,,,
event_classification,,,,EICHERMOT_2019-09-30,EICHERMOT,2019-09-30 00:00:00,2019-11-08 14:25:32,39.0,ACTUAL_RESULT,,confirmed,OK,39,,,
event_classification,,,,EICHERMOT_2019-12-31,EICHERMOT,2019-12-31 00:00:00,2020-02-06 14:17:16,37.0,ACTUAL_RESULT,,confirmed,OK,37,,,
event_classification,,,,EICHERMOT_2020-03-31,EICHERMOT,2020-03-31 00:00:00,2020-06-12 17:36:10,73.0,ACTUAL_RESULT,,confirmed,OK,73,,,
event_classification,,,,EICHERMOT_2020-06-30,EICHERMOT,2020-06-30 00:00:00,2020-08-13 16:46:12,44.0,ACTUAL_RESULT,,confirmed,OK,44,,,
event_classification,,,,EICHERMOT_2020-09-30,EICHERMOT,2020-09-30 00:00:00,2020-11-12 16:56:24,43.0,ACTUAL_RESULT,,confirmed,OK,43,,,
event_classification,,,,EICHERMOT_2020-12-31,EICHERMOT,2020-12-31 00:00:00,2021-02-10 14:41:40,41.0,ACTUAL_RESULT,,confirmed,UNCLASSIFIED_DOCUMENT,41,,,
event_classification,,,,EICHERMOT_2021-03-31,EICHERMOT,2021-03-31 00:00:00,2021-05-27 19:43:23,57.0,ACTUAL_RESULT,,confirmed,UNCLASSIFIED_DOCUMENT,57,,,
event_classification,,,,EICHERMOT_2021-06-30,EICHERMOT,2021-06-30 00:00:00,2021-08-12 17:07:53,43.0,ACTUAL_RESULT,,confirmed,OK,43,,,
event_classification,,,,EICHERMOT_2021-09-30,EICHERMOT,2021-09-30 00:00:00,2021-11-03 17:46:53,34.0,ACTUAL_RESULT,,confirmed,UNCLASSIFIED_DOCUMENT,34,,,
event_classification,,,,EICHERMOT_2021-12-31,EICHERMOT,2021-12-31 00:00:00,2022-02-14 18:10:53,45.0,ACTUAL_RESULT,,confirmed,UNCLASSIFIED_DOCUMENT,45,,,
event_classification,,,,EICHERMOT_2022-03-31,EICHERMOT,2022-03-31 00:00:00,2022-05-13 17:57:54,43.0,ACTUAL_RESULT,,confirmed,UNCLASSIFIED_DOCUMENT,43,,,
event_classification,,,,EICHERMOT_2022-06-30,EICHERMOT,2022-06-30 00:00:00,2022-08-10 15:46:48,41.0,ACTUAL_RESULT,,confirmed,UNCLASSIFIED_DOCUMENT,41,,,
event_classification,,,,EICHERMOT_2022-09-30,EICHERMOT,2022-09-30 00:00:00,NaT,,UNCERTAIN,,no_primary_result,MISSING_RESULT|UNCLASSIFIED_DOCUMENT,,,,
event_classification,,,,EICHERMOT_2022-12-31,EICHERMOT,2022-12-31 00:00:00,2023-02-14 13:29:50,45.0,ACTUAL_RESULT,,confirmed,UNCLASSIFIED_DOCUMENT|MANY_PRE_ANNOUNCEMENTS,45,,,
event_classification,,,,EICHERMOT_2023-03-31,EICHERMOT,2023-03-31 00:00:00,2023-05-11 16:55:59,41.0,ACTUAL_RESULT,,confirmed,OK,41,,,
event_classification,,,,EICHERMOT_2023-06-30,EICHERMOT,2023-06-30 00:00:00,2023-08-03 17:12:12,34.0,ACTUAL_RESULT,,confirmed,OK,34,,,
event_classification,,,,EICHERMOT_2023-09-30,EICHERMOT,2023-09-30 00:00:00,2023-11-10 17:35:56,41.0,ACTUAL_RESULT,,confirmed,OK,41,,,
event_classification,,,,EICHERMOT_2023-12-31,EICHERMOT,2023-12-31 00:00:00,2024-02-13 14:40:43,44.0,ACTUAL_RESULT,,confirmed,OK,44,,,
event_classification,,,,EICHERMOT_2024-03-31,EICHERMOT,2024-03-31 00:00:00,2024-05-11 13:41:36,41.0,ACTUAL_RESULT,,confirmed,OK,41,,,
event_classification,,,,EICHERMOT_2024-06-30,EICHERMOT,2024-06-30 00:00:00,2024-08-08 17:37:16,39.0,ACTUAL_RESULT,,confirmed,OK,39,,,
event_classification,,,,EICHERMOT_2024-09-30,EICHERMOT,2024-09-30 00:00:00,2024-11-13 16:06:03,44.0,ACTUAL_RESULT,,confirmed,OK,44,,,
event_classification,,,,EICHERMOT_2024-12-31,EICHERMOT,2024-12-31 00:00:00,2025-02-10 17:17:37,41.0,ACTUAL_RESULT,,confirmed,OK,41,,,
event_classification,,,,EICHERMOT_2025-03-31,EICHERMOT,2025-03-31 00:00:00,NaT,,UNCERTAIN,,no_primary_result,MISSING_RESULT,,,,
event_classification,,,,EICHERMOT_2025-06-30,EICHERMOT,2025-06-30 00:00:00,2025-07-31 17:21:15,31.0,ACTUAL_RESULT,,confirmed,MANY_PRE_ANNOUNCEMENTS,31,,,
event_classification,,,,EICHERMOT_2025-09-30,EICHERMOT,2025-09-30 00:00:00,2025-11-13 15:13:44,44.0,ACTUAL_RESULT,,confirmed,OK,44,,,
event_classification,,,,EICHERMOT_2025-12-31,EICHERMOT,2025-12-31 00:00:00,2026-02-10 16:41:18,41.0,ACTUAL_RESULT,,confirmed,OK,41,,,
event_classification,,,,EICHERMOT_2026-03-31,EICHERMOT,2026-03-31 00:00:00,2026-05-22 16:51:45,52.0,ACTUAL_RESULT,,confirmed,OK,52,,,
event_classification,,,,EICHERMOT_2026-06-30,EICHERMOT,2026-06-30 00:00:00,2026-07-29 18:29:49,29.0,ACTUAL_RESULT,,confirmed,OK,29,,,
event_classification,,,,EICHERMOT_2026-09-30,EICHERMOT,2026-09-30 00:00:00,NaT,,UNCERTAIN,,no_primary_result,MISSING_RESULT,,,,
event_classification,,,,ETERNAL_2021-06-30,ETERNAL,2021-06-30 00:00:00,2021-08-10 19:36:47,41.0,ACTUAL_RESULT,,confirmed,OK,41,,,
event_classification,,,,ETERNAL_2021-09-30,ETERNAL,2021-09-30 00:00:00,2021-11-10 19:56:01,41.0,ACTUAL_RESULT,,confirmed,OK,41,,,
event_classification,,,,ETERNAL_2021-12-31,ETERNAL,2021-12-31 00:00:00,2022-02-10 17:24:59,41.0,ACTUAL_RESULT,,confirmed,OK,41,,,
event_classification,,,,ETERNAL_2022-03-31,ETERNAL,2022-03-31 00:00:00,2022-05-23 17:52:53,53.0,ACTUAL_RESULT,,confirmed,MULTIPLE_HUMAN_PRIMARY_RESULTS,53,,,
event_classification,,,,ETERNAL_2022-06-30,ETERNAL,2022-06-30 00:00:00,NaT,,UNCERTAIN,,no_primary_result,MISSING_RESULT,,,,
event_classification,,,,ETERNAL_2022-09-30,ETERNAL,2022-09-30 00:00:00,NaT,,UNCERTAIN,,no_primary_result,MISSING_RESULT,,,,
event_classification,,,,ETERNAL_2022-12-31,ETERNAL,2022-12-31 00:00:00,2023-02-09 18:47:07,40.0,ACTUAL_RESULT,,confirmed,OK,40,,,
event_classification,,,,ETERNAL_2023-03-31,ETERNAL,2023-03-31 00:00:00,2023-05-19 16:14:25,49.0,ACTUAL_RESULT,,confirmed,OK,49,,,
event_classification,,,,ETERNAL_2023-06-30,ETERNAL,2023-06-30 00:00:00,2023-08-03 15:17:47,34.0,ACTUAL_RESULT,,confirmed,MULTIPLE_HUMAN_PRIMARY_RESULTS,34,,,
event_classification,,,,ETERNAL_2023-09-30,ETERNAL,2023-09-30 00:00:00,2023-11-03 14:53:16,34.0,ACTUAL_RESULT,,confirmed,OK,34,,,
event_classification,,,,ETERNAL_2023-12-31,ETERNAL,2023-12-31 00:00:00,2024-02-08 15:05:40,39.0,ACTUAL_RESULT,,confirmed,OK,39,,,
event_classification,,,,ETERNAL_2024-03-31,ETERNAL,2024-03-31 00:00:00,2024-05-13 14:58:41,43.0,ACTUAL_RESULT,,confirmed,OK,43,,,
event_classification,,,,ETERNAL_2024-06-30,ETERNAL,2024-06-30 00:00:00,2024-08-01 15:07:04,32.0,ACTUAL_RESULT,,confirmed,MULTIPLE_HUMAN_PRIMARY_RESULTS,32,,,
event_classification,,,,ETERNAL_2024-09-30,ETERNAL,2024-09-30 00:00:00,2024-10-22 15:30:08,22.0,ACTUAL_RESULT,,confirmed,OK,22,,,
event_classification,,,,ETERNAL_2024-12-31,ETERNAL,2024-12-31 00:00:00,2025-01-20 15:05:17,20.0,ACTUAL_RESULT,,confirmed,OK,20,,,
event_classification,,,,ETERNAL_2025-03-31,ETERNAL,2025-03-31 00:00:00,NaT,,UNCERTAIN,,no_primary_result,MISSING_RESULT,,,,
event_classification,,,,ETERNAL_2025-06-30,ETERNAL,2025-06-30 00:00:00,NaT,,UNCERTAIN,,no_primary_result,MISSING_RESULT,,,,
event_classification,,,,ETERNAL_2025-09-30,ETERNAL,2025-09-30 00:00:00,NaT,,UNCERTAIN,,no_primary_result,MISSING_RESULT,,,,
event_classification,,,,ETERNAL_2025-12-31,ETERNAL,2025-12-31 00:00:00,NaT,,UNCERTAIN,,no_primary_result,MISSING_RESULT,,,,
event_classification,,,,ETERNAL_2026-03-31,ETERNAL,2026-03-31 00:00:00,NaT,,UNCERTAIN,,no_primary_result,MISSING_RESULT,,,,
event_classification,,,,ETERNAL_2026-06-30,ETERNAL,2026-06-30 00:00:00,NaT,,UNCERTAIN,,no_primary_result,MISSING_RESULT,,,,
event_classification,,,,ETERNAL_2026-09-30,ETERNAL,2026-09-30 00:00:00,NaT,,UNCERTAIN,,no_primary_result,MISSING_RESULT,,,,
event_classification,,,,GRASIM_2004-12-31,GRASIM,2004-12-31 00:00:00,NaT,,UNCERTAIN,,no_primary_result,MISSING_RESULT|DUPLICATE_DOCUMENT,,,,
event_classification,,,,GRASIM_2005-03-31,GRASIM,2005-03-31 00:00:00,NaT,,UNCERTAIN,,no_primary_result,MISSING_RESULT,,,,
event_classification,,,,GRASIM_2005-06-30,GRASIM,2005-06-30 00:00:00,NaT,,UNCERTAIN,,no_primary_result,MISSING_RESULT,,,,
event_classification,,,,GRASIM_2005-09-30,GRASIM,2005-09-30 00:00:00,NaT,,UNCERTAIN,,no_primary_result,MISSING_RESULT|DUPLICATE_DOCUMENT,,,,
event_classification,,,,GRASIM_2005-12-31,GRASIM,2005-12-31 00:00:00,NaT,,UNCERTAIN,,no_primary_result,MISSING_RESULT,,,,
event_classification,,,,GRASIM_2006-03-31,GRASIM,2006-03-31 00:00:00,NaT,,UNCERTAIN,,no_primary_result,MISSING_RESULT|DUPLICATE_DOCUMENT,,,,
event_classification,,,,GRASIM_2006-06-30,GRASIM,2006-06-30 00:00:00,NaT,,UNCERTAIN,,no_primary_result,MISSING_RESULT,,,,
event_classification,,,,GRASIM_2006-09-30,GRASIM,2006-09-30 00:00:00,NaT,,UNCERTAIN,,no_primary_result,MISSING_RESULT|DUPLICATE_DOCUMENT,,,,
event_classification,,,,GRASIM_2006-12-31,GRASIM,2006-12-31 00:00:00,NaT,,UNCERTAIN,,no_primary_result,MISSING_RESULT|DUPLICATE_DOCUMENT,,,,
event_classification,,,,GRASIM_2007-03-31,GRASIM,2007-03-31 00:00:00,2007-04-16 09:51:00,16.0,ACTUAL_RESULT,,confirmed,MULTIPLE_HUMAN_PRIMARY_RESULTS|DUPLICATE_DOCUMENT,16,,,
event_classification,,,,GRASIM_2007-06-30,GRASIM,2007-06-30 00:00:00,2007-07-28 14:13:00,28.0,ACTUAL_RESULT,,confirmed,MULTIPLE_HUMAN_PRIMARY_RESULTS|DUPLICATE_DOCUMENT,28,,,
event_classification,,,,GRASIM_2007-09-30,GRASIM,2007-09-30 00:00:00,2007-10-27 13:33:00,27.0,ACTUAL_RESULT,,confirmed,MULTIPLE_HUMAN_PRIMARY_RESULTS|DUPLICATE_DOCUMENT,27,,,
event_classification,,,,GRASIM_2007-12-31,GRASIM,2007-12-31 00:00:00,2008-01-22 13:57:00,22.0,ACTUAL_RESULT,,confirmed,MULTIPLE_HUMAN_PRIMARY_RESULTS|DUPLICATE_DOCUMENT,22,,,
event_classification,,,,GRASIM_2008-03-31,GRASIM,2008-03-31 00:00:00,2008-04-29 14:06:00,29.0,ACTUAL_RESULT,,confirmed,MULTIPLE_HUMAN_PRIMARY_RESULTS|DUPLICATE_DOCUMENT,29,,,
event_classification,,,,GRASIM_2008-06-30,GRASIM,2008-06-30 00:00:00,2008-07-25 13:45:00,25.0,ACTUAL_RESULT,,confirmed,MULTIPLE_HUMAN_PRIMARY_RESULTS|DUPLICATE_DOCUMENT,25,,,
event_classification,,,,GRASIM_2008-09-30,GRASIM,2008-09-30 00:00:00,2008-10-23 13:45:00,23.0,ACTUAL_RESULT,,confirmed,MULTIPLE_HUMAN_PRIMARY_RESULTS|DUPLICATE_DOCUMENT,23,,,
event_classification,,,,GRASIM_2009-03-31,GRASIM,2009-03-31 00:00:00,2009-05-19 16:35:00,49.0,ACTUAL_RESULT,,confirmed,MULTIPLE_HUMAN_PRIMARY_RESULTS|DUPLICATE_DOCUMENT|UNCLASSIFIED_DOCUMENT,49,,,
event_classification,,,,GRASIM_2009-06-30,GRASIM,2009-06-30 00:00:00,2009-07-28 14:31:00,28.0,ACTUAL_RESULT,,confirmed,MULTIPLE_HUMAN_PRIMARY_RESULTS|DUPLICATE_DOCUMENT,28,,,
event_classification,,,,GRASIM_2009-09-30,GRASIM,2009-09-30 00:00:00,2009-10-29 16:45:00,29.0,ACTUAL_RESULT,,confirmed,MULTIPLE_HUMAN_PRIMARY_RESULTS|DUPLICATE_DOCUMENT,29,,,
event_classification,,,,GRASIM_2009-12-31,GRASIM,2009-12-31 00:00:00,2010-01-22 17:26:00,22.0,ACTUAL_RESULT,,confirmed,MULTIPLE_HUMAN_PRIMARY_RESULTS|DUPLICATE_DOCUMENT,22,,,
event_classification,,,,GRASIM_2010-03-31,GRASIM,2010-03-31 00:00:00,2010-05-20 13:52:00,50.0,ACTUAL_RESULT,,confirmed,MULTIPLE_HUMAN_PRIMARY_RESULTS|DUPLICATE_DOCUMENT,50,,,
event_classification,,,,GRASIM_2010-06-30,GRASIM,2010-06-30 00:00:00,2010-07-31 16:10:00,31.0,ACTUAL_RESULT,,confirmed,MULTIPLE_HUMAN_PRIMARY_RESULTS|DUPLICATE_DOCUMENT,31,,,
event_classification,,,,GRASIM_2010-09-30,GRASIM,2010-09-30 00:00:00,2010-10-28 17:15:00,28.0,ACTUAL_RESULT,,confirmed,MULTIPLE_HUMAN_PRIMARY_RESULTS|DUPLICATE_DOCUMENT,28,,,
event_classification,,,,GRASIM_2010-12-31,GRASIM,2010-12-31 00:00:00,2011-01-25 18:07:00,25.0,ACTUAL_RESULT,,confirmed,MULTIPLE_HUMAN_PRIMARY_RESULTS|DUPLICATE_DOCUMENT,25,,,
event_classification,,,,GRASIM_2011-03-31,GRASIM,2011-03-31 00:00:00,2011-05-11 17:26:00,41.0,ACTUAL_RESULT,,confirmed,MULTIPLE_HUMAN_PRIMARY_RESULTS|DUPLICATE_DOCUMENT,41,,,
event_classification,,,,GRASIM_2011-06-30,GRASIM,2011-06-30 00:00:00,2011-07-30 13:37:00,30.0,ACTUAL_RESULT,,confirmed,MULTIPLE_HUMAN_PRIMARY_RESULTS|DUPLICATE_DOCUMENT,30,,,
event_classification,,,,GRASIM_2011-09-30,GRASIM,2011-09-30 00:00:00,2011-10-22 16:53:00,22.0,ACTUAL_RESULT,,confirmed,MULTIPLE_HUMAN_PRIMARY_RESULTS|DUPLICATE_DOCUMENT,22,,,
event_classification,,,,GRASIM_2011-12-31,GRASIM,2011-12-31 00:00:00,2012-01-24 16:55:20,24.0,ACTUAL_RESULT,,confirmed,OK,24,,,
event_classification,,,,GRASIM_2012-03-31,GRASIM,2012-03-31 00:00:00,2012-05-05 14:51:00,35.0,ACTUAL_RESULT,,confirmed,MULTIPLE_HUMAN_PRIMARY_RESULTS,35,,,
event_classification,,,,GRASIM_2012-06-30,GRASIM,2012-06-30 00:00:00,2012-07-27 16:06:00,27.0,ACTUAL_RESULT,,confirmed,MULTIPLE_HUMAN_PRIMARY_RESULTS|DUPLICATE_DOCUMENT,27,,,
event_classification,,,,GRASIM_2012-09-30,GRASIM,2012-09-30 00:00:00,2012-10-29 17:53:00,29.0,ACTUAL_RESULT,,confirmed,MULTIPLE_HUMAN_PRIMARY_RESULTS|DUPLICATE_DOCUMENT,29,,,
event_classification,,,,GRASIM_2012-12-31,GRASIM,2012-12-31 00:00:00,2013-01-31 14:04:00,31.0,ACTUAL_RESULT,,confirmed,MULTIPLE_HUMAN_PRIMARY_RESULTS|DUPLICATE_DOCUMENT,31,,,
event_classification,,,,GRASIM_2013-03-31,GRASIM,2013-03-31 00:00:00,2013-05-04 14:37:40,34.0,ACTUAL_RESULT,,confirmed,OK,34,,,
event_classification,,,,GRASIM_2013-06-30,GRASIM,2013-06-30 00:00:00,2013-08-05 10:01:42,36.0,ACTUAL_RESULT,,confirmed,OK,36,,,
event_classification,,,,GRASIM_2013-09-30,GRASIM,2013-09-30 00:00:00,2013-10-30 13:19:02,30.0,ACTUAL_RESULT,,confirmed,MULTIPLE_HUMAN_PRIMARY_RESULTS,30,,,
event_classification,,,,GRASIM_2013-12-31,GRASIM,2013-12-31 00:00:00,2014-02-03 10:19:02,34.0,ACTUAL_RESULT,,confirmed,OK,34,,,
event_classification,,,,GRASIM_2014-03-31,GRASIM,2014-03-31 00:00:00,2014-05-02 18:47:02,32.0,ACTUAL_RESULT,,confirmed,MULTIPLE_HUMAN_PRIMARY_RESULTS|DUPLICATE_DOCUMENT,32,,,
event_classification,,,,GRASIM_2014-06-30,GRASIM,2014-06-30 00:00:00,2014-08-04 08:31:02,35.0,ACTUAL_RESULT,,confirmed,OK,35,,,
event_classification,,,,GRASIM_2014-09-30,GRASIM,2014-09-30 00:00:00,2014-10-29 13:27:02,29.0,ACTUAL_RESULT,,confirmed,OK,29,,,
event_classification,,,,GRASIM_2014-12-31,GRASIM,2014-12-31 00:00:00,2015-01-31 13:23:11,31.0,ACTUAL_RESULT,,confirmed,OK,31,,,
event_classification,,,,GRASIM_2015-03-31,GRASIM,2015-03-31 00:00:00,2015-05-02 18:23:02,32.0,ACTUAL_RESULT,,confirmed,OK,32,,,
event_classification,,,,GRASIM_2015-06-30,GRASIM,2015-06-30 00:00:00,2015-08-07 13:16:08,38.0,ACTUAL_RESULT,,confirmed,OK,38,,,
event_classification,,,,GRASIM_2015-09-30,GRASIM,2015-09-30 00:00:00,2015-10-29 17:02:57,29.0,ACTUAL_RESULT,,confirmed,OK,29,,,
event_classification,,,,GRASIM_2015-12-31,GRASIM,2015-12-31 00:00:00,2016-01-30 15:39:53,30.0,ACTUAL_RESULT,,confirmed,OK,30,,,
event_classification,,,,GRASIM_2016-03-31,GRASIM,2016-03-31 00:00:00,2016-05-07 15:04:15,37.0,ACTUAL_RESULT,,confirmed,MULTIPLE_HUMAN_PRIMARY_RESULTS|UNCLASSIFIED_DOCUMENT,37,,,
event_classification,,,,GRASIM_2016-06-30,GRASIM,2016-06-30 00:00:00,2016-08-12 10:05:37,43.0,ACTUAL_RESULT,,confirmed,OK,43,,,
event_classification,,,,GRASIM_2016-09-30,GRASIM,2016-09-30 00:00:00,2016-10-28 13:00:36,28.0,ACTUAL_RESULT,,confirmed,OK,28,,,
event_classification,,,,GRASIM_2016-12-31,GRASIM,2016-12-31 00:00:00,2017-01-30 13:22:02,30.0,ACTUAL_RESULT,,confirmed,OK,30,,,
event_classification,,,,GRASIM_2017-03-31,GRASIM,2017-03-31 00:00:00,2017-05-19 14:49:57,49.0,ACTUAL_RESULT,,confirmed,OK,49,,,
event_classification,,,,GRASIM_2017-06-30,GRASIM,2017-06-30 00:00:00,2017-08-14 14:18:49,45.0,ACTUAL_RESULT,,confirmed,OK,45,,,
event_classification,,,,GRASIM_2017-09-30,GRASIM,2017-09-30 00:00:00,2017-11-14 13:47:53,45.0,ACTUAL_RESULT,,confirmed,OK,45,,,
event_classification,,,,GRASIM_2017-12-31,GRASIM,2017-12-31 00:00:00,2018-02-14 14:12:31,45.0,ACTUAL_RESULT,,confirmed,OK,45,,,
event_classification,,,,GRASIM_2018-03-31,GRASIM,2018-03-31 00:00:00,2018-05-23 14:29:23,53.0,ACTUAL_RESULT,,confirmed,OK,53,,,
event_classification,,,,GRASIM_2018-06-30,GRASIM,2018-06-30 00:00:00,2018-08-14 14:10:28,45.0,ACTUAL_RESULT,,confirmed,OK,45,,,
event_classification,,,,GRASIM_2018-09-30,GRASIM,2018-09-30 00:00:00,2018-11-14 19:15:08,45.0,ACTUAL_RESULT,,confirmed,OK,45,,,
event_classification,,,,GRASIM_2018-12-31,GRASIM,2018-12-31 00:00:00,2019-02-07 14:51:13,38.0,ACTUAL_RESULT,,confirmed,OK,38,,,
event_classification,,,,GRASIM_2019-03-31,GRASIM,2019-03-31 00:00:00,2019-05-24 15:47:40,54.0,ACTUAL_RESULT,,confirmed,OK,54,,,
event_classification,,,,GRASIM_2019-06-30,GRASIM,2019-06-30 00:00:00,2019-08-14 14:34:07,45.0,ACTUAL_RESULT,,confirmed,OK,45,,,
event_classification,,,,GRASIM_2019-09-30,GRASIM,2019-09-30 00:00:00,2019-11-14 14:54:34,45.0,ACTUAL_RESULT,,confirmed,OK,45,,,
event_classification,,,,GRASIM_2019-12-31,GRASIM,2019-12-31 00:00:00,2020-02-10 13:52:04,41.0,ACTUAL_RESULT,,confirmed,OK,41,,,
event_classification,,,,GRASIM_2020-03-31,GRASIM,2020-03-31 00:00:00,2020-06-13 16:06:29,74.0,ACTUAL_RESULT,,confirmed,OK,74,,,
event_classification,,,,GRASIM_2020-06-30,GRASIM,2020-06-30 00:00:00,2020-08-13 14:55:24,44.0,ACTUAL_RESULT,,confirmed,OK,44,,,
event_classification,,,,GRASIM_2020-09-30,GRASIM,2020-09-30 00:00:00,2020-11-12 16:33:30,43.0,ACTUAL_RESULT,,confirmed,OK,43,,,
event_classification,,,,GRASIM_2020-12-31,GRASIM,2020-12-31 00:00:00,2021-02-12 14:10:55,43.0,ACTUAL_RESULT,,confirmed,OK,43,,,
event_classification,,,,GRASIM_2021-03-31,GRASIM,2021-03-31 00:00:00,2021-05-24 15:40:07,54.0,ACTUAL_RESULT,,confirmed,OK,54,,,
event_classification,,,,GRASIM_2021-06-30,GRASIM,2021-06-30 00:00:00,2021-08-13 14:11:32,44.0,ACTUAL_RESULT,,confirmed,OK,44,,,
event_classification,,,,GRASIM_2021-09-30,GRASIM,2021-09-30 00:00:00,2021-11-12 18:41:49,43.0,ACTUAL_RESULT,,confirmed,OK,43,,,
event_classification,,,,GRASIM_2021-12-31,GRASIM,2021-12-31 00:00:00,2022-02-14 14:26:14,45.0,ACTUAL_RESULT,,confirmed,OK,45,,,
event_classification,,,,GRASIM_2022-03-31,GRASIM,2022-03-31 00:00:00,2022-05-24 15:37:59,54.0,ACTUAL_RESULT,,confirmed,MULTIPLE_HUMAN_PRIMARY_RESULTS,54,,,
event_classification,,,,GRASIM_2022-06-30,GRASIM,2022-06-30 00:00:00,2022-08-12 13:38:48,43.0,ACTUAL_RESULT,,confirmed,OK,43,,,
event_classification,,,,GRASIM_2022-09-30,GRASIM,2022-09-30 00:00:00,2022-11-14 14:21:27,45.0,ACTUAL_RESULT,,confirmed,OK,45,,,
event_classification,,,,GRASIM_2022-12-31,GRASIM,2022-12-31 00:00:00,2023-02-14 15:03:51,45.0,ACTUAL_RESULT,,confirmed,OK,45,,,
event_classification,,,,GRASIM_2023-03-31,GRASIM,2023-03-31 00:00:00,2023-05-26 14:34:06,56.0,ACTUAL_RESULT,,confirmed,OK,56,,,
event_classification,,,,GRASIM_2023-06-30,GRASIM,2023-06-30 00:00:00,2023-08-10 14:36:51,41.0,ACTUAL_RESULT,,confirmed,MULTIPLE_HUMAN_PRIMARY_RESULTS,41,,,
event_classification,,,,GRASIM_2023-09-30,GRASIM,2023-09-30 00:00:00,2023-11-13 20:09:54,44.0,ACTUAL_RESULT,,confirmed,OK,44,,,
event_classification,,,,GRASIM_2023-12-31,GRASIM,2023-12-31 00:00:00,2024-02-09 11:12:13,40.0,ACTUAL_RESULT,,confirmed,OK,40,,,
event_classification,,,,GRASIM_2024-03-31,GRASIM,2024-03-31 00:00:00,2024-05-22 21:42:40,52.0,ACTUAL_RESULT,,confirmed,OK,52,,,
event_classification,,,,GRASIM_2024-06-30,GRASIM,2024-06-30 00:00:00,2024-08-09 13:52:20,40.0,ACTUAL_RESULT,,confirmed,MULTIPLE_HUMAN_PRIMARY_RESULTS,40,,,
event_classification,,,,GRASIM_2024-09-30,GRASIM,2024-09-30 00:00:00,2024-11-14 20:27:05,45.0,ACTUAL_RESULT,,confirmed,MULTIPLE_HUMAN_PRIMARY_RESULTS,45,,,
event_classification,,,,GRASIM_2024-12-31,GRASIM,2024-12-31 00:00:00,2025-02-10 19:38:07,41.0,ACTUAL_RESULT,,confirmed,MULTIPLE_HUMAN_PRIMARY_RESULTS,41,,,
event_classification,,,,GRASIM_2025-03-31,GRASIM,2025-03-31 00:00:00,2025-05-22 19:58:44,52.0,ACTUAL_RESULT,,confirmed,OK,52,,,
event_classification,,,,GRASIM_2025-06-30,GRASIM,2025-06-30 00:00:00,2025-08-08 14:13:37,39.0,ACTUAL_RESULT,,confirmed,OK,39,,,
event_classification,,,,GRASIM_2025-09-30,GRASIM,2025-09-30 00:00:00,2025-11-05 13:54:08,36.0,ACTUAL_RESULT,,confirmed,OK,36,,,
event_classification,,,,GRASIM_2025-12-31,GRASIM,2025-12-31 00:00:00,2026-02-10 17:50:12,41.0,ACTUAL_RESULT,,confirmed,OK,41,,,
event_classification,,,,GRASIM_2026-03-31,GRASIM,2026-03-31 00:00:00,2026-05-20 14:37:37,50.0,ACTUAL_RESULT,,confirmed,OK,50,,,
event_classification,,,,GRASIM_2026-06-30,GRASIM,2026-06-30 00:00:00,2026-08-12 14:27:39,43.0,ACTUAL_RESULT,,confirmed,OK,43,,,
event_classification,,,,HCLTECH_2004-09-30,HCLTECH,2004-09-30 00:00:00,NaT,,UNCERTAIN,,no_primary_result,MISSING_RESULT|DUPLICATE_DOCUMENT|UNCLASSIFIED_DOCUMENT,,,,
event_classification,,,,HCLTECH_2004-12-31,HCLTECH,2004-12-31 00:00:00,NaT,,UNCERTAIN,,no_primary_result,MISSING_RESULT|DUPLICATE_DOCUMENT|UNCLASSIFIED_DOCUMENT|MANY_PRE_ANNOUNCEMENTS,,,,
event_classification,,,,HCLTECH_2005-03-31,HCLTECH,2005-03-31 00:00:00,NaT,,UNCERTAIN,,no_primary_result,MISSING_RESULT|DUPLICATE_DOCUMENT|MANY_PRE_ANNOUNCEMENTS,,,,
event_classification,,,,HCLTECH_2005-06-30,HCLTECH,2005-06-30 00:00:00,NaT,,UNCERTAIN,,no_primary_result,MISSING_RESULT|DUPLICATE_DOCUMENT|UNCLASSIFIED_DOCUMENT|MANY_PRE_ANNOUNCEMENTS,,,,
event_classification,,,,HCLTECH_2005-09-30,HCLTECH,2005-09-30 00:00:00,NaT,,UNCERTAIN,,no_primary_result,MISSING_RESULT|DUPLICATE_DOCUMENT|UNCLASSIFIED_DOCUMENT|MANY_PRE_ANNOUNCEMENTS,,,,
event_classification,,,,HCLTECH_2005-12-31,HCLTECH,2005-12-31 00:00:00,NaT,,UNCERTAIN,,no_primary_result,MISSING_RESULT|DUPLICATE_DOCUMENT|UNCLASSIFIED_DOCUMENT|MANY_PRE_ANNOUNCEMENTS,,,,
event_classification,,,,HCLTECH_2006-03-31,HCLTECH,2006-03-31 00:00:00,NaT,,UNCERTAIN,,no_primary_result,MISSING_RESULT|DUPLICATE_DOCUMENT|UNCLASSIFIED_DOCUMENT|MANY_PRE_ANNOUNCEMENTS,,,,
event_classification,,,,HCLTECH_2006-06-30,HCLTECH,2006-06-30 00:00:00,2006-07-18 00:00:00,18.0,ACTUAL_RESULT,,confirmed,DUPLICATE_DOCUMENT|UNCLASSIFIED_DOCUMENT|MANY_PRE_ANNOUNCEMENTS,18,,,
event_classification,,,,HCLTECH_2006-09-30,HCLTECH,2006-09-30 00:00:00,NaT,,UNCERTAIN,,no_primary_result,MISSING_RESULT|DUPLICATE_DOCUMENT|MANY_PRE_ANNOUNCEMENTS,,,,
event_classification,,,,HCLTECH_2006-12-31,HCLTECH,2006-12-31 00:00:00,NaT,,UNCERTAIN,,no_primary_result,MISSING_RESULT|DUPLICATE_DOCUMENT|UNCLASSIFIED_DOCUMENT|MANY_PRE_ANNOUNCEMENTS,,,,
event_classification,,,,HCLTECH_2007-03-31,HCLTECH,2007-03-31 00:00:00,NaT,,UNCERTAIN,,no_primary_result,MISSING_RESULT|DUPLICATE_DOCUMENT|MANY_PRE_ANNOUNCEMENTS,,,,
event_classification,,,,HCLTECH_2007-06-30,HCLTECH,2007-06-30 00:00:00,2007-08-13 16:08:00,44.0,ACTUAL_RESULT,,confirmed,MULTIPLE_HUMAN_PRIMARY_RESULTS|DUPLICATE_DOCUMENT|UNCLASSIFIED_DOCUMENT|MANY_PRE_ANNOUNCEMENTS,44,,,
event_classification,,,,HCLTECH_2007-09-30,HCLTECH,2007-09-30 00:00:00,NaT,,UNCERTAIN,,no_primary_result,MISSING_RESULT|DUPLICATE_DOCUMENT,,,,
event_classification,,,,HCLTECH_2007-12-31,HCLTECH,2007-12-31 00:00:00,2008-01-17 15:47:00,17.0,ACTUAL_RESULT,,confirmed,DUPLICATE_DOCUMENT|UNCLASSIFIED_DOCUMENT,17,,,
event_classification,,,,HCLTECH_2008-03-31,HCLTECH,2008-03-31 00:00:00,2008-04-15 15:42:00,15.0,ACTUAL_RESULT,,confirmed,DUPLICATE_DOCUMENT|UNCLASSIFIED_DOCUMENT,15,,,
event_classification,,,,HCLTECH_2008-06-30,HCLTECH,2008-06-30 00:00:00,2008-08-01 15:52:00,32.0,ACTUAL_RESULT,,confirmed,MULTIPLE_HUMAN_PRIMARY_RESULTS|DUPLICATE_DOCUMENT|UNCLASSIFIED_DOCUMENT,32,,,
event_classification,,,,HCLTECH_2008-09-30,HCLTECH,2008-09-30 00:00:00,2008-10-15 16:46:00,15.0,ACTUAL_RESULT,,confirmed,MULTIPLE_HUMAN_PRIMARY_RESULTS|DUPLICATE_DOCUMENT|UNCLASSIFIED_DOCUMENT,15,,,
event_classification,,,,HCLTECH_2008-12-31,HCLTECH,2008-12-31 00:00:00,2009-01-23 16:19:00,23.0,ACTUAL_RESULT,,confirmed,MULTIPLE_HUMAN_PRIMARY_RESULTS|DUPLICATE_DOCUMENT|UNCLASSIFIED_DOCUMENT,23,,,
event_classification,,,,HCLTECH_2009-03-31,HCLTECH,2009-03-31 00:00:00,2009-04-22 08:50:00,22.0,ACTUAL_RESULT,,confirmed,DUPLICATE_DOCUMENT|UNCLASSIFIED_DOCUMENT,22,,,
event_classification,,,,HCLTECH_2009-06-30,HCLTECH,2009-06-30 00:00:00,2009-08-25 09:14:00,56.0,ACTUAL_RESULT,,confirmed,MULTIPLE_HUMAN_PRIMARY_RESULTS|DUPLICATE_DOCUMENT|UNCLASSIFIED_DOCUMENT|MANY_PRE_ANNOUNCEMENTS,56,,,
event_classification,,,,HCLTECH_2009-09-30,HCLTECH,2009-09-30 00:00:00,2009-10-28 08:56:00,28.0,ACTUAL_RESULT,,confirmed,DUPLICATE_DOCUMENT|UNCLASSIFIED_DOCUMENT,28,,,
event_classification,,,,HCLTECH_2009-12-31,HCLTECH,2009-12-31 00:00:00,2010-01-25 08:22:00,25.0,ACTUAL_RESULT,,confirmed,DUPLICATE_DOCUMENT|MANY_PRE_ANNOUNCEMENTS,25,,,
event_classification,,,,HCLTECH_2010-03-31,HCLTECH,2010-03-31 00:00:00,2010-04-21 08:31:00,21.0,ACTUAL_RESULT,,confirmed,DUPLICATE_DOCUMENT|UNCLASSIFIED_DOCUMENT|MANY_PRE_ANNOUNCEMENTS,21,,,
event_classification,,,,HCLTECH_2010-06-30,HCLTECH,2010-06-30 00:00:00,2010-07-29 08:13:00,29.0,ACTUAL_RESULT,,confirmed,MULTIPLE_HUMAN_PRIMARY_RESULTS|DUPLICATE_DOCUMENT|UNCLASSIFIED_DOCUMENT|MANY_PRE_ANNOUNCEMENTS,29,,,
event_classification,,,,HCLTECH_2010-09-30,HCLTECH,2010-09-30 00:00:00,2010-10-20 08:27:00,20.0,ACTUAL_RESULT,,confirmed,MULTIPLE_HUMAN_PRIMARY_RESULTS|MANY_PRE_ANNOUNCEMENTS,20,,,
event_classification,,,,HCLTECH_2010-12-31,HCLTECH,2010-12-31 00:00:00,2011-01-19 08:23:00,19.0,ACTUAL_RESULT,,confirmed,MULTIPLE_HUMAN_PRIMARY_RESULTS|MANY_PRE_ANNOUNCEMENTS,19,,,
event_classification,,,,HCLTECH_2011-03-31,HCLTECH,2011-03-31 00:00:00,2011-04-20 08:20:00,20.0,ACTUAL_RESULT,,confirmed,MULTIPLE_HUMAN_PRIMARY_RESULTS|UNCLASSIFIED_DOCUMENT|MANY_PRE_ANNOUNCEMENTS,20,,,
event_classification,,,,HCLTECH_2011-06-30,HCLTECH,2011-06-30 00:00:00,2011-07-27 08:27:00,27.0,ACTUAL_RESULT,,confirmed,MULTIPLE_HUMAN_PRIMARY_RESULTS|DUPLICATE_DOCUMENT|UNCLASSIFIED_DOCUMENT|MANY_PRE_ANNOUNCEMENTS,27,,,
event_classification,,,,HCLTECH_2011-09-30,HCLTECH,2011-09-30 00:00:00,2011-10-18 08:20:00,18.0,ACTUAL_RESULT,,confirmed,MULTIPLE_HUMAN_PRIMARY_RESULTS|UNCLASSIFIED_DOCUMENT|MANY_PRE_ANNOUNCEMENTS,18,,,
event_classification,,,,HCLTECH_2011-12-31,HCLTECH,2011-12-31 00:00:00,2012-01-17 08:29:00,17.0,ACTUAL_RESULT,,confirmed,MULTIPLE_HUMAN_PRIMARY_RESULTS|UNCLASSIFIED_DOCUMENT|MANY_PRE_ANNOUNCEMENTS,17,,,
event_classification,,,,HCLTECH_2012-03-31,HCLTECH,2012-03-31 00:00:00,2012-04-18 08:26:00,18.0,ACTUAL_RESULT,,confirmed,MULTIPLE_HUMAN_PRIMARY_RESULTS|UNCLASSIFIED_DOCUMENT|MANY_PRE_ANNOUNCEMENTS,18,,,
event_classification,,,,HCLTECH_2012-06-30,HCLTECH,2012-06-30 00:00:00,2012-07-25 08:27:00,25.0,ACTUAL_RESULT,,confirmed,MULTIPLE_HUMAN_PRIMARY_RESULTS|DUPLICATE_DOCUMENT|UNCLASSIFIED_DOCUMENT|MANY_PRE_ANNOUNCEMENTS,25,,,
event_classification,,,,HCLTECH_2012-09-30,HCLTECH,2012-09-30 00:00:00,2012-10-17 08:45:00,17.0,ACTUAL_RESULT,,confirmed,MULTIPLE_HUMAN_PRIMARY_RESULTS|UNCLASSIFIED_DOCUMENT,17,,,
event_classification,,,,HCLTECH_2012-12-31,HCLTECH,2012-12-31 00:00:00,2013-01-17 08:27:00,17.0,ACTUAL_RESULT,,confirmed,MULTIPLE_HUMAN_PRIMARY_RESULTS|UNCLASSIFIED_DOCUMENT|MANY_PRE_ANNOUNCEMENTS,17,,,
event_classification,,,,HCLTECH_2013-03-31,HCLTECH,2013-03-31 00:00:00,2013-04-17 08:25:00,17.0,ACTUAL_RESULT,,confirmed,MULTIPLE_HUMAN_PRIMARY_RESULTS|UNCLASSIFIED_DOCUMENT,17,,,
event_classification,,,,HCLTECH_2013-06-30,HCLTECH,2013-06-30 00:00:00,2013-07-31 08:38:00,31.0,ACTUAL_RESULT,,confirmed,MULTIPLE_HUMAN_PRIMARY_RESULTS|DUPLICATE_DOCUMENT|UNCLASSIFIED_DOCUMENT|MANY_PRE_ANNOUNCEMENTS,31,,,
event_classification,,,,HCLTECH_2013-09-30,HCLTECH,2013-09-30 00:00:00,2013-10-17 08:27:02,17.0,ACTUAL_RESULT,,confirmed,MULTIPLE_HUMAN_PRIMARY_RESULTS|UNCLASSIFIED_DOCUMENT|MANY_PRE_ANNOUNCEMENTS,17,,,
event_classification,,,,HCLTECH_2013-12-31,HCLTECH,2013-12-31 00:00:00,2014-01-16 08:35:04,16.0,ACTUAL_RESULT,,confirmed,MULTIPLE_HUMAN_PRIMARY_RESULTS,16,,,
event_classification,,,,HCLTECH_2014-03-31,HCLTECH,2014-03-31 00:00:00,2014-04-17 08:31:02,17.0,ACTUAL_RESULT,,confirmed,MULTIPLE_HUMAN_PRIMARY_RESULTS|DUPLICATE_DOCUMENT|UNCLASSIFIED_DOCUMENT|MANY_PRE_ANNOUNCEMENTS,17,,,
event_classification,,,,HCLTECH_2014-06-30,HCLTECH,2014-06-30 00:00:00,2014-07-31 08:23:02,31.0,ACTUAL_RESULT,,confirmed,UNCLASSIFIED_DOCUMENT|MANY_PRE_ANNOUNCEMENTS,31,,,
event_classification,,,,HCLTECH_2014-09-30,HCLTECH,2014-09-30 00:00:00,2014-10-17 08:39:03,17.0,ACTUAL_RESULT,,confirmed,UNCLASSIFIED_DOCUMENT|MANY_PRE_ANNOUNCEMENTS,17,,,
event_classification,,,,HCLTECH_2014-12-31,HCLTECH,2014-12-31 00:00:00,2015-01-30 09:07:02,30.0,ACTUAL_RESULT,,confirmed,UNCLASSIFIED_DOCUMENT,30,,,
event_classification,,,,HCLTECH_2015-03-31,HCLTECH,2015-03-31 00:00:00,2015-04-21 08:31:02,21.0,ACTUAL_RESULT,,confirmed,UNCLASSIFIED_DOCUMENT,21,,,
event_classification,,,,HCLTECH_2015-06-30,HCLTECH,2015-06-30 00:00:00,2015-08-03 08:32:12,34.0,ACTUAL_RESULT,,confirmed,UNCLASSIFIED_DOCUMENT,34,,,
event_classification,,,,HCLTECH_2015-09-30,HCLTECH,2015-09-30 00:00:00,2015-10-19 08:26:09,19.0,ACTUAL_RESULT,,confirmed,UNCLASSIFIED_DOCUMENT|MANY_PRE_ANNOUNCEMENTS,19,,,
event_classification,,,,HCLTECH_2015-12-31,HCLTECH,2015-12-31 00:00:00,2016-01-19 08:26:18,19.0,ACTUAL_RESULT,,confirmed,UNCLASSIFIED_DOCUMENT|MANY_PRE_ANNOUNCEMENTS,19,,,
event_classification,,,,HCLTECH_2016-03-31,HCLTECH,2016-03-31 00:00:00,2016-04-28 08:40:49,28.0,ACTUAL_RESULT,,confirmed,MULTIPLE_HUMAN_PRIMARY_RESULTS|UNCLASSIFIED_DOCUMENT|MANY_PRE_ANNOUNCEMENTS,28,,,
event_classification,,,,HCLTECH_2016-06-30,HCLTECH,2016-06-30 00:00:00,2016-08-03 08:21:00,34.0,ACTUAL_RESULT,,confirmed,UNCLASSIFIED_DOCUMENT|MANY_PRE_ANNOUNCEMENTS,34,,,
event_classification,,,,HCLTECH_2016-09-30,HCLTECH,2016-09-30 00:00:00,2016-10-21 08:13:01,21.0,ACTUAL_RESULT,,confirmed,MANY_PRE_ANNOUNCEMENTS,21,,,
event_classification,,,,HCLTECH_2016-12-31,HCLTECH,2016-12-31 00:00:00,2017-01-24 08:16:55,24.0,ACTUAL_RESULT,,confirmed,UNCLASSIFIED_DOCUMENT|MANY_PRE_ANNOUNCEMENTS,24,,,
event_classification,,,,HCLTECH_2017-03-31,HCLTECH,2017-03-31 00:00:00,2017-05-11 08:28:25,41.0,ACTUAL_RESULT,,confirmed,UNCLASSIFIED_DOCUMENT|MANY_PRE_ANNOUNCEMENTS,41,,,
event_classification,,,,HCLTECH_2017-06-30,HCLTECH,2017-06-30 00:00:00,2017-07-27 08:39:00,27.0,ACTUAL_RESULT,,confirmed,MULTIPLE_HUMAN_PRIMARY_RESULTS|MANY_PRE_ANNOUNCEMENTS,27,,,
event_classification,,,,HCLTECH_2017-09-30,HCLTECH,2017-09-30 00:00:00,2017-10-25 08:22:34,25.0,ACTUAL_RESULT,,confirmed,UNCLASSIFIED_DOCUMENT,25,,,
event_classification,,,,HCLTECH_2017-12-31,HCLTECH,2017-12-31 00:00:00,2018-01-19 08:21:39,19.0,ACTUAL_RESULT,,confirmed,OK,19,,,
event_classification,,,,HCLTECH_2018-03-31,HCLTECH,2018-03-31 00:00:00,2018-05-02 11:58:58,32.0,ACTUAL_RESULT,,confirmed,UNCLASSIFIED_DOCUMENT|MANY_PRE_ANNOUNCEMENTS,32,,,
event_classification,,,,HCLTECH_2018-06-30,HCLTECH,2018-06-30 00:00:00,2018-07-27 16:05:37,27.0,ACTUAL_RESULT,,confirmed,MANY_PRE_ANNOUNCEMENTS,27,,,
event_classification,,,,HCLTECH_2018-09-30,HCLTECH,2018-09-30 00:00:00,2018-10-23 16:35:49,23.0,ACTUAL_RESULT,,confirmed,MANY_PRE_ANNOUNCEMENTS,23,,,
event_classification,,,,HCLTECH_2018-12-31,HCLTECH,2018-12-31 00:00:00,2019-01-29 16:24:55,29.0,ACTUAL_RESULT,,confirmed,MANY_PRE_ANNOUNCEMENTS,29,,,
event_classification,,,,HCLTECH_2019-03-31,HCLTECH,2019-03-31 00:00:00,2019-05-09 16:51:00,39.0,ACTUAL_RESULT,,confirmed,MULTIPLE_HUMAN_PRIMARY_RESULTS|MANY_PRE_ANNOUNCEMENTS,39,,,
event_classification,,,,HCLTECH_2019-06-30,HCLTECH,2019-06-30 00:00:00,2019-08-07 16:05:33,38.0,ACTUAL_RESULT,,confirmed,MANY_PRE_ANNOUNCEMENTS,38,,,
event_classification,,,,HCLTECH_2019-09-30,HCLTECH,2019-09-30 00:00:00,2019-10-23 16:37:17,23.0,ACTUAL_RESULT,,confirmed,OK,23,,,
event_classification,,,,HCLTECH_2019-12-31,HCLTECH,2019-12-31 00:00:00,2020-01-17 16:05:07,17.0,ACTUAL_RESULT,,confirmed,MANY_PRE_ANNOUNCEMENTS,17,,,
event_classification,,,,HCLTECH_2020-03-31,HCLTECH,2020-03-31 00:00:00,2020-05-07 10:19:00,37.0,ACTUAL_RESULT,,confirmed,MULTIPLE_HUMAN_PRIMARY_RESULTS|MANY_PRE_ANNOUNCEMENTS,37,,,
event_classification,,,,HCLTECH_2020-06-30,HCLTECH,2020-06-30 00:00:00,2020-07-17 08:51:40,17.0,ACTUAL_RESULT,,confirmed,MANY_PRE_ANNOUNCEMENTS,17,,,
event_classification,,,,HCLTECH_2020-09-30,HCLTECH,2020-09-30 00:00:00,2020-10-16 09:42:35,16.0,ACTUAL_RESULT,,confirmed,MANY_PRE_ANNOUNCEMENTS,16,,,
event_classification,,,,HCLTECH_2020-12-31,HCLTECH,2020-12-31 00:00:00,2021-01-15 12:21:11,15.0,ACTUAL_RESULT,,confirmed,OK,15,,,
event_classification,,,,HCLTECH_2021-03-31,HCLTECH,2021-03-31 00:00:00,2021-04-23 17:53:04,23.0,ACTUAL_RESULT,,confirmed,MULTIPLE_HUMAN_PRIMARY_RESULTS|MANY_PRE_ANNOUNCEMENTS,23,,,
event_classification,,,,HCLTECH_2021-06-30,HCLTECH,2021-06-30 00:00:00,2021-07-19 17:37:40,19.0,ACTUAL_RESULT,,confirmed,MANY_PRE_ANNOUNCEMENTS,19,,,
event_classification,,,,HCLTECH_2021-09-30,HCLTECH,2021-09-30 00:00:00,2021-10-14 18:22:18,14.0,ACTUAL_RESULT,,confirmed,MANY_PRE_ANNOUNCEMENTS,14,,,
event_classification,,,,HCLTECH_2021-12-31,HCLTECH,2021-12-31 00:00:00,2022-01-14 18:13:27,14.0,ACTUAL_RESULT,,confirmed,MANY_PRE_ANNOUNCEMENTS,14,,,
event_classification,,,,HCLTECH_2022-03-31,HCLTECH,2022-03-31 00:00:00,2022-04-21 17:45:35,21.0,ACTUAL_RESULT,,confirmed,MULTIPLE_HUMAN_PRIMARY_RESULTS|UNCLASSIFIED_DOCUMENT|MANY_PRE_ANNOUNCEMENTS,21,,,
event_classification,,,,HCLTECH_2022-06-30,HCLTECH,2022-06-30 00:00:00,2022-07-12 17:56:32,12.0,ACTUAL_RESULT,,confirmed,MANY_PRE_ANNOUNCEMENTS,12,,,
event_classification,,,,HCLTECH_2022-09-30,HCLTECH,2022-09-30 00:00:00,NaT,,UNCERTAIN,,no_primary_result,MISSING_RESULT,,,,
event_classification,,,,HCLTECH_2022-12-31,HCLTECH,2022-12-31 00:00:00,2023-01-12 17:27:17,12.0,ACTUAL_RESULT,,confirmed,MANY_PRE_ANNOUNCEMENTS,12,,,
event_classification,,,,HCLTECH_2023-03-31,HCLTECH,2023-03-31 00:00:00,2023-04-20 16:56:08,20.0,ACTUAL_RESULT,,confirmed,OK,20,,,
event_classification,,,,HCLTECH_2023-06-30,HCLTECH,2023-06-30 00:00:00,2023-07-12 18:08:08,12.0,ACTUAL_RESULT,,confirmed,OK,12,,,
event_classification,,,,HCLTECH_2023-09-30,HCLTECH,2023-09-30 00:00:00,2023-10-12 17:47:16,12.0,ACTUAL_RESULT,,confirmed,OK,12,,,
event_classification,,,,HCLTECH_2023-12-31,HCLTECH,2023-12-31 00:00:00,2024-01-12 17:40:54,12.0,ACTUAL_RESULT,,confirmed,OK,12,,,
event_classification,,,,HCLTECH_2024-03-31,HCLTECH,2024-03-31 00:00:00,2024-04-26 17:35:44,26.0,ACTUAL_RESULT,,confirmed,OK,26,,,
event_classification,,,,HCLTECH_2024-06-30,HCLTECH,2024-06-30 00:00:00,2024-07-12 17:45:28,12.0,ACTUAL_RESULT,,confirmed,MANY_PRE_ANNOUNCEMENTS,12,,,
event_classification,,,,HCLTECH_2024-09-30,HCLTECH,2024-09-30 00:00:00,2024-10-14 17:20:02,14.0,ACTUAL_RESULT,,confirmed,OK,14,,,
event_classification,,,,HCLTECH_2024-12-31,HCLTECH,2024-12-31 00:00:00,2025-01-13 17:45:42,13.0,ACTUAL_RESULT,,confirmed,OK,13,,,
event_classification,,,,HCLTECH_2025-06-30,HCLTECH,2025-06-30 00:00:00,2025-07-14 17:37:59,14.0,ACTUAL_RESULT,,confirmed,OK,14,,,
event_classification,,,,HCLTECH_2025-09-30,HCLTECH,2025-09-30 00:00:00,2025-10-13 17:44:20,13.0,ACTUAL_RESULT,,confirmed,OK,13,,,
event_classification,,,,HCLTECH_2025-12-31,HCLTECH,2025-12-31 00:00:00,2026-01-12 17:09:38,12.0,ACTUAL_RESULT,,confirmed,OK,12,,,
event_classification,,,,HCLTECH_2026-03-31,HCLTECH,2026-03-31 00:00:00,2026-04-21 18:01:20,21.0,ACTUAL_RESULT,,confirmed,UNCLASSIFIED_DOCUMENT,21,,,
event_classification,,,,HCLTECH_2026-06-30,HCLTECH,2026-06-30 00:00:00,2026-07-13 17:41:00,13.0,ACTUAL_RESULT,,confirmed,UNCLASSIFIED_DOCUMENT,13,,,
event_classification,,,,HDFCBANK_2004-12-31,HDFCBANK,2004-12-31 00:00:00,NaT,,UNCERTAIN,,no_primary_result,MISSING_RESULT|DUPLICATE_DOCUMENT,,,,
event_classification,,,,HDFCBANK_2005-03-31,HDFCBANK,2005-03-31 00:00:00,NaT,,UNCERTAIN,,no_primary_result,MISSING_RESULT,,,,
event_classification,,,,HDFCBANK_2005-06-30,HDFCBANK,2005-06-30 00:00:00,NaT,,UNCERTAIN,,no_primary_result,MISSING_RESULT|UNCLASSIFIED_DOCUMENT,,,,
event_classification,,,,HDFCBANK_2005-09-30,HDFCBANK,2005-09-30 00:00:00,2005-07-14 00:00:00,-78.0,BOARD_EVENT,,confirmed,ANNOUNCEMENT_BEFORE_PERIOD_END|DUPLICATE_DOCUMENT|HUMAN_PRIMARY_RESULT_BEFORE_PERIOD_END,-78,,,
event_classification,,,,HDFCBANK_2006-03-31,HDFCBANK,2006-03-31 00:00:00,NaT,,UNCERTAIN,,no_primary_result,MISSING_RESULT,,,,
event_classification,,,,HDFCBANK_2006-09-30,HDFCBANK,2006-09-30 00:00:00,2006-10-17 12:22:00,17.0,ACTUAL_RESULT,,confirmed,DUPLICATE_DOCUMENT,17,,,
event_classification,,,,HDFCBANK_2007-03-31,HDFCBANK,2007-03-31 00:00:00,2007-01-11 14:26:00,-79.0,BOARD_EVENT,,confirmed,ANNOUNCEMENT_BEFORE_PERIOD_END|DUPLICATE_DOCUMENT|HUMAN_PRIMARY_RESULT_BEFORE_PERIOD_END,-79,,,
event_classification,,,,HDFCBANK_2007-06-30,HDFCBANK,2007-06-30 00:00:00,2007-07-10 13:38:00,10.0,ACTUAL_RESULT,,confirmed,DUPLICATE_DOCUMENT,10,,,
event_classification,,,,HDFCBANK_2007-09-30,HDFCBANK,2007-09-30 00:00:00,2007-10-12 12:47:00,12.0,ACTUAL_RESULT,,confirmed,DUPLICATE_DOCUMENT,12,,,
event_classification,,,,HDFCBANK_2007-12-31,HDFCBANK,2007-12-31 00:00:00,2008-01-21 16:23:00,21.0,ACTUAL_RESULT,,confirmed,DUPLICATE_DOCUMENT,21,,,
event_classification,,,,HDFCBANK_2008-03-31,HDFCBANK,2008-03-31 00:00:00,2008-04-24 14:42:00,24.0,ACTUAL_RESULT,,confirmed,MULTIPLE_HUMAN_PRIMARY_RESULTS|DUPLICATE_DOCUMENT|UNCLASSIFIED_DOCUMENT,24,,,
event_classification,,,,HDFCBANK_2008-06-30,HDFCBANK,2008-06-30 00:00:00,2008-07-28 13:46:00,28.0,ACTUAL_RESULT,,confirmed,DUPLICATE_DOCUMENT,28,,,
event_classification,,,,HDFCBANK_2008-09-30,HDFCBANK,2008-09-30 00:00:00,2008-10-16 15:45:00,16.0,ACTUAL_RESULT,,confirmed,DUPLICATE_DOCUMENT,16,,,
event_classification,,,,HDFCBANK_2008-12-31,HDFCBANK,2008-12-31 00:00:00,2009-01-14 13:40:00,14.0,ACTUAL_RESULT,,confirmed,DUPLICATE_DOCUMENT,14,,,
event_classification,,,,HDFCBANK_2009-03-31,HDFCBANK,2009-03-31 00:00:00,2009-04-23 17:47:00,23.0,ACTUAL_RESULT,,confirmed,MULTIPLE_HUMAN_PRIMARY_RESULTS|DUPLICATE_DOCUMENT,23,,,
event_classification,,,,HDFCBANK_2009-06-30,HDFCBANK,2009-06-30 00:00:00,2009-07-14 12:13:00,14.0,ACTUAL_RESULT,,confirmed,MULTIPLE_HUMAN_PRIMARY_RESULTS|DUPLICATE_DOCUMENT,14,,,
event_classification,,,,HDFCBANK_2009-09-30,HDFCBANK,2009-09-30 00:00:00,2009-10-14 13:26:00,14.0,ACTUAL_RESULT,,confirmed,DUPLICATE_DOCUMENT,14,,,
event_classification,,,,HDFCBANK_2009-12-31,HDFCBANK,2009-12-31 00:00:00,2010-01-15 13:13:00,15.0,ACTUAL_RESULT,,confirmed,DUPLICATE_DOCUMENT,15,,,
event_classification,,,,HDFCBANK_2010-03-31,HDFCBANK,2010-03-31 00:00:00,2010-04-24 14:06:00,24.0,ACTUAL_RESULT,,confirmed,MULTIPLE_HUMAN_PRIMARY_RESULTS|DUPLICATE_DOCUMENT,24,,,
event_classification,,,,HDFCBANK_2010-06-30,HDFCBANK,2010-06-30 00:00:00,2010-07-19 15:23:00,19.0,ACTUAL_RESULT,,confirmed,OK,19,,,
event_classification,,,,HDFCBANK_2010-09-30,HDFCBANK,2010-09-30 00:00:00,2010-10-19 16:53:00,19.0,ACTUAL_RESULT,,confirmed,MULTIPLE_HUMAN_PRIMARY_RESULTS,19,,,
event_classification,,,,HDFCBANK_2010-12-31,HDFCBANK,2010-12-31 00:00:00,2011-01-27 17:00:00,27.0,ACTUAL_RESULT,,confirmed,MULTIPLE_HUMAN_PRIMARY_RESULTS,27,,,
event_classification,,,,HDFCBANK_2011-03-31,HDFCBANK,2011-03-31 00:00:00,2011-04-18 16:39:00,18.0,ACTUAL_RESULT,,confirmed,MULTIPLE_HUMAN_PRIMARY_RESULTS|DUPLICATE_DOCUMENT,18,,,
event_classification,,,,HDFCBANK_2011-06-30,HDFCBANK,2011-06-30 00:00:00,2011-07-19 13:21:00,19.0,ACTUAL_RESULT,,confirmed,MULTIPLE_HUMAN_PRIMARY_RESULTS,19,,,
event_classification,,,,HDFCBANK_2011-09-30,HDFCBANK,2011-09-30 00:00:00,2011-10-19 13:53:00,19.0,ACTUAL_RESULT,,confirmed,MULTIPLE_HUMAN_PRIMARY_RESULTS,19,,,
event_classification,,,,HDFCBANK_2011-12-31,HDFCBANK,2011-12-31 00:00:00,2012-01-19 13:45:00,19.0,ACTUAL_RESULT,,confirmed,MULTIPLE_HUMAN_PRIMARY_RESULTS,19,,,
event_classification,,,,HDFCBANK_2012-03-31,HDFCBANK,2012-03-31 00:00:00,2012-04-18 13:00:00,18.0,ACTUAL_RESULT,,confirmed,MULTIPLE_HUMAN_PRIMARY_RESULTS|DUPLICATE_DOCUMENT,18,,,
event_classification,,,,HDFCBANK_2012-06-30,HDFCBANK,2012-06-30 00:00:00,2012-07-13 14:06:00,13.0,ACTUAL_RESULT,,confirmed,MULTIPLE_HUMAN_PRIMARY_RESULTS,13,,,
event_classification,,,,HDFCBANK_2012-09-30,HDFCBANK,2012-09-30 00:00:00,2012-10-12 13:38:00,12.0,ACTUAL_RESULT,,confirmed,MULTIPLE_HUMAN_PRIMARY_RESULTS,12,,,
event_classification,,,,HDFCBANK_2012-12-31,HDFCBANK,2012-12-31 00:00:00,2013-01-18 13:11:00,18.0,ACTUAL_RESULT,,confirmed,MULTIPLE_HUMAN_PRIMARY_RESULTS,18,,,
event_classification,,,,HDFCBANK_2013-03-31,HDFCBANK,2013-03-31 00:00:00,2013-04-23 14:39:00,23.0,ACTUAL_RESULT,,confirmed,MULTIPLE_HUMAN_PRIMARY_RESULTS|DUPLICATE_DOCUMENT,23,,,
event_classification,,,,HDFCBANK_2013-06-30,HDFCBANK,2013-06-30 00:00:00,2013-07-17 13:55:00,17.0,ACTUAL_RESULT,,confirmed,MULTIPLE_HUMAN_PRIMARY_RESULTS,17,,,
event_classification,,,,HDFCBANK_2013-09-30,HDFCBANK,2013-09-30 00:00:00,2013-10-15 14:11:02,15.0,ACTUAL_RESULT,,confirmed,MULTIPLE_HUMAN_PRIMARY_RESULTS,15,,,
event_classification,,,,HDFCBANK_2013-12-31,HDFCBANK,2013-12-31 00:00:00,2014-01-17 13:47:02,17.0,ACTUAL_RESULT,,confirmed,MULTIPLE_HUMAN_PRIMARY_RESULTS,17,,,
event_classification,,,,HDFCBANK_2014-03-31,HDFCBANK,2014-03-31 00:00:00,2014-04-22 14:27:02,22.0,ACTUAL_RESULT,,confirmed,MULTIPLE_HUMAN_PRIMARY_RESULTS|DUPLICATE_DOCUMENT,22,,,
event_classification,,,,HDFCBANK_2014-06-30,HDFCBANK,2014-06-30 00:00:00,2014-07-21 10:47:08,21.0,ACTUAL_RESULT,,confirmed,OK,21,,,
event_classification,,,,HDFCBANK_2014-09-30,HDFCBANK,2014-09-30 00:00:00,2014-10-21 13:03:02,21.0,ACTUAL_RESULT,,confirmed,OK,21,,,
event_classification,,,,HDFCBANK_2014-12-31,HDFCBANK,2014-12-31 00:00:00,2015-02-14 11:39:02,45.0,ACTUAL_RESULT,,confirmed,OK,45,,,
event_classification,,,,HDFCBANK_2015-03-31,HDFCBANK,2015-03-31 00:00:00,2015-04-23 14:47:02,23.0,ACTUAL_RESULT,,confirmed,OK,23,,,
event_classification,,,,HDFCBANK_2015-06-30,HDFCBANK,2015-06-30 00:00:00,2015-07-21 11:34:30,21.0,ACTUAL_RESULT,,confirmed,OK,21,,,
event_classification,,,,HDFCBANK_2015-09-30,HDFCBANK,2015-09-30 00:00:00,2015-10-21 12:32:52,21.0,ACTUAL_RESULT,,confirmed,OK,21,,,
event_classification,,,,HDFCBANK_2015-12-31,HDFCBANK,2015-12-31 00:00:00,2016-01-25 14:09:55,25.0,ACTUAL_RESULT,,confirmed,OK,25,,,
event_classification,,,,HDFCBANK_2016-03-31,HDFCBANK,2016-03-31 00:00:00,2016-04-22 13:23:31,22.0,ACTUAL_RESULT,,confirmed,UNCLASSIFIED_DOCUMENT,22,,,
event_classification,,,,HDFCBANK_2016-06-30,HDFCBANK,2016-06-30 00:00:00,2016-07-21 11:51:51,21.0,ACTUAL_RESULT,,confirmed,UNCLASSIFIED_DOCUMENT,21,,,
event_classification,,,,HDFCBANK_2016-09-30,HDFCBANK,2016-09-30 00:00:00,2016-10-25 12:38:32,25.0,ACTUAL_RESULT,,confirmed,OK,25,,,
event_classification,,,,HDFCBANK_2016-12-31,HDFCBANK,2016-12-31 00:00:00,2017-01-24 12:27:51,24.0,ACTUAL_RESULT,,confirmed,OK,24,,,
event_classification,,,,HDFCBANK_2017-03-31,HDFCBANK,2017-03-31 00:00:00,2017-04-21 13:13:30,21.0,ACTUAL_RESULT,,confirmed,OK,21,,,
event_classification,,,,HDFCBANK_2017-06-30,HDFCBANK,2017-06-30 00:00:00,2017-07-24 12:22:45,24.0,ACTUAL_RESULT,,confirmed,OK,24,,,
event_classification,,,,HDFCBANK_2017-09-30,HDFCBANK,2017-09-30 00:00:00,2017-10-24 12:38:21,24.0,ACTUAL_RESULT,,confirmed,OK,24,,,
event_classification,,,,HDFCBANK_2017-12-31,HDFCBANK,2017-12-31 00:00:00,2018-01-19 11:57:20,19.0,ACTUAL_RESULT,,confirmed,OK,19,,,
event_classification,,,,HDFCBANK_2018-03-31,HDFCBANK,2018-03-31 00:00:00,2018-04-21 17:06:43,21.0,ACTUAL_RESULT,,confirmed,OK,21,,,
event_classification,,,,HDFCBANK_2018-06-30,HDFCBANK,2018-06-30 00:00:00,2018-07-21 15:08:14,21.0,ACTUAL_RESULT,,confirmed,OK,21,,,
event_classification,,,,HDFCBANK_2018-09-30,HDFCBANK,2018-09-30 00:00:00,2018-10-20 15:47:25,20.0,ACTUAL_RESULT,,confirmed,OK,20,,,
event_classification,,,,HDFCBANK_2018-12-31,HDFCBANK,2018-12-31 00:00:00,2019-01-19 16:26:26,19.0,ACTUAL_RESULT,,confirmed,OK,19,,,
event_classification,,,,HDFCBANK_2019-03-31,HDFCBANK,2019-03-31 00:00:00,2019-04-20 15:31:47,20.0,ACTUAL_RESULT,,confirmed,OK,20,,,
event_classification,,,,HDFCBANK_2019-06-30,HDFCBANK,2019-06-30 00:00:00,2019-07-22 10:13:15,22.0,ACTUAL_RESULT,,confirmed,OK,22,,,
event_classification,,,,HDFCBANK_2019-09-30,HDFCBANK,2019-09-30 00:00:00,2019-10-19 16:25:16,19.0,ACTUAL_RESULT,,confirmed,OK,19,,,
event_classification,,,,HDFCBANK_2019-12-31,HDFCBANK,2019-12-31 00:00:00,2020-01-18 15:27:15,18.0,ACTUAL_RESULT,,confirmed,OK,18,,,
event_classification,,,,HDFCBANK_2020-03-31,HDFCBANK,2020-03-31 00:00:00,2020-04-18 14:31:53,18.0,ACTUAL_RESULT,,confirmed,OK,18,,,
event_classification,,,,HDFCBANK_2020-06-30,HDFCBANK,2020-06-30 00:00:00,2020-07-18 12:40:25,18.0,ACTUAL_RESULT,,confirmed,OK,18,,,
event_classification,,,,HDFCBANK_2020-09-30,HDFCBANK,2020-09-30 00:00:00,2020-10-17 16:19:30,17.0,ACTUAL_RESULT,,confirmed,OK,17,,,
event_classification,,,,HDFCBANK_2020-12-31,HDFCBANK,2020-12-31 00:00:00,2021-01-16 16:46:43,16.0,ACTUAL_RESULT,,confirmed,OK,16,,,
event_classification,,,,HDFCBANK_2021-03-31,HDFCBANK,2021-03-31 00:00:00,2021-04-17 14:32:57,17.0,ACTUAL_RESULT,,confirmed,UNCLASSIFIED_DOCUMENT,17,,,
event_classification,,,,HDFCBANK_2021-06-30,HDFCBANK,2021-06-30 00:00:00,2021-07-17 12:53:37,17.0,ACTUAL_RESULT,,confirmed,UNCLASSIFIED_DOCUMENT,17,,,
event_classification,,,,HDFCBANK_2021-09-30,HDFCBANK,2021-09-30 00:00:00,2021-10-16 14:50:25,16.0,ACTUAL_RESULT,,confirmed,UNCLASSIFIED_DOCUMENT,16,,,
event_classification,,,,HDFCBANK_2021-12-31,HDFCBANK,2021-12-31 00:00:00,NaT,,UNCERTAIN,,no_primary_result,MISSING_RESULT,,,,
event_classification,,,,HDFCBANK_2022-03-31,HDFCBANK,2022-03-31 00:00:00,2022-04-16 14:27:46,16.0,ACTUAL_RESULT,,confirmed,OK,16,,,
event_classification,,,,HDFCBANK_2022-06-30,HDFCBANK,2022-06-30 00:00:00,NaT,,UNCERTAIN,,no_primary_result,MISSING_RESULT,,,,
event_classification,,,,HDFCBANK_2022-09-30,HDFCBANK,2022-09-30 00:00:00,NaT,,UNCERTAIN,,no_primary_result,MISSING_RESULT,,,,
event_classification,,,,HDFCBANK_2022-12-31,HDFCBANK,2022-12-31 00:00:00,2023-01-14 13:02:51,14.0,ACTUAL_RESULT,,confirmed,OK,14,,,
event_classification,,,,HDFCBANK_2023-03-31,HDFCBANK,2023-03-31 00:00:00,2023-04-15 13:32:50,15.0,ACTUAL_RESULT,,confirmed,OK,15,,,
event_classification,,,,HDFCBANK_2023-06-30,HDFCBANK,2023-06-30 00:00:00,2023-07-17 12:45:33,17.0,ACTUAL_RESULT,,confirmed,OK,17,,,
event_classification,,,,HDFCBANK_2023-09-30,HDFCBANK,2023-09-30 00:00:00,2023-10-16 15:50:41,16.0,ACTUAL_RESULT,,confirmed,OK,16,,,
event_classification,,,,HDFCBANK_2023-12-31,HDFCBANK,2023-12-31 00:00:00,2024-01-16 15:53:02,16.0,ACTUAL_RESULT,,confirmed,OK,16,,,
event_classification,,,,HDFCBANK_2024-03-31,HDFCBANK,2024-03-31 00:00:00,2024-04-20 14:31:20,20.0,ACTUAL_RESULT,,confirmed,OK,20,,,
event_classification,,,,HDFCBANK_2024-06-30,HDFCBANK,2024-06-30 00:00:00,2024-07-20 14:15:17,20.0,ACTUAL_RESULT,,confirmed,OK,20,,,
event_classification,,,,HDFCBANK_2024-09-30,HDFCBANK,2024-09-30 00:00:00,2024-10-19 14:12:47,19.0,ACTUAL_RESULT,,confirmed,OK,19,,,
event_classification,,,,HDFCBANK_2024-12-31,HDFCBANK,2024-12-31 00:00:00,2025-01-22 14:07:25,22.0,ACTUAL_RESULT,,confirmed,OK,22,,,
event_classification,,,,HDFCBANK_2025-06-30,HDFCBANK,2025-06-30 00:00:00,2025-07-19 14:51:02,19.0,ACTUAL_RESULT,,confirmed,MANY_PRE_ANNOUNCEMENTS,19,,,
event_classification,,,,HDFCBANK_2025-09-30,HDFCBANK,2025-09-30 00:00:00,2025-10-18 14:08:44,18.0,ACTUAL_RESULT,,confirmed,OK,18,,,
event_classification,,,,HDFCBANK_2025-12-31,HDFCBANK,2025-12-31 00:00:00,2026-01-17 14:41:09,17.0,ACTUAL_RESULT,,confirmed,OK,17,,,
event_classification,,,,HDFCBANK_2026-03-31,HDFCBANK,2026-03-31 00:00:00,2026-04-18 14:45:47,18.0,ACTUAL_RESULT,,confirmed,OK,18,,,
event_classification,,,,HDFCBANK_2026-06-30,HDFCBANK,2026-06-30 00:00:00,2026-07-18 14:22:30,18.0,ACTUAL_RESULT,,confirmed,OK,18,,,
event_classification,,,,HDFCLIFE_2017-12-31,HDFCLIFE,2017-12-31 00:00:00,2018-01-19 18:04:23,19.0,ACTUAL_RESULT,,confirmed,OK,19,,,
event_classification,,,,HDFCLIFE_2018-03-31,HDFCLIFE,2018-03-31 00:00:00,2018-04-18 17:19:00,18.0,ACTUAL_RESULT,,confirmed,OK,18,,,
event_classification,,,,HDFCLIFE_2018-06-30,HDFCLIFE,2018-06-30 00:00:00,2018-07-20 12:46:19,20.0,ACTUAL_RESULT,,confirmed,OK,20,,,
event_classification,,,,HDFCLIFE_2018-09-30,HDFCLIFE,2018-09-30 00:00:00,2018-10-23 16:09:30,23.0,ACTUAL_RESULT,,confirmed,OK,23,,,
event_classification,,,,HDFCLIFE_2018-12-31,HDFCLIFE,2018-12-31 00:00:00,2019-01-22 16:33:58,22.0,ACTUAL_RESULT,,confirmed,OK,22,,,
event_classification,,,,HDFCLIFE_2019-03-31,HDFCLIFE,2019-03-31 00:00:00,2019-04-26 13:51:17,26.0,ACTUAL_RESULT,,confirmed,OK,26,,,
event_classification,,,,HDFCLIFE_2019-06-30,HDFCLIFE,2019-06-30 00:00:00,2019-07-23 15:08:31,23.0,ACTUAL_RESULT,,confirmed,OK,23,,,
event_classification,,,,HDFCLIFE_2019-09-30,HDFCLIFE,2019-09-30 00:00:00,2019-10-23 13:39:46,23.0,ACTUAL_RESULT,,confirmed,OK,23,,,
event_classification,,,,HDFCLIFE_2019-12-31,HDFCLIFE,2019-12-31 00:00:00,2020-01-24 19:09:05,24.0,ACTUAL_RESULT,,confirmed,OK,24,,,
event_classification,,,,HDFCLIFE_2020-03-31,HDFCLIFE,2020-03-31 00:00:00,2020-04-27 16:19:13,27.0,ACTUAL_RESULT,,confirmed,OK,27,,,
event_classification,,,,HDFCLIFE_2020-06-30,HDFCLIFE,2020-06-30 00:00:00,2020-07-21 14:15:08,21.0,ACTUAL_RESULT,,confirmed,OK,21,,,
event_classification,,,,HDFCLIFE_2020-09-30,HDFCLIFE,2020-09-30 00:00:00,2020-10-19 15:51:38,19.0,ACTUAL_RESULT,,confirmed,OK,19,,,
event_classification,,,,HDFCLIFE_2020-12-31,HDFCLIFE,2020-12-31 00:00:00,2021-01-22 15:41:50,22.0,ACTUAL_RESULT,,confirmed,OK,22,,,
event_classification,,,,HDFCLIFE_2021-03-31,HDFCLIFE,2021-03-31 00:00:00,2021-04-26 17:59:11,26.0,ACTUAL_RESULT,,confirmed,OK,26,,,
event_classification,,,,HDFCLIFE_2021-06-30,HDFCLIFE,2021-06-30 00:00:00,2021-07-19 14:14:26,19.0,ACTUAL_RESULT,,confirmed,OK,19,,,
event_classification,,,,HDFCLIFE_2021-09-30,HDFCLIFE,2021-09-30 00:00:00,2021-10-22 13:52:01,22.0,ACTUAL_RESULT,,confirmed,OK,22,,,
event_classification,,,,HDFCLIFE_2021-12-31,HDFCLIFE,2021-12-31 00:00:00,2022-01-21 14:12:33,21.0,ACTUAL_RESULT,,confirmed,OK,21,,,
event_classification,,,,HDFCLIFE_2022-03-31,HDFCLIFE,2022-03-31 00:00:00,2022-04-26 22:55:23,26.0,ACTUAL_RESULT,,confirmed,OK,26,,,
event_classification,,,,HDFCLIFE_2022-06-30,HDFCLIFE,2022-06-30 00:00:00,NaT,,UNCERTAIN,,no_primary_result,MISSING_RESULT|UNCLASSIFIED_DOCUMENT,,,,
event_classification,,,,HDFCLIFE_2022-09-30,HDFCLIFE,2022-09-30 00:00:00,NaT,,UNCERTAIN,,no_primary_result,MISSING_RESULT,,,,
event_classification,,,,HDFCLIFE_2022-12-31,HDFCLIFE,2022-12-31 00:00:00,2023-01-20 13:48:34,20.0,ACTUAL_RESULT,,confirmed,MANY_PRE_ANNOUNCEMENTS,20,,,
event_classification,,,,HDFCLIFE_2023-03-31,HDFCLIFE,2023-03-31 00:00:00,2023-04-26 15:40:51,26.0,ACTUAL_RESULT,,confirmed,OK,26,,,
event_classification,,,,HDFCLIFE_2023-06-30,HDFCLIFE,2023-06-30 00:00:00,2023-07-21 14:07:29,21.0,ACTUAL_RESULT,,confirmed,OK,21,,,
event_classification,,,,HDFCLIFE_2023-09-30,HDFCLIFE,2023-09-30 00:00:00,2023-10-13 14:06:50,13.0,ACTUAL_RESULT,,confirmed,OK,13,,,
event_classification,,,,HDFCLIFE_2023-12-31,HDFCLIFE,2023-12-31 00:00:00,2024-01-12 14:29:50,12.0,ACTUAL_RESULT,,confirmed,OK,12,,,
event_classification,,,,HDFCLIFE_2024-03-31,HDFCLIFE,2024-03-31 00:00:00,2024-04-18 14:07:30,18.0,ACTUAL_RESULT,,confirmed,OK,18,,,
event_classification,,,,HDFCLIFE_2024-06-30,HDFCLIFE,2024-06-30 00:00:00,2024-07-15 14:08:03,15.0,ACTUAL_RESULT,,confirmed,OK,15,,,
event_classification,,,,HDFCLIFE_2024-09-30,HDFCLIFE,2024-09-30 00:00:00,2024-10-15 14:24:11,15.0,ACTUAL_RESULT,,confirmed,OK,15,,,
event_classification,,,,HDFCLIFE_2024-12-31,HDFCLIFE,2024-12-31 00:00:00,2025-01-15 15:55:49,15.0,ACTUAL_RESULT,,confirmed,OK,15,,,
event_classification,,,,HDFCLIFE_2025-03-31,HDFCLIFE,2025-03-31 00:00:00,NaT,,UNCERTAIN,,no_primary_result,MISSING_RESULT,,,,
event_classification,,,,HDFCLIFE_2025-06-30,HDFCLIFE,2025-06-30 00:00:00,2025-07-15 18:07:38,15.0,ACTUAL_RESULT,,confirmed,OK,15,,,
event_classification,,,,HDFCLIFE_2025-09-30,HDFCLIFE,2025-09-30 00:00:00,2025-10-15 16:32:05,15.0,ACTUAL_RESULT,,confirmed,OK,15,,,
event_classification,,,,HDFCLIFE_2025-12-31,HDFCLIFE,2025-12-31 00:00:00,2026-01-15 16:47:34,15.0,ACTUAL_RESULT,,confirmed,OK,15,,,
event_classification,,,,HDFCLIFE_2026-03-31,HDFCLIFE,2026-03-31 00:00:00,2026-04-16 16:41:29,16.0,ACTUAL_RESULT,,confirmed,OK,16,,,
event_classification,,,,HDFCLIFE_2026-06-30,HDFCLIFE,2026-06-30 00:00:00,2026-07-15 15:47:39,15.0,ACTUAL_RESULT,,confirmed,OK,15,,,
event_classification,,,,HINDALCO_2004-12-31,HINDALCO,2004-12-31 00:00:00,NaT,,UNCERTAIN,,no_primary_result,MISSING_RESULT,,,,
event_classification,,,,HINDALCO_2005-03-31,HINDALCO,2005-03-31 00:00:00,NaT,,UNCERTAIN,,no_primary_result,MISSING_RESULT,,,,
event_classification,,,,HINDALCO_2005-06-30,HINDALCO,2005-06-30 00:00:00,NaT,,UNCERTAIN,,no_primary_result,MISSING_RESULT|DUPLICATE_DOCUMENT,,,,
event_classification,,,,HINDALCO_2005-09-30,HINDALCO,2005-09-30 00:00:00,NaT,,UNCERTAIN,,no_primary_result,MISSING_RESULT|DUPLICATE_DOCUMENT,,,,
event_classification,,,,HINDALCO_2006-03-31,HINDALCO,2006-03-31 00:00:00,NaT,,UNCERTAIN,,no_primary_result,MISSING_RESULT|DUPLICATE_DOCUMENT,,,,
event_classification,,,,HINDALCO_2006-06-30,HINDALCO,2006-06-30 00:00:00,NaT,,UNCERTAIN,,no_primary_result,MISSING_RESULT|DUPLICATE_DOCUMENT,,,,
event_classification,,,,HINDALCO_2006-09-30,HINDALCO,2006-09-30 00:00:00,NaT,,UNCERTAIN,,no_primary_result,MISSING_RESULT,,,,
event_classification,,,,HINDALCO_2006-12-31,HINDALCO,2006-12-31 00:00:00,NaT,,UNCERTAIN,,no_primary_result,MISSING_RESULT|DUPLICATE_DOCUMENT,,,,
event_classification,,,,HINDALCO_2007-03-31,HINDALCO,2007-03-31 00:00:00,NaT,,UNCERTAIN,,no_primary_result,MISSING_RESULT|DUPLICATE_DOCUMENT,,,,
event_classification,,,,HINDALCO_2007-06-30,HINDALCO,2007-06-30 00:00:00,2007-07-31 16:02:00,31.0,ACTUAL_RESULT,,confirmed,DUPLICATE_DOCUMENT,31,,,
event_classification,,,,HINDALCO_2007-09-30,HINDALCO,2007-09-30 00:00:00,2007-11-08 17:15:00,39.0,ACTUAL_RESULT,,confirmed,DUPLICATE_DOCUMENT,39,,,
event_classification,,,,HINDALCO_2007-12-31,HINDALCO,2007-12-31 00:00:00,2008-01-30 18:19:00,30.0,ACTUAL_RESULT,,confirmed,DUPLICATE_DOCUMENT,30,,,
event_classification,,,,HINDALCO_2008-03-31,HINDALCO,2008-03-31 00:00:00,2008-06-20 12:56:00,81.0,ACTUAL_RESULT,,confirmed,MULTIPLE_HUMAN_PRIMARY_RESULTS|DUPLICATE_DOCUMENT,81,,,
event_classification,,,,HINDALCO_2008-06-30,HINDALCO,2008-06-30 00:00:00,2008-07-28 14:02:00,28.0,ACTUAL_RESULT,,confirmed,MULTIPLE_HUMAN_PRIMARY_RESULTS|DUPLICATE_DOCUMENT,28,,,
event_classification,,,,HINDALCO_2008-09-30,HINDALCO,2008-09-30 00:00:00,2008-10-31 13:44:00,31.0,ACTUAL_RESULT,,confirmed,DUPLICATE_DOCUMENT,31,,,
event_classification,,,,HINDALCO_2008-12-31,HINDALCO,2008-12-31 00:00:00,2009-01-30 14:55:00,30.0,ACTUAL_RESULT,,confirmed,DUPLICATE_DOCUMENT,30,,,
event_classification,,,,HINDALCO_2009-03-31,HINDALCO,2009-03-31 00:00:00,2009-06-30 14:44:00,91.0,UNCERTAIN,,confirmed,MULTIPLE_HUMAN_PRIMARY_RESULTS|VERY_LATE_FILING|DUPLICATE_DOCUMENT,91,,,
event_classification,,,,HINDALCO_2009-06-30,HINDALCO,2009-06-30 00:00:00,2009-07-31 14:32:00,31.0,ACTUAL_RESULT,,confirmed,MULTIPLE_HUMAN_PRIMARY_RESULTS|DUPLICATE_DOCUMENT|HUMAN_PRIMARY_RESULT_BEFORE_PERIOD_END,31,,,
event_classification,,,,HINDALCO_2009-09-30,HINDALCO,2009-09-30 00:00:00,2009-10-31 13:14:00,31.0,ACTUAL_RESULT,,confirmed,DUPLICATE_DOCUMENT|UNCLASSIFIED_DOCUMENT,31,,,
event_classification,,,,HINDALCO_2009-12-31,HINDALCO,2009-12-31 00:00:00,2010-01-25 18:26:00,25.0,ACTUAL_RESULT,,confirmed,DUPLICATE_DOCUMENT,25,,,
event_classification,,,,HINDALCO_2010-03-31,HINDALCO,2010-03-31 00:00:00,2010-06-04 14:43:00,65.0,ACTUAL_RESULT,,confirmed,MULTIPLE_HUMAN_PRIMARY_RESULTS|DUPLICATE_DOCUMENT,65,,,
event_classification,,,,HINDALCO_2010-06-30,HINDALCO,2010-06-30 00:00:00,2010-08-03 14:09:00,34.0,ACTUAL_RESULT,,confirmed,OK,34,,,
event_classification,,,,HINDALCO_2010-09-30,HINDALCO,2010-09-30 00:00:00,2010-11-09 16:23:00,40.0,ACTUAL_RESULT,,confirmed,MULTIPLE_HUMAN_PRIMARY_RESULTS,40,,,
event_classification,,,,HINDALCO_2010-12-31,HINDALCO,2010-12-31 00:00:00,2011-02-12 14:29:00,43.0,ACTUAL_RESULT,,confirmed,OK,43,,,
event_classification,,,,HINDALCO_2011-03-31,HINDALCO,2011-03-31 00:00:00,2011-05-30 13:51:00,60.0,ACTUAL_RESULT,,confirmed,MULTIPLE_HUMAN_PRIMARY_RESULTS|DUPLICATE_DOCUMENT,60,,,
event_classification,,,,HINDALCO_2011-06-30,HINDALCO,2011-06-30 00:00:00,2011-08-12 18:40:00,43.0,ACTUAL_RESULT,,confirmed,MULTIPLE_HUMAN_PRIMARY_RESULTS,43,,,
event_classification,,,,HINDALCO_2011-09-30,HINDALCO,2011-09-30 00:00:00,2011-11-10 14:11:00,41.0,ACTUAL_RESULT,,confirmed,MULTIPLE_HUMAN_PRIMARY_RESULTS,41,,,
event_classification,,,,HINDALCO_2011-12-31,HINDALCO,2011-12-31 00:00:00,2012-02-09 14:30:00,40.0,ACTUAL_RESULT,,confirmed,MULTIPLE_HUMAN_PRIMARY_RESULTS|DUPLICATE_DOCUMENT,40,,,
event_classification,,,,HINDALCO_2012-03-31,HINDALCO,2012-03-31 00:00:00,2012-05-08 14:23:00,38.0,ACTUAL_RESULT,,confirmed,MULTIPLE_HUMAN_PRIMARY_RESULTS,38,,,
event_classification,,,,HINDALCO_2012-06-30,HINDALCO,2012-06-30 00:00:00,2012-08-14 14:26:00,45.0,ACTUAL_RESULT,,confirmed,MULTIPLE_HUMAN_PRIMARY_RESULTS,45,,,
event_classification,,,,HINDALCO_2012-09-30,HINDALCO,2012-09-30 00:00:00,2012-11-06 14:38:00,37.0,ACTUAL_RESULT,,confirmed,MULTIPLE_HUMAN_PRIMARY_RESULTS,37,,,
event_classification,,,,HINDALCO_2012-12-31,HINDALCO,2012-12-31 00:00:00,2013-02-08 13:54:00,39.0,ACTUAL_RESULT,,confirmed,MULTIPLE_HUMAN_PRIMARY_RESULTS,39,,,
event_classification,,,,HINDALCO_2013-03-31,HINDALCO,2013-03-31 00:00:00,2013-05-28 16:08:00,58.0,ACTUAL_RESULT,,confirmed,MULTIPLE_HUMAN_PRIMARY_RESULTS|DUPLICATE_DOCUMENT,58,,,
event_classification,,,,HINDALCO_2013-06-30,HINDALCO,2013-06-30 00:00:00,2013-08-13 14:37:25,44.0,ACTUAL_RESULT,,confirmed,OK,44,,,
event_classification,,,,HINDALCO_2013-09-30,HINDALCO,2013-09-30 00:00:00,2013-11-12 14:23:02,43.0,ACTUAL_RESULT,,confirmed,OK,43,,,
event_classification,,,,HINDALCO_2013-12-31,HINDALCO,2013-12-31 00:00:00,2014-02-13 15:03:02,44.0,ACTUAL_RESULT,,confirmed,OK,44,,,
event_classification,,,,HINDALCO_2014-03-31,HINDALCO,2014-03-31 00:00:00,2014-05-29 14:11:02,59.0,ACTUAL_RESULT,,confirmed,MULTIPLE_HUMAN_PRIMARY_RESULTS|DUPLICATE_DOCUMENT,59,,,
event_classification,,,,HINDALCO_2014-06-30,HINDALCO,2014-06-30 00:00:00,2014-08-14 13:59:03,45.0,ACTUAL_RESULT,,confirmed,OK,45,,,
event_classification,,,,HINDALCO_2014-09-30,HINDALCO,2014-09-30 00:00:00,2014-11-13 13:39:02,44.0,ACTUAL_RESULT,,confirmed,OK,44,,,
event_classification,,,,HINDALCO_2014-12-31,HINDALCO,2014-12-31 00:00:00,2015-02-12 13:35:03,43.0,ACTUAL_RESULT,,confirmed,OK,43,,,
event_classification,,,,HINDALCO_2015-03-31,HINDALCO,2015-03-31 00:00:00,2015-05-28 14:43:03,58.0,ACTUAL_RESULT,,confirmed,OK,58,,,
event_classification,,,,HINDALCO_2015-06-30,HINDALCO,2015-06-30 00:00:00,2015-08-14 13:46:51,45.0,ACTUAL_RESULT,,confirmed,OK,45,,,
event_classification,,,,HINDALCO_2015-09-30,HINDALCO,2015-09-30 00:00:00,2015-11-10 13:53:22,41.0,ACTUAL_RESULT,,confirmed,OK,41,,,
event_classification,,,,HINDALCO_2015-12-31,HINDALCO,2015-12-31 00:00:00,2016-02-09 15:03:21,40.0,ACTUAL_RESULT,,confirmed,OK,40,,,
event_classification,,,,HINDALCO_2016-03-31,HINDALCO,2016-03-31 00:00:00,2016-05-28 14:25:37,58.0,ACTUAL_RESULT,,confirmed,MULTIPLE_HUMAN_PRIMARY_RESULTS,58,,,
event_classification,,,,HINDALCO_2016-06-30,HINDALCO,2016-06-30 00:00:00,2016-08-12 13:17:13,43.0,ACTUAL_RESULT,,confirmed,OK,43,,,
event_classification,,,,HINDALCO_2016-09-30,HINDALCO,2016-09-30 00:00:00,2016-11-12 13:58:40,43.0,ACTUAL_RESULT,,confirmed,OK,43,,,
event_classification,,,,HINDALCO_2016-12-31,HINDALCO,2016-12-31 00:00:00,2017-02-13 13:44:33,44.0,ACTUAL_RESULT,,confirmed,OK,44,,,
event_classification,,,,HINDALCO_2017-03-31,HINDALCO,2017-03-31 00:00:00,2017-05-30 14:46:51,60.0,ACTUAL_RESULT,,confirmed,OK,60,,,
event_classification,,,,HINDALCO_2017-06-30,HINDALCO,2017-06-30 00:00:00,2017-08-11 13:39:15,42.0,ACTUAL_RESULT,,confirmed,UNCLASSIFIED_DOCUMENT,42,,,
event_classification,,,,HINDALCO_2017-09-30,HINDALCO,2017-09-30 00:00:00,2017-11-03 13:46:12,34.0,ACTUAL_RESULT,,confirmed,OK,34,,,
event_classification,,,,HINDALCO_2017-12-31,HINDALCO,2017-12-31 00:00:00,2018-02-02 13:32:31,33.0,ACTUAL_RESULT,,confirmed,OK,33,,,
event_classification,,,,HINDALCO_2018-03-31,HINDALCO,2018-03-31 00:00:00,2018-05-16 13:39:39,46.0,ACTUAL_RESULT,,confirmed,OK,46,,,
event_classification,,,,HINDALCO_2018-06-30,HINDALCO,2018-06-30 00:00:00,2018-08-10 14:05:37,41.0,ACTUAL_RESULT,,confirmed,OK,41,,,
event_classification,,,,HINDALCO_2018-09-30,HINDALCO,2018-09-30 00:00:00,2018-11-02 13:53:46,33.0,ACTUAL_RESULT,,confirmed,MANY_PRE_ANNOUNCEMENTS,33,,,
event_classification,,,,HINDALCO_2018-12-31,HINDALCO,2018-12-31 00:00:00,2019-02-12 16:42:27,43.0,ACTUAL_RESULT,,confirmed,OK,43,,,
event_classification,,,,HINDALCO_2019-03-31,HINDALCO,2019-03-31 00:00:00,2019-05-16 17:00:06,46.0,ACTUAL_RESULT,,confirmed,OK,46,,,
event_classification,,,,HINDALCO_2019-06-30,HINDALCO,2019-06-30 00:00:00,2019-08-09 16:47:16,40.0,ACTUAL_RESULT,,confirmed,OK,40,,,
event_classification,,,,HINDALCO_2019-09-30,HINDALCO,2019-09-30 00:00:00,2019-11-11 15:56:55,42.0,ACTUAL_RESULT,,confirmed,OK,42,,,
event_classification,,,,HINDALCO_2019-12-31,HINDALCO,2019-12-31 00:00:00,2020-02-13 13:09:20,44.0,ACTUAL_RESULT,,confirmed,OK,44,,,
event_classification,,,,HINDALCO_2020-03-31,HINDALCO,2020-03-31 00:00:00,2020-06-12 15:33:12,73.0,ACTUAL_RESULT,,confirmed,OK,73,,,
event_classification,,,,HINDALCO_2020-06-30,HINDALCO,2020-06-30 00:00:00,2020-08-14 13:56:08,45.0,ACTUAL_RESULT,,confirmed,OK,45,,,
event_classification,,,,HINDALCO_2020-09-30,HINDALCO,2020-09-30 00:00:00,2020-11-10 13:36:07,41.0,ACTUAL_RESULT,,confirmed,OK,41,,,
event_classification,,,,HINDALCO_2020-12-31,HINDALCO,2020-12-31 00:00:00,2021-02-10 13:50:59,41.0,ACTUAL_RESULT,,confirmed,OK,41,,,
event_classification,,,,HINDALCO_2021-03-31,HINDALCO,2021-03-31 00:00:00,2021-05-21 14:44:10,51.0,ACTUAL_RESULT,,confirmed,OK,51,,,
event_classification,,,,HINDALCO_2021-06-30,HINDALCO,2021-06-30 00:00:00,2021-08-06 14:19:45,37.0,ACTUAL_RESULT,,confirmed,OK,37,,,
event_classification,,,,HINDALCO_2021-09-30,HINDALCO,2021-09-30 00:00:00,2021-11-12 14:35:56,43.0,ACTUAL_RESULT,,confirmed,OK,43,,,
event_classification,,,,HINDALCO_2021-12-31,HINDALCO,2021-12-31 00:00:00,2022-02-10 14:21:08,41.0,ACTUAL_RESULT,,confirmed,OK,41,,,
event_classification,,,,HINDALCO_2022-03-31,HINDALCO,2022-03-31 00:00:00,2022-05-27 11:23:04,57.0,ACTUAL_RESULT,,confirmed,OK,57,,,
event_classification,,,,HINDALCO_2022-06-30,HINDALCO,2022-06-30 00:00:00,NaT,,UNCERTAIN,,no_primary_result,MISSING_RESULT,,,,
event_classification,,,,HINDALCO_2022-09-30,HINDALCO,2022-09-30 00:00:00,NaT,,UNCERTAIN,,no_primary_result,MISSING_RESULT|MANY_PRE_ANNOUNCEMENTS,,,,
event_classification,,,,HINDALCO_2022-12-31,HINDALCO,2022-12-31 00:00:00,2023-02-10 11:21:35,41.0,ACTUAL_RESULT,,confirmed,OK,41,,,
event_classification,,,,HINDALCO_2023-03-31,HINDALCO,2023-03-31 00:00:00,2023-05-24 14:07:02,54.0,ACTUAL_RESULT,,confirmed,OK,54,,,
event_classification,,,,HINDALCO_2023-06-30,HINDALCO,2023-06-30 00:00:00,2023-08-08 13:27:16,39.0,ACTUAL_RESULT,,confirmed,OK,39,,,
event_classification,,,,HINDALCO_2023-09-30,HINDALCO,2023-09-30 00:00:00,2023-11-10 13:57:59,41.0,ACTUAL_RESULT,,confirmed,OK,41,,,
event_classification,,,,HINDALCO_2023-12-31,HINDALCO,2023-12-31 00:00:00,2024-02-13 13:48:51,44.0,ACTUAL_RESULT,,confirmed,OK,44,,,
event_classification,,,,HINDALCO_2024-03-31,HINDALCO,2024-03-31 00:00:00,2024-05-24 17:41:19,54.0,ACTUAL_RESULT,,confirmed,MULTIPLE_HUMAN_PRIMARY_RESULTS,54,,,
event_classification,,,,HINDALCO_2024-06-30,HINDALCO,2024-06-30 00:00:00,2024-08-13 14:05:49,44.0,ACTUAL_RESULT,,confirmed,OK,44,,,
event_classification,,,,HINDALCO_2024-09-30,HINDALCO,2024-09-30 00:00:00,2024-11-11 18:54:08,42.0,ACTUAL_RESULT,,confirmed,OK,42,,,
event_classification,,,,HINDALCO_2024-12-31,HINDALCO,2024-12-31 00:00:00,2025-02-13 18:46:44,44.0,ACTUAL_RESULT,,confirmed,OK,44,,,
event_classification,,,,HINDALCO_2025-03-31,HINDALCO,2025-03-31 00:00:00,2025-05-20 14:17:51,50.0,ACTUAL_RESULT,,confirmed,OK,50,,,
event_classification,,,,HINDALCO_2025-06-30,HINDALCO,2025-06-30 00:00:00,2025-08-12 14:46:19,43.0,ACTUAL_RESULT,,confirmed,OK,43,,,
event_classification,,,,HINDALCO_2025-09-30,HINDALCO,2025-09-30 00:00:00,2025-11-07 13:42:08,38.0,ACTUAL_RESULT,,confirmed,OK,38,,,
event_classification,,,,HINDALCO_2025-12-31,HINDALCO,2025-12-31 00:00:00,2026-02-12 17:06:59,43.0,ACTUAL_RESULT,,confirmed,OK,43,,,
event_classification,,,,HINDALCO_2026-03-31,HINDALCO,2026-03-31 00:00:00,2026-05-22 17:22:17,52.0,ACTUAL_RESULT,,confirmed,OK,52,,,
event_classification,,,,HINDALCO_2026-06-30,HINDALCO,2026-06-30 00:00:00,2026-08-07 14:40:26,38.0,ACTUAL_RESULT,,confirmed,OK,38,,,
event_classification,,,,HINDALCO_2026-09-30,HINDALCO,2026-09-30 00:00:00,NaT,,UNCERTAIN,,no_primary_result,MISSING_RESULT,,,,
event_classification,,,,HINDUNILVR_2004-12-31,HINDUNILVR,2004-12-31 00:00:00,NaT,,UNCERTAIN,,no_primary_result,MISSING_RESULT,,,,
event_classification,,,,HINDUNILVR_2005-06-30,HINDUNILVR,2005-06-30 00:00:00,NaT,,UNCERTAIN,,no_primary_result,MISSING_RESULT|DUPLICATE_DOCUMENT,,,,
event_classification,,,,HINDUNILVR_2005-09-30,HINDUNILVR,2005-09-30 00:00:00,NaT,,UNCERTAIN,,no_primary_result,MISSING_RESULT|DUPLICATE_DOCUMENT,,,,
event_classification,,,,HINDUNILVR_2005-12-31,HINDUNILVR,2005-12-31 00:00:00,NaT,,UNCERTAIN,,no_primary_result,MISSING_RESULT,,,,
event_classification,,,,HINDUNILVR_2006-03-31,HINDUNILVR,2006-03-31 00:00:00,NaT,,UNCERTAIN,,no_primary_result,MISSING_RESULT,,,,
event_classification,,,,HINDUNILVR_2006-06-30,HINDUNILVR,2006-06-30 00:00:00,NaT,,UNCERTAIN,,no_primary_result,MISSING_RESULT,,,,
event_classification,,,,HINDUNILVR_2006-09-30,HINDUNILVR,2006-09-30 00:00:00,NaT,,UNCERTAIN,,no_primary_result,MISSING_RESULT|DUPLICATE_DOCUMENT,,,,
event_classification,,,,HINDUNILVR_2006-12-31,HINDUNILVR,2006-12-31 00:00:00,2007-01-22 18:16:00,22.0,ACTUAL_RESULT,,confirmed,OK,22,,,
event_classification,,,,HINDUNILVR_2007-03-31,HINDUNILVR,2007-03-31 00:00:00,NaT,,UNCERTAIN,,no_primary_result,MISSING_RESULT|DUPLICATE_DOCUMENT,,,,
event_classification,,,,HINDUNILVR_2007-06-30,HINDUNILVR,2007-06-30 00:00:00,2007-07-30 08:57:00,30.0,ACTUAL_RESULT,,confirmed,DUPLICATE_DOCUMENT,30,,,
event_classification,,,,HINDUNILVR_2007-09-30,HINDUNILVR,2007-09-30 00:00:00,2007-10-31 12:49:00,31.0,ACTUAL_RESULT,,confirmed,DUPLICATE_DOCUMENT,31,,,
event_classification,,,,HINDUNILVR_2007-12-31,HINDUNILVR,2007-12-31 00:00:00,2008-02-13 12:56:00,44.0,ACTUAL_RESULT,,confirmed,MULTIPLE_HUMAN_PRIMARY_RESULTS|DUPLICATE_DOCUMENT,44,,,
event_classification,,,,HINDUNILVR_2008-03-31,HINDUNILVR,2008-03-31 00:00:00,2008-04-28 16:40:00,28.0,ACTUAL_RESULT,,confirmed,DUPLICATE_DOCUMENT,28,,,
event_classification,,,,HINDUNILVR_2008-06-30,HINDUNILVR,2008-06-30 00:00:00,2008-07-25 15:27:00,25.0,ACTUAL_RESULT,,confirmed,OK,25,,,
event_classification,,,,HINDUNILVR_2008-09-30,HINDUNILVR,2008-09-30 00:00:00,2008-10-24 12:41:00,24.0,ACTUAL_RESULT,,confirmed,DUPLICATE_DOCUMENT|UNCLASSIFIED_DOCUMENT,24,,,
event_classification,,,,HINDUNILVR_2009-03-31,HINDUNILVR,2009-03-31 00:00:00,2009-04-16 11:59:00,16.0,ACTUAL_RESULT,,confirmed,DUPLICATE_DOCUMENT,16,,,
event_classification,,,,HINDUNILVR_2009-06-30,HINDUNILVR,2009-06-30 00:00:00,2009-07-28 14:22:00,28.0,ACTUAL_RESULT,,confirmed,DUPLICATE_DOCUMENT,28,,,
event_classification,,,,HINDUNILVR_2009-09-30,HINDUNILVR,2009-09-30 00:00:00,2009-10-31 14:37:00,31.0,ACTUAL_RESULT,,confirmed,DUPLICATE_DOCUMENT,31,,,
event_classification,,,,HINDUNILVR_2009-12-31,HINDUNILVR,2009-12-31 00:00:00,2010-01-27 08:24:00,27.0,ACTUAL_RESULT,,confirmed,DUPLICATE_DOCUMENT,27,,,
event_classification,,,,HINDUNILVR_2010-03-31,HINDUNILVR,2010-03-31 00:00:00,2010-05-25 15:38:00,55.0,ACTUAL_RESULT,,confirmed,MULTIPLE_HUMAN_PRIMARY_RESULTS|DUPLICATE_DOCUMENT,55,,,
event_classification,,,,HINDUNILVR_2010-06-30,HINDUNILVR,2010-06-30 00:00:00,2010-07-27 11:34:00,27.0,ACTUAL_RESULT,,confirmed,OK,27,,,
event_classification,,,,HINDUNILVR_2010-09-30,HINDUNILVR,2010-09-30 00:00:00,2010-10-25 13:54:00,25.0,ACTUAL_RESULT,,confirmed,MULTIPLE_HUMAN_PRIMARY_RESULTS|UNCLASSIFIED_DOCUMENT,25,,,
event_classification,,,,HINDUNILVR_2010-12-31,HINDUNILVR,2010-12-31 00:00:00,2011-01-25 13:05:00,25.0,ACTUAL_RESULT,,confirmed,MULTIPLE_HUMAN_PRIMARY_RESULTS,25,,,
event_classification,,,,HINDUNILVR_2011-03-31,HINDUNILVR,2011-03-31 00:00:00,2011-05-09 14:06:00,39.0,ACTUAL_RESULT,,confirmed,MULTIPLE_HUMAN_PRIMARY_RESULTS|DUPLICATE_DOCUMENT,39,,,
event_classification,,,,HINDUNILVR_2011-06-30,HINDUNILVR,2011-06-30 00:00:00,2011-07-28 12:11:00,28.0,ACTUAL_RESULT,,confirmed,MULTIPLE_HUMAN_PRIMARY_RESULTS,28,,,
event_classification,,,,HINDUNILVR_2011-09-30,HINDUNILVR,2011-09-30 00:00:00,2011-10-31 13:51:00,31.0,ACTUAL_RESULT,,confirmed,MULTIPLE_HUMAN_PRIMARY_RESULTS|DUPLICATE_DOCUMENT,31,,,
event_classification,,,,HINDUNILVR_2011-12-31,HINDUNILVR,2011-12-31 00:00:00,2012-02-06 13:48:00,37.0,ACTUAL_RESULT,,confirmed,MULTIPLE_HUMAN_PRIMARY_RESULTS,37,,,
event_classification,,,,HINDUNILVR_2012-03-31,HINDUNILVR,2012-03-31 00:00:00,2012-05-02 08:34:05,32.0,ACTUAL_RESULT,,confirmed,OK,32,,,
event_classification,,,,HINDUNILVR_2012-06-30,HINDUNILVR,2012-06-30 00:00:00,2012-07-23 17:36:00,23.0,ACTUAL_RESULT,,confirmed,MULTIPLE_HUMAN_PRIMARY_RESULTS,23,,,
event_classification,,,,HINDUNILVR_2012-09-30,HINDUNILVR,2012-09-30 00:00:00,2012-10-26 14:40:00,26.0,ACTUAL_RESULT,,confirmed,MULTIPLE_HUMAN_PRIMARY_RESULTS|DUPLICATE_DOCUMENT,26,,,
event_classification,,,,HINDUNILVR_2012-12-31,HINDUNILVR,2012-12-31 00:00:00,2013-01-22 19:03:00,22.0,ACTUAL_RESULT,,confirmed,MULTIPLE_HUMAN_PRIMARY_RESULTS|DUPLICATE_DOCUMENT,22,,,
event_classification,,,,HINDUNILVR_2013-03-31,HINDUNILVR,2013-03-31 00:00:00,2013-04-29 13:56:00,29.0,ACTUAL_RESULT,,confirmed,MULTIPLE_HUMAN_PRIMARY_RESULTS|DUPLICATE_DOCUMENT,29,,,
event_classification,,,,HINDUNILVR_2013-06-30,HINDUNILVR,2013-06-30 00:00:00,2013-07-26 12:48:00,26.0,ACTUAL_RESULT,,confirmed,MULTIPLE_HUMAN_PRIMARY_RESULTS,26,,,
event_classification,,,,HINDUNILVR_2013-09-30,HINDUNILVR,2013-09-30 00:00:00,2013-10-28 09:59:02,28.0,ACTUAL_RESULT,,confirmed,OK,28,,,
event_classification,,,,HINDUNILVR_2013-12-31,HINDUNILVR,2013-12-31 00:00:00,2014-01-27 15:07:02,27.0,ACTUAL_RESULT,,confirmed,MULTIPLE_HUMAN_PRIMARY_RESULTS,27,,,
event_classification,,,,HINDUNILVR_2014-03-31,HINDUNILVR,2014-03-31 00:00:00,2014-04-28 15:07:02,28.0,ACTUAL_RESULT,,confirmed,MULTIPLE_HUMAN_PRIMARY_RESULTS|DUPLICATE_DOCUMENT,28,,,
event_classification,,,,HINDUNILVR_2014-06-30,HINDUNILVR,2014-06-30 00:00:00,2014-07-28 14:15:02,28.0,ACTUAL_RESULT,,confirmed,OK,28,,,
event_classification,,,,HINDUNILVR_2014-09-30,HINDUNILVR,2014-09-30 00:00:00,2014-10-27 14:35:02,27.0,ACTUAL_RESULT,,confirmed,OK,27,,,
event_classification,,,,HINDUNILVR_2014-12-31,HINDUNILVR,2014-12-31 00:00:00,2015-01-19 14:51:02,19.0,ACTUAL_RESULT,,confirmed,OK,19,,,
event_classification,,,,HINDUNILVR_2015-03-31,HINDUNILVR,2015-03-31 00:00:00,2015-05-08 14:23:02,38.0,ACTUAL_RESULT,,confirmed,OK,38,,,
event_classification,,,,HINDUNILVR_2015-06-30,HINDUNILVR,2015-06-30 00:00:00,2015-07-21 14:07:29,21.0,ACTUAL_RESULT,,confirmed,OK,21,,,
event_classification,,,,HINDUNILVR_2015-09-30,HINDUNILVR,2015-09-30 00:00:00,2015-10-14 14:50:25,14.0,ACTUAL_RESULT,,confirmed,DUPLICATE_DOCUMENT,14,,,
event_classification,,,,HINDUNILVR_2015-12-31,HINDUNILVR,2015-12-31 00:00:00,2016-01-15 14:43:28,15.0,ACTUAL_RESULT,,confirmed,MULTIPLE_HUMAN_PRIMARY_RESULTS,15,,,
event_classification,,,,HINDUNILVR_2016-03-31,HINDUNILVR,2016-03-31 00:00:00,2016-05-09 14:33:53,39.0,ACTUAL_RESULT,,confirmed,OK,39,,,
event_classification,,,,HINDUNILVR_2016-06-30,HINDUNILVR,2016-06-30 00:00:00,2016-07-18 15:20:25,18.0,ACTUAL_RESULT,,confirmed,MULTIPLE_HUMAN_PRIMARY_RESULTS,18,,,
event_classification,,,,HINDUNILVR_2016-09-30,HINDUNILVR,2016-09-30 00:00:00,2016-10-26 15:36:21,26.0,ACTUAL_RESULT,,confirmed,OK,26,,,
event_classification,,,,HINDUNILVR_2016-12-31,HINDUNILVR,2016-12-31 00:00:00,2017-01-23 15:49:56,23.0,ACTUAL_RESULT,,confirmed,OK,23,,,
event_classification,,,,HINDUNILVR_2017-03-31,HINDUNILVR,2017-03-31 00:00:00,2017-05-17 15:55:56,47.0,ACTUAL_RESULT,,confirmed,OK,47,,,
event_classification,,,,HINDUNILVR_2017-06-30,HINDUNILVR,2017-06-30 00:00:00,2017-07-18 15:33:46,18.0,ACTUAL_RESULT,,confirmed,OK,18,,,
event_classification,,,,HINDUNILVR_2017-09-30,HINDUNILVR,2017-09-30 00:00:00,2017-10-25 15:54:19,25.0,ACTUAL_RESULT,,confirmed,OK,25,,,
event_classification,,,,HINDUNILVR_2017-12-31,HINDUNILVR,2017-12-31 00:00:00,2018-01-17 16:00:38,17.0,ACTUAL_RESULT,,confirmed,OK,17,,,
event_classification,,,,HINDUNILVR_2018-03-31,HINDUNILVR,2018-03-31 00:00:00,2018-05-14 19:00:36,44.0,ACTUAL_RESULT,,confirmed,OK,44,,,
event_classification,,,,HINDUNILVR_2018-06-30,HINDUNILVR,2018-06-30 00:00:00,2018-07-16 15:38:53,16.0,ACTUAL_RESULT,,confirmed,OK,16,,,
event_classification,,,,HINDUNILVR_2018-09-30,HINDUNILVR,2018-09-30 00:00:00,2018-10-12 15:51:57,12.0,ACTUAL_RESULT,,confirmed,OK,12,,,
event_classification,,,,HINDUNILVR_2018-12-31,HINDUNILVR,2018-12-31 00:00:00,2019-01-17 15:49:54,17.0,ACTUAL_RESULT,,confirmed,OK,17,,,
event_classification,,,,HINDUNILVR_2019-03-31,HINDUNILVR,2019-03-31 00:00:00,2019-05-03 16:16:21,33.0,ACTUAL_RESULT,,confirmed,OK,33,,,
event_classification,,,,HINDUNILVR_2019-06-30,HINDUNILVR,2019-06-30 00:00:00,2019-07-23 15:47:11,23.0,ACTUAL_RESULT,,confirmed,OK,23,,,
event_classification,,,,HINDUNILVR_2019-09-30,HINDUNILVR,2019-09-30 00:00:00,2019-10-14 16:15:46,14.0,ACTUAL_RESULT,,confirmed,OK,14,,,
event_classification,,,,HINDUNILVR_2019-12-31,HINDUNILVR,2019-12-31 00:00:00,2020-01-31 15:45:10,31.0,ACTUAL_RESULT,,confirmed,OK,31,,,
event_classification,,,,HINDUNILVR_2020-03-31,HINDUNILVR,2020-03-31 00:00:00,2020-04-30 16:41:00,30.0,ACTUAL_RESULT,,confirmed,OK,30,,,
event_classification,,,,HINDUNILVR_2020-06-30,HINDUNILVR,2020-06-30 00:00:00,2020-07-21 16:43:28,21.0,ACTUAL_RESULT,,confirmed,OK,21,,,
event_classification,,,,HINDUNILVR_2020-09-30,HINDUNILVR,2020-09-30 00:00:00,2020-10-20 15:01:22,20.0,ACTUAL_RESULT,,confirmed,OK,20,,,
event_classification,,,,HINDUNILVR_2020-12-31,HINDUNILVR,2020-12-31 00:00:00,2021-01-27 16:55:01,27.0,ACTUAL_RESULT,,confirmed,OK,27,,,
event_classification,,,,HINDUNILVR_2021-03-31,HINDUNILVR,2021-03-31 00:00:00,2021-04-29 13:32:10,29.0,ACTUAL_RESULT,,confirmed,OK,29,,,
event_classification,,,,HINDUNILVR_2021-06-30,HINDUNILVR,2021-06-30 00:00:00,2021-07-22 13:23:15,22.0,ACTUAL_RESULT,,confirmed,OK,22,,,
event_classification,,,,HINDUNILVR_2021-09-30,HINDUNILVR,2021-09-30 00:00:00,2021-10-19 14:01:14,19.0,ACTUAL_RESULT,,confirmed,OK,19,,,
event_classification,,,,HINDUNILVR_2021-12-31,HINDUNILVR,2021-12-31 00:00:00,2022-01-20 16:29:14,20.0,ACTUAL_RESULT,,confirmed,OK,20,,,
event_classification,,,,HINDUNILVR_2022-03-31,HINDUNILVR,2022-03-31 00:00:00,2022-04-28 10:42:05,28.0,ACTUAL_RESULT,,confirmed,UNCLASSIFIED_DOCUMENT,28,,,
event_classification,,,,HINDUNILVR_2022-06-30,HINDUNILVR,2022-06-30 00:00:00,NaT,,UNCERTAIN,,no_primary_result,MISSING_RESULT|UNCLASSIFIED_DOCUMENT,,,,
event_classification,,,,HINDUNILVR_2022-09-30,HINDUNILVR,2022-09-30 00:00:00,NaT,,UNCERTAIN,,no_primary_result,MISSING_RESULT|UNCLASSIFIED_DOCUMENT,,,,
event_classification,,,,HINDUNILVR_2022-12-31,HINDUNILVR,2022-12-31 00:00:00,2023-01-19 16:16:57,19.0,ACTUAL_RESULT,,confirmed,OK,19,,,
event_classification,,,,HINDUNILVR_2023-03-31,HINDUNILVR,2023-03-31 00:00:00,2023-04-27 12:53:01,27.0,ACTUAL_RESULT,,confirmed,OK,27,,,
event_classification,,,,HINDUNILVR_2023-06-30,HINDUNILVR,2023-06-30 00:00:00,2023-07-20 15:57:22,20.0,ACTUAL_RESULT,,confirmed,OK,20,,,
event_classification,,,,HINDUNILVR_2023-09-30,HINDUNILVR,2023-09-30 00:00:00,2023-10-19 15:35:53,19.0,ACTUAL_RESULT,,confirmed,OK,19,,,
event_classification,,,,HINDUNILVR_2023-12-31,HINDUNILVR,2023-12-31 00:00:00,2024-01-19 19:29:46,19.0,ACTUAL_RESULT,,confirmed,OK,19,,,
event_classification,,,,HINDUNILVR_2024-03-31,HINDUNILVR,2024-03-31 00:00:00,2024-04-24 16:15:34,24.0,ACTUAL_RESULT,,confirmed,OK,24,,,
event_classification,,,,HINDUNILVR_2024-06-30,HINDUNILVR,2024-06-30 00:00:00,2024-07-23 15:52:09,23.0,ACTUAL_RESULT,,confirmed,OK,23,,,
event_classification,,,,HINDUNILVR_2024-09-30,HINDUNILVR,2024-09-30 00:00:00,2024-10-23 17:08:20,23.0,ACTUAL_RESULT,,confirmed,OK,23,,,
event_classification,,,,HINDUNILVR_2024-12-31,HINDUNILVR,2024-12-31 00:00:00,2025-01-22 16:09:12,22.0,ACTUAL_RESULT,,confirmed,OK,22,,,
event_classification,,,,HINDUNILVR_2025-03-31,HINDUNILVR,2025-03-31 00:00:00,NaT,,UNCERTAIN,,no_primary_result,MISSING_RESULT,,,,
event_classification,,,,HINDUNILVR_2025-06-30,HINDUNILVR,2025-06-30 00:00:00,NaT,,UNCERTAIN,,no_primary_result,MISSING_RESULT,,,,
event_classification,,,,HINDUNILVR_2025-09-30,HINDUNILVR,2025-09-30 00:00:00,NaT,,UNCERTAIN,,no_primary_result,MISSING_RESULT|MANY_PRE_ANNOUNCEMENTS,,,,
event_classification,,,,HINDUNILVR_2025-12-31,HINDUNILVR,2025-12-31 00:00:00,NaT,,UNCERTAIN,,no_primary_result,MISSING_RESULT|UNCLASSIFIED_DOCUMENT,,,,
event_classification,,,,HINDUNILVR_2026-03-31,HINDUNILVR,2026-03-31 00:00:00,2026-04-30 10:28:34,30.0,ACTUAL_RESULT,,confirmed,OK,30,,,
event_classification,,,,HINDUNILVR_2026-06-30,HINDUNILVR,2026-06-30 00:00:00,NaT,,UNCERTAIN,,no_primary_result,MISSING_RESULT,,,,
event_classification,,,,HINDUNILVR_2026-09-30,HINDUNILVR,2026-09-30 00:00:00,NaT,,UNCERTAIN,,no_primary_result,MISSING_RESULT,,,,
event_classification,,,,ICICIBANK_2004-12-31,ICICIBANK,2004-12-31 00:00:00,NaT,,UNCERTAIN,,no_primary_result,MISSING_RESULT|DUPLICATE_DOCUMENT,,,,
event_classification,,,,ICICIBANK_2005-03-31,ICICIBANK,2005-03-31 00:00:00,NaT,,UNCERTAIN,,no_primary_result,MISSING_RESULT|DUPLICATE_DOCUMENT,,,,
event_classification,,,,ICICIBANK_2005-06-30,ICICIBANK,2005-06-30 00:00:00,NaT,,UNCERTAIN,,no_primary_result,MISSING_RESULT|DUPLICATE_DOCUMENT,,,,
event_classification,,,,ICICIBANK_2005-09-30,ICICIBANK,2005-09-30 00:00:00,NaT,,UNCERTAIN,,no_primary_result,MISSING_RESULT|DUPLICATE_DOCUMENT|UNCLASSIFIED_DOCUMENT,,,,
event_classification,,,,ICICIBANK_2005-12-31,ICICIBANK,2005-12-31 00:00:00,NaT,,UNCERTAIN,,no_primary_result,MISSING_RESULT,,,,
event_classification,,,,ICICIBANK_2006-03-31,ICICIBANK,2006-03-31 00:00:00,NaT,,UNCERTAIN,,no_primary_result,MISSING_RESULT|DUPLICATE_DOCUMENT,,,,
event_classification,,,,ICICIBANK_2006-06-30,ICICIBANK,2006-06-30 00:00:00,NaT,,UNCERTAIN,,no_primary_result,MISSING_RESULT,,,,
event_classification,,,,ICICIBANK_2006-09-30,ICICIBANK,2006-09-30 00:00:00,NaT,,UNCERTAIN,,no_primary_result,MISSING_RESULT|DUPLICATE_DOCUMENT,,,,
event_classification,,,,ICICIBANK_2006-12-31,ICICIBANK,2006-12-31 00:00:00,NaT,,UNCERTAIN,,no_primary_result,MISSING_RESULT|DUPLICATE_DOCUMENT,,,,
event_classification,,,,ICICIBANK_2007-03-31,ICICIBANK,2007-03-31 00:00:00,NaT,,UNCERTAIN,,no_primary_result,MISSING_RESULT|DUPLICATE_DOCUMENT,,,,
event_classification,,,,ICICIBANK_2007-06-30,ICICIBANK,2007-06-30 00:00:00,2007-07-21 12:18:00,21.0,ACTUAL_RESULT,,confirmed,DUPLICATE_DOCUMENT,21,,,
event_classification,,,,ICICIBANK_2007-09-30,ICICIBANK,2007-09-30 00:00:00,2007-10-19 16:03:00,19.0,ACTUAL_RESULT,,confirmed,MULTIPLE_HUMAN_PRIMARY_RESULTS|DUPLICATE_DOCUMENT,19,,,
event_classification,,,,ICICIBANK_2007-12-31,ICICIBANK,2007-12-31 00:00:00,2008-01-19 14:49:00,19.0,ACTUAL_RESULT,,confirmed,MULTIPLE_HUMAN_PRIMARY_RESULTS|DUPLICATE_DOCUMENT,19,,,
event_classification,,,,ICICIBANK_2008-03-31,ICICIBANK,2008-03-31 00:00:00,2008-04-26 15:30:00,26.0,ACTUAL_RESULT,,confirmed,MULTIPLE_HUMAN_PRIMARY_RESULTS|DUPLICATE_DOCUMENT,26,,,
event_classification,,,,ICICIBANK_2008-06-30,ICICIBANK,2008-06-30 00:00:00,2008-07-26 14:08:00,26.0,ACTUAL_RESULT,,confirmed,MULTIPLE_HUMAN_PRIMARY_RESULTS|DUPLICATE_DOCUMENT,26,,,
event_classification,,,,ICICIBANK_2008-09-30,ICICIBANK,2008-09-30 00:00:00,2008-10-27 12:37:00,27.0,ACTUAL_RESULT,,confirmed,MULTIPLE_HUMAN_PRIMARY_RESULTS|DUPLICATE_DOCUMENT,27,,,
event_classification,,,,ICICIBANK_2008-12-31,ICICIBANK,2008-12-31 00:00:00,2009-01-24 15:21:00,24.0,ACTUAL_RESULT,,confirmed,MULTIPLE_HUMAN_PRIMARY_RESULTS|DUPLICATE_DOCUMENT,24,,,
event_classification,,,,ICICIBANK_2009-03-31,ICICIBANK,2009-03-31 00:00:00,2009-04-25 15:43:00,25.0,ACTUAL_RESULT,,confirmed,MULTIPLE_HUMAN_PRIMARY_RESULTS|DUPLICATE_DOCUMENT,25,,,
event_classification,,,,ICICIBANK_2009-06-30,ICICIBANK,2009-06-30 00:00:00,2009-07-25 14:26:00,25.0,ACTUAL_RESULT,,confirmed,MULTIPLE_HUMAN_PRIMARY_RESULTS|DUPLICATE_DOCUMENT,25,,,
event_classification,,,,ICICIBANK_2009-09-30,ICICIBANK,2009-09-30 00:00:00,2009-10-30 13:28:00,30.0,ACTUAL_RESULT,,confirmed,DUPLICATE_DOCUMENT,30,,,
event_classification,,,,ICICIBANK_2009-12-31,ICICIBANK,2009-12-31 00:00:00,2010-01-21 14:29:00,21.0,ACTUAL_RESULT,,confirmed,MULTIPLE_HUMAN_PRIMARY_RESULTS|DUPLICATE_DOCUMENT,21,,,
event_classification,,,,ICICIBANK_2010-03-31,ICICIBANK,2010-03-31 00:00:00,2010-04-24 14:28:00,24.0,ACTUAL_RESULT,,confirmed,MULTIPLE_HUMAN_PRIMARY_RESULTS|DUPLICATE_DOCUMENT,24,,,
event_classification,,,,ICICIBANK_2010-06-30,ICICIBANK,2010-06-30 00:00:00,2010-07-31 14:41:00,31.0,ACTUAL_RESULT,,confirmed,OK,31,,,
event_classification,,,,ICICIBANK_2010-09-30,ICICIBANK,2010-09-30 00:00:00,2010-10-29 14:08:00,29.0,ACTUAL_RESULT,,confirmed,MULTIPLE_HUMAN_PRIMARY_RESULTS,29,,,
event_classification,,,,ICICIBANK_2010-12-31,ICICIBANK,2010-12-31 00:00:00,2011-01-24 13:06:00,24.0,ACTUAL_RESULT,,confirmed,MULTIPLE_HUMAN_PRIMARY_RESULTS,24,,,
event_classification,,,,ICICIBANK_2011-03-31,ICICIBANK,2011-03-31 00:00:00,2011-04-28 12:56:00,28.0,ACTUAL_RESULT,,confirmed,MULTIPLE_HUMAN_PRIMARY_RESULTS|DUPLICATE_DOCUMENT,28,,,
event_classification,,,,ICICIBANK_2011-06-30,ICICIBANK,2011-06-30 00:00:00,2011-07-29 13:31:00,29.0,ACTUAL_RESULT,,confirmed,MULTIPLE_HUMAN_PRIMARY_RESULTS,29,,,
event_classification,,,,ICICIBANK_2011-09-30,ICICIBANK,2011-09-30 00:00:00,2011-10-31 13:22:00,31.0,ACTUAL_RESULT,,confirmed,MULTIPLE_HUMAN_PRIMARY_RESULTS,31,,,
event_classification,,,,ICICIBANK_2011-12-31,ICICIBANK,2011-12-31 00:00:00,2012-01-31 13:06:00,31.0,ACTUAL_RESULT,,confirmed,MULTIPLE_HUMAN_PRIMARY_RESULTS,31,,,
event_classification,,,,ICICIBANK_2012-03-31,ICICIBANK,2012-03-31 00:00:00,2012-04-27 13:17:00,27.0,ACTUAL_RESULT,,confirmed,MULTIPLE_HUMAN_PRIMARY_RESULTS|DUPLICATE_DOCUMENT,27,,,
event_classification,,,,ICICIBANK_2012-06-30,ICICIBANK,2012-06-30 00:00:00,2012-07-27 12:19:00,27.0,ACTUAL_RESULT,,confirmed,MULTIPLE_HUMAN_PRIMARY_RESULTS,27,,,
event_classification,,,,ICICIBANK_2012-09-30,ICICIBANK,2012-09-30 00:00:00,2012-10-26 12:36:00,26.0,ACTUAL_RESULT,,confirmed,MULTIPLE_HUMAN_PRIMARY_RESULTS,26,,,
event_classification,,,,ICICIBANK_2012-12-31,ICICIBANK,2012-12-31 00:00:00,2013-01-31 12:38:00,31.0,ACTUAL_RESULT,,confirmed,MULTIPLE_HUMAN_PRIMARY_RESULTS,31,,,
event_classification,,,,ICICIBANK_2013-03-31,ICICIBANK,2013-03-31 00:00:00,2013-04-26 14:25:00,26.0,ACTUAL_RESULT,,confirmed,MULTIPLE_HUMAN_PRIMARY_RESULTS|DUPLICATE_DOCUMENT,26,,,
event_classification,,,,ICICIBANK_2013-06-30,ICICIBANK,2013-06-30 00:00:00,2013-07-31 12:36:00,31.0,ACTUAL_RESULT,,confirmed,OK,31,,,
event_classification,,,,ICICIBANK_2013-09-30,ICICIBANK,2013-09-30 00:00:00,2013-10-25 12:31:02,25.0,ACTUAL_RESULT,,confirmed,MULTIPLE_HUMAN_PRIMARY_RESULTS,25,,,
event_classification,,,,ICICIBANK_2013-12-31,ICICIBANK,2013-12-31 00:00:00,2014-01-29 12:35:03,29.0,ACTUAL_RESULT,,confirmed,MULTIPLE_HUMAN_PRIMARY_RESULTS,29,,,
event_classification,,,,ICICIBANK_2014-03-31,ICICIBANK,2014-03-31 00:00:00,2014-04-25 13:11:03,25.0,ACTUAL_RESULT,,confirmed,MULTIPLE_HUMAN_PRIMARY_RESULTS|DUPLICATE_DOCUMENT,25,,,
event_classification,,,,ICICIBANK_2014-06-30,ICICIBANK,2014-06-30 00:00:00,2014-07-31 13:47:02,31.0,ACTUAL_RESULT,,confirmed,OK,31,,,
event_classification,,,,ICICIBANK_2014-09-30,ICICIBANK,2014-09-30 00:00:00,2014-10-30 12:55:02,30.0,ACTUAL_RESULT,,confirmed,OK,30,,,
event_classification,,,,ICICIBANK_2014-12-31,ICICIBANK,2014-12-31 00:00:00,2015-01-30 14:07:02,30.0,ACTUAL_RESULT,,confirmed,OK,30,,,
event_classification,,,,ICICIBANK_2015-03-31,ICICIBANK,2015-03-31 00:00:00,2015-04-27 14:23:02,27.0,ACTUAL_RESULT,,confirmed,OK,27,,,
event_classification,,,,ICICIBANK_2015-06-30,ICICIBANK,2015-06-30 00:00:00,2015-07-31 12:11:03,31.0,ACTUAL_RESULT,,confirmed,OK,31,,,
event_classification,,,,ICICIBANK_2015-09-30,ICICIBANK,2015-09-30 00:00:00,2015-10-30 13:20:44,30.0,ACTUAL_RESULT,,confirmed,OK,30,,,
event_classification,,,,ICICIBANK_2015-12-31,ICICIBANK,2015-12-31 00:00:00,2016-01-28 16:03:29,28.0,ACTUAL_RESULT,,confirmed,OK,28,,,
event_classification,,,,ICICIBANK_2016-03-31,ICICIBANK,2016-03-31 00:00:00,2016-04-29 12:02:31,29.0,ACTUAL_RESULT,,confirmed,MULTIPLE_HUMAN_PRIMARY_RESULTS|UNCLASSIFIED_DOCUMENT,29,,,
event_classification,,,,ICICIBANK_2016-06-30,ICICIBANK,2016-06-30 00:00:00,2016-07-29 16:39:07,29.0,ACTUAL_RESULT,,confirmed,MULTIPLE_HUMAN_PRIMARY_RESULTS|UNCLASSIFIED_DOCUMENT|HUMAN_PRIMARY_RESULT_BEFORE_PERIOD_END,29,,,
event_classification,,,,ICICIBANK_2016-09-30,ICICIBANK,2016-09-30 00:00:00,2016-11-07 16:09:32,38.0,ACTUAL_RESULT,,confirmed,UNCLASSIFIED_DOCUMENT,38,,,
event_classification,,,,ICICIBANK_2016-12-31,ICICIBANK,2016-12-31 00:00:00,2017-01-31 15:50:29,31.0,ACTUAL_RESULT,,confirmed,OK,31,,,
event_classification,,,,ICICIBANK_2017-03-31,ICICIBANK,2017-03-31 00:00:00,2017-05-03 18:28:40,33.0,ACTUAL_RESULT,,confirmed,OK,33,,,
event_classification,,,,ICICIBANK_2017-06-30,ICICIBANK,2017-06-30 00:00:00,2017-07-27 17:02:27,27.0,ACTUAL_RESULT,,confirmed,OK,27,,,
event_classification,,,,ICICIBANK_2017-09-30,ICICIBANK,2017-09-30 00:00:00,2017-10-27 16:21:41,27.0,ACTUAL_RESULT,,confirmed,OK,27,,,
event_classification,,,,ICICIBANK_2017-12-31,ICICIBANK,2017-12-31 00:00:00,2018-01-31 16:26:15,31.0,ACTUAL_RESULT,,confirmed,OK,31,,,
event_classification,,,,ICICIBANK_2018-03-31,ICICIBANK,2018-03-31 00:00:00,2018-05-07 17:48:55,37.0,ACTUAL_RESULT,,confirmed,OK,37,,,
event_classification,,,,ICICIBANK_2018-06-30,ICICIBANK,2018-06-30 00:00:00,2018-07-27 17:49:27,27.0,ACTUAL_RESULT,,confirmed,UNCLASSIFIED_DOCUMENT|MANY_PRE_ANNOUNCEMENTS,27,,,
event_classification,,,,ICICIBANK_2018-09-30,ICICIBANK,2018-09-30 00:00:00,2018-10-26 16:40:30,26.0,ACTUAL_RESULT,,confirmed,OK,26,,,
event_classification,,,,ICICIBANK_2018-12-31,ICICIBANK,2018-12-31 00:00:00,2019-01-30 17:32:44,30.0,ACTUAL_RESULT,,confirmed,OK,30,,,
event_classification,,,,ICICIBANK_2019-03-31,ICICIBANK,2019-03-31 00:00:00,2019-05-06 16:10:41,36.0,ACTUAL_RESULT,,confirmed,OK,36,,,
event_classification,,,,ICICIBANK_2019-06-30,ICICIBANK,2019-06-30 00:00:00,2019-07-27 14:58:18,27.0,ACTUAL_RESULT,,confirmed,OK,27,,,
event_classification,,,,ICICIBANK_2019-09-30,ICICIBANK,2019-09-30 00:00:00,2019-10-26 16:03:05,26.0,ACTUAL_RESULT,,confirmed,OK,26,,,
event_classification,,,,ICICIBANK_2019-12-31,ICICIBANK,2019-12-31 00:00:00,2020-01-25 14:25:36,25.0,ACTUAL_RESULT,,confirmed,OK,25,,,
event_classification,,,,ICICIBANK_2020-03-31,ICICIBANK,2020-03-31 00:00:00,2020-05-09 16:15:12,39.0,ACTUAL_RESULT,,confirmed,OK,39,,,
event_classification,,,,ICICIBANK_2020-06-30,ICICIBANK,2020-06-30 00:00:00,2020-07-25 15:30:02,25.0,ACTUAL_RESULT,,confirmed,UNCLASSIFIED_DOCUMENT,25,,,
event_classification,,,,ICICIBANK_2020-09-30,ICICIBANK,2020-09-30 00:00:00,2020-10-31 15:44:41,31.0,ACTUAL_RESULT,,confirmed,OK,31,,,
event_classification,,,,ICICIBANK_2020-12-31,ICICIBANK,2020-12-31 00:00:00,2021-01-30 15:10:29,30.0,ACTUAL_RESULT,,confirmed,OK,30,,,
event_classification,,,,ICICIBANK_2021-03-31,ICICIBANK,2021-03-31 00:00:00,2021-04-24 17:59:32,24.0,ACTUAL_RESULT,,confirmed,OK,24,,,
event_classification,,,,ICICIBANK_2021-06-30,ICICIBANK,2021-06-30 00:00:00,2021-07-24 16:23:18,24.0,ACTUAL_RESULT,,confirmed,UNCLASSIFIED_DOCUMENT,24,,,
event_classification,,,,ICICIBANK_2021-09-30,ICICIBANK,2021-09-30 00:00:00,2021-10-23 16:00:00,23.0,ACTUAL_RESULT,,confirmed,OK,23,,,
event_classification,,,,ICICIBANK_2021-12-31,ICICIBANK,2021-12-31 00:00:00,2022-01-22 16:17:15,22.0,ACTUAL_RESULT,,confirmed,OK,22,,,
event_classification,,,,ICICIBANK_2022-03-31,ICICIBANK,2022-03-31 00:00:00,2022-04-23 16:35:48,23.0,ACTUAL_RESULT,,confirmed,OK,23,,,
event_classification,,,,ICICIBANK_2022-06-30,ICICIBANK,2022-06-30 00:00:00,NaT,,UNCERTAIN,,no_primary_result,MISSING_RESULT|UNCLASSIFIED_DOCUMENT,,,,
event_classification,,,,ICICIBANK_2022-09-30,ICICIBANK,2022-09-30 00:00:00,NaT,,UNCERTAIN,,no_primary_result,MISSING_RESULT|UNCLASSIFIED_DOCUMENT,,,,
event_classification,,,,ICICIBANK_2022-12-31,ICICIBANK,2022-12-31 00:00:00,2023-01-21 15:58:57,21.0,ACTUAL_RESULT,,confirmed,UNCLASSIFIED_DOCUMENT,21,,,
event_classification,,,,ICICIBANK_2023-03-31,ICICIBANK,2023-03-31 00:00:00,2023-04-22 15:42:17,22.0,ACTUAL_RESULT,,confirmed,OK,22,,,
event_classification,,,,ICICIBANK_2023-06-30,ICICIBANK,2023-06-30 00:00:00,2023-07-22 15:21:33,22.0,ACTUAL_RESULT,,confirmed,UNCLASSIFIED_DOCUMENT,22,,,
event_classification,,,,ICICIBANK_2023-09-30,ICICIBANK,2023-09-30 00:00:00,2023-10-21 15:36:47,21.0,ACTUAL_RESULT,,confirmed,OK,21,,,
event_classification,,,,ICICIBANK_2023-12-31,ICICIBANK,2023-12-31 00:00:00,2024-01-20 15:35:19,20.0,ACTUAL_RESULT,,confirmed,OK,20,,,
event_classification,,,,ICICIBANK_2024-03-31,ICICIBANK,2024-03-31 00:00:00,2024-04-27 16:08:15,27.0,ACTUAL_RESULT,,confirmed,OK,27,,,
event_classification,,,,ICICIBANK_2024-06-30,ICICIBANK,2024-06-30 00:00:00,2024-07-27 14:46:32,27.0,ACTUAL_RESULT,,confirmed,UNCLASSIFIED_DOCUMENT,27,,,
event_classification,,,,ICICIBANK_2024-09-30,ICICIBANK,2024-09-30 00:00:00,2024-10-26 14:00:16,26.0,ACTUAL_RESULT,,confirmed,OK,26,,,
event_classification,,,,ICICIBANK_2024-12-31,ICICIBANK,2024-12-31 00:00:00,2025-01-25 14:28:15,25.0,ACTUAL_RESULT,,confirmed,OK,25,,,
event_classification,,,,ICICIBANK_2025-03-31,ICICIBANK,2025-03-31 00:00:00,NaT,,UNCERTAIN,,no_primary_result,MISSING_RESULT,,,,
event_classification,,,,ICICIBANK_2025-06-30,ICICIBANK,2025-06-30 00:00:00,2025-07-19 14:56:03,19.0,ACTUAL_RESULT,,confirmed,OK,19,,,
event_classification,,,,ICICIBANK_2025-09-30,ICICIBANK,2025-09-30 00:00:00,2025-10-18 14:41:48,18.0,ACTUAL_RESULT,,confirmed,OK,18,,,
event_classification,,,,ICICIBANK_2025-12-31,ICICIBANK,2025-12-31 00:00:00,2026-01-17 15:06:50,17.0,ACTUAL_RESULT,,confirmed,OK,17,,,
event_classification,,,,ICICIBANK_2026-03-31,ICICIBANK,2026-03-31 00:00:00,2026-04-18 14:59:55,18.0,ACTUAL_RESULT,,confirmed,OK,18,,,
event_classification,,,,ICICIBANK_2026-06-30,ICICIBANK,2026-06-30 00:00:00,2026-07-18 14:23:53,18.0,ACTUAL_RESULT,,confirmed,OK,18,,,
event_classification,,,,ICICIBANK_2026-09-30,ICICIBANK,2026-09-30 00:00:00,NaT,,UNCERTAIN,,no_primary_result,MISSING_RESULT,,,,
event_classification,,,,INDIGO_2015-12-31,INDIGO,2015-12-31 00:00:00,2016-01-21 19:33:14,21.0,ACTUAL_RESULT,,confirmed,OK,21,,,
event_classification,,,,INDIGO_2016-03-31,INDIGO,2016-03-31 00:00:00,2016-04-29 18:17:59,29.0,ACTUAL_RESULT,,confirmed,MULTIPLE_HUMAN_PRIMARY_RESULTS,29,,,
event_classification,,,,INDIGO_2016-06-30,INDIGO,2016-06-30 00:00:00,2016-08-01 15:54:29,32.0,ACTUAL_RESULT,,confirmed,OK,32,,,
event_classification,,,,INDIGO_2016-09-30,INDIGO,2016-09-30 00:00:00,2016-11-08 15:41:03,39.0,ACTUAL_RESULT,,confirmed,OK,39,,,
event_classification,,,,INDIGO_2016-12-31,INDIGO,2016-12-31 00:00:00,2017-01-31 15:33:36,31.0,ACTUAL_RESULT,,confirmed,OK,31,,,
event_classification,,,,INDIGO_2017-03-31,INDIGO,2017-03-31 00:00:00,2017-05-09 16:11:21,39.0,ACTUAL_RESULT,,confirmed,OK,39,,,
event_classification,,,,INDIGO_2017-06-30,INDIGO,2017-06-30 00:00:00,2017-07-31 15:40:18,31.0,ACTUAL_RESULT,,confirmed,OK,31,,,
event_classification,,,,INDIGO_2017-09-30,INDIGO,2017-09-30 00:00:00,2017-10-31 15:44:15,31.0,ACTUAL_RESULT,,confirmed,UNCLASSIFIED_DOCUMENT,31,,,
event_classification,,,,INDIGO_2017-12-31,INDIGO,2017-12-31 00:00:00,2018-01-24 15:22:21,24.0,ACTUAL_RESULT,,confirmed,OK,24,,,
event_classification,,,,INDIGO_2018-03-31,INDIGO,2018-03-31 00:00:00,2018-05-02 15:59:36,32.0,ACTUAL_RESULT,,confirmed,OK,32,,,
event_classification,,,,INDIGO_2018-06-30,INDIGO,2018-06-30 00:00:00,2018-07-30 16:01:42,30.0,ACTUAL_RESULT,,confirmed,OK,30,,,
event_classification,,,,INDIGO_2018-09-30,INDIGO,2018-09-30 00:00:00,2018-10-24 15:37:50,24.0,ACTUAL_RESULT,,confirmed,OK,24,,,
event_classification,,,,INDIGO_2018-12-31,INDIGO,2018-12-31 00:00:00,2019-01-23 15:31:36,23.0,ACTUAL_RESULT,,confirmed,OK,23,,,
event_classification,,,,INDIGO_2019-03-31,INDIGO,2019-03-31 00:00:00,2019-05-27 17:01:42,57.0,ACTUAL_RESULT,,confirmed,OK,57,,,
event_classification,,,,INDIGO_2019-06-30,INDIGO,2019-06-30 00:00:00,2019-07-19 16:07:32,19.0,ACTUAL_RESULT,,confirmed,OK,19,,,
event_classification,,,,INDIGO_2019-09-30,INDIGO,2019-09-30 00:00:00,2019-10-24 16:18:58,24.0,ACTUAL_RESULT,,confirmed,OK,24,,,
event_classification,,,,INDIGO_2019-12-31,INDIGO,2019-12-31 00:00:00,2020-01-27 15:59:29,27.0,ACTUAL_RESULT,,confirmed,OK,27,,,
event_classification,,,,INDIGO_2020-03-31,INDIGO,2020-03-31 00:00:00,2020-06-02 15:38:59,63.0,ACTUAL_RESULT,,confirmed,OK,63,,,
event_classification,,,,INDIGO_2020-06-30,INDIGO,2020-06-30 00:00:00,2020-07-29 15:49:24,29.0,ACTUAL_RESULT,,confirmed,OK,29,,,
event_classification,,,,INDIGO_2020-09-30,INDIGO,2020-09-30 00:00:00,2020-10-29 15:38:46,29.0,ACTUAL_RESULT,,confirmed,OK,29,,,
event_classification,,,,INDIGO_2020-12-31,INDIGO,2020-12-31 00:00:00,2021-01-28 15:37:55,28.0,ACTUAL_RESULT,,confirmed,OK,28,,,
event_classification,,,,INDIGO_2021-03-31,INDIGO,2021-03-31 00:00:00,2021-06-07 10:20:13,68.0,ACTUAL_RESULT,,confirmed,OK,68,,,
event_classification,,,,INDIGO_2021-06-30,INDIGO,2021-06-30 00:00:00,2021-07-27 16:14:16,27.0,ACTUAL_RESULT,,confirmed,OK,27,,,
event_classification,,,,INDIGO_2021-09-30,INDIGO,2021-09-30 00:00:00,2021-10-28 17:54:55,28.0,ACTUAL_RESULT,,confirmed,OK,28,,,
event_classification,,,,INDIGO_2021-12-31,INDIGO,2021-12-31 00:00:00,2022-02-04 17:59:08,35.0,ACTUAL_RESULT,,confirmed,OK,35,,,
event_classification,,,,INDIGO_2022-03-31,INDIGO,2022-03-31 00:00:00,2022-05-25 16:13:48,55.0,ACTUAL_RESULT,,confirmed,OK,55,,,
event_classification,,,,INDIGO_2022-06-30,INDIGO,2022-06-30 00:00:00,NaT,,UNCERTAIN,,no_primary_result,MISSING_RESULT,,,,
event_classification,,,,INDIGO_2022-09-30,INDIGO,2022-09-30 00:00:00,NaT,,UNCERTAIN,,no_primary_result,MISSING_RESULT,,,,
event_classification,,,,INDIGO_2022-12-31,INDIGO,2022-12-31 00:00:00,2023-02-03 16:09:56,34.0,ACTUAL_RESULT,,confirmed,OK,34,,,
event_classification,,,,INDIGO_2023-03-31,INDIGO,2023-03-31 00:00:00,2023-05-18 15:51:06,48.0,ACTUAL_RESULT,,confirmed,OK,48,,,
event_classification,,,,INDIGO_2023-06-30,INDIGO,2023-06-30 00:00:00,2023-08-02 16:08:20,33.0,ACTUAL_RESULT,,confirmed,OK,33,,,
event_classification,,,,INDIGO_2023-09-30,INDIGO,2023-09-30 00:00:00,2023-11-03 15:53:35,34.0,ACTUAL_RESULT,,confirmed,OK,34,,,
event_classification,,,,INDIGO_2023-12-31,INDIGO,2023-12-31 00:00:00,2024-02-02 15:52:55,33.0,ACTUAL_RESULT,,confirmed,OK,33,,,
event_classification,,,,INDIGO_2024-03-31,INDIGO,2024-03-31 00:00:00,2024-05-23 16:20:27,53.0,ACTUAL_RESULT,,confirmed,OK,53,,,
event_classification,,,,INDIGO_2024-06-30,INDIGO,2024-06-30 00:00:00,2024-07-26 15:31:11,26.0,ACTUAL_RESULT,,confirmed,OK,26,,,
event_classification,,,,INDIGO_2024-09-30,INDIGO,2024-09-30 00:00:00,2024-10-25 15:57:29,25.0,ACTUAL_RESULT,,confirmed,OK,25,,,
event_classification,,,,INDIGO_2024-12-31,INDIGO,2024-12-31 00:00:00,2025-01-24 16:03:00,24.0,ACTUAL_RESULT,,confirmed,OK,24,,,
event_classification,,,,INDIGO_2025-03-31,INDIGO,2025-03-31 00:00:00,2025-05-21 16:20:10,51.0,ACTUAL_RESULT,,confirmed,OK,51,,,
event_classification,,,,INDIGO_2025-06-30,INDIGO,2025-06-30 00:00:00,2025-07-30 16:02:05,30.0,ACTUAL_RESULT,,confirmed,OK,30,,,
event_classification,,,,INDIGO_2025-09-30,INDIGO,2025-09-30 00:00:00,2025-11-04 16:00:43,35.0,ACTUAL_RESULT,,confirmed,OK,35,,,
event_classification,,,,INDIGO_2025-12-31,INDIGO,2025-12-31 00:00:00,2026-01-22 16:10:44,22.0,ACTUAL_RESULT,,confirmed,OK,22,,,
event_classification,,,,INDIGO_2026-03-31,INDIGO,2026-03-31 00:00:00,2026-05-29 16:12:49,59.0,ACTUAL_RESULT,,confirmed,MULTIPLE_HUMAN_PRIMARY_RESULTS|MANY_PRE_ANNOUNCEMENTS,59,,,
event_classification,,,,INDIGO_2026-06-30,INDIGO,2026-06-30 00:00:00,2026-07-23 15:40:32,23.0,ACTUAL_RESULT,,confirmed,OK,23,,,
event_classification,,,,INFY_2004-09-30,INFY,2004-09-30 00:00:00,NaT,,UNCERTAIN,,no_primary_result,MISSING_RESULT|DUPLICATE_DOCUMENT,,,,
event_classification,,,,INFY_2004-12-31,INFY,2004-12-31 00:00:00,2005-01-12 00:00:00,12.0,ACTUAL_RESULT,,confirmed,DUPLICATE_DOCUMENT|MANY_PRE_ANNOUNCEMENTS,12,,,
event_classification,,,,INFY_2005-03-31,INFY,2005-03-31 00:00:00,NaT,,UNCERTAIN,,no_primary_result,MISSING_RESULT|DUPLICATE_DOCUMENT,,,,
event_classification,,,,INFY_2005-06-30,INFY,2005-06-30 00:00:00,NaT,,UNCERTAIN,,no_primary_result,MISSING_RESULT|DUPLICATE_DOCUMENT|MANY_PRE_ANNOUNCEMENTS,,,,
event_classification,,,,INFY_2005-09-30,INFY,2005-09-30 00:00:00,NaT,,UNCERTAIN,,no_primary_result,MISSING_RESULT|DUPLICATE_DOCUMENT,,,,
event_classification,,,,INFY_2005-12-31,INFY,2005-12-31 00:00:00,NaT,,UNCERTAIN,,no_primary_result,MISSING_RESULT|DUPLICATE_DOCUMENT|MANY_PRE_ANNOUNCEMENTS,,,,
event_classification,,,,INFY_2006-03-31,INFY,2006-03-31 00:00:00,NaT,,UNCERTAIN,,no_primary_result,MISSING_RESULT|DUPLICATE_DOCUMENT|MANY_PRE_ANNOUNCEMENTS,,,,
event_classification,,,,INFY_2006-06-30,INFY,2006-06-30 00:00:00,NaT,,UNCERTAIN,,no_primary_result,MISSING_RESULT|DUPLICATE_DOCUMENT,,,,
event_classification,,,,INFY_2006-09-30,INFY,2006-09-30 00:00:00,NaT,,UNCERTAIN,,no_primary_result,MISSING_RESULT|DUPLICATE_DOCUMENT,,,,
event_classification,,,,INFY_2006-12-31,INFY,2006-12-31 00:00:00,NaT,,UNCERTAIN,,no_primary_result,MISSING_RESULT|DUPLICATE_DOCUMENT,,,,
event_classification,,,,INFY_2007-03-31,INFY,2007-03-31 00:00:00,NaT,,UNCERTAIN,,no_primary_result,MISSING_RESULT|DUPLICATE_DOCUMENT,,,,
event_classification,,,,INFY_2007-06-30,INFY,2007-06-30 00:00:00,2007-07-11 08:39:00,11.0,ACTUAL_RESULT,,confirmed,MULTIPLE_HUMAN_PRIMARY_RESULTS|DUPLICATE_DOCUMENT,11,,,
event_classification,,,,INFY_2007-09-30,INFY,2007-09-30 00:00:00,2007-10-11 08:57:00,11.0,ACTUAL_RESULT,,confirmed,MULTIPLE_HUMAN_PRIMARY_RESULTS|DUPLICATE_DOCUMENT|MANY_PRE_ANNOUNCEMENTS,11,,,
event_classification,,,,INFY_2007-12-31,INFY,2007-12-31 00:00:00,2008-01-11 09:06:00,11.0,ACTUAL_RESULT,,confirmed,MULTIPLE_HUMAN_PRIMARY_RESULTS|DUPLICATE_DOCUMENT|UNCLASSIFIED_DOCUMENT|MANY_PRE_ANNOUNCEMENTS,11,,,
event_classification,,,,INFY_2008-03-31,INFY,2008-03-31 00:00:00,2008-04-15 09:28:00,15.0,ACTUAL_RESULT,,confirmed,MULTIPLE_HUMAN_PRIMARY_RESULTS|DUPLICATE_DOCUMENT|UNCLASSIFIED_DOCUMENT|MANY_PRE_ANNOUNCEMENTS,15,,,
event_classification,,,,INFY_2008-06-30,INFY,2008-06-30 00:00:00,2008-07-11 08:58:00,11.0,ACTUAL_RESULT,,confirmed,MULTIPLE_HUMAN_PRIMARY_RESULTS|DUPLICATE_DOCUMENT|MANY_PRE_ANNOUNCEMENTS,11,,,
event_classification,,,,INFY_2008-09-30,INFY,2008-09-30 00:00:00,2008-10-10 09:13:00,10.0,ACTUAL_RESULT,,confirmed,MULTIPLE_HUMAN_PRIMARY_RESULTS|DUPLICATE_DOCUMENT|UNCLASSIFIED_DOCUMENT|MANY_PRE_ANNOUNCEMENTS,10,,,
event_classification,,,,INFY_2008-12-31,INFY,2008-12-31 00:00:00,2009-01-13 09:15:00,13.0,ACTUAL_RESULT,,confirmed,MULTIPLE_HUMAN_PRIMARY_RESULTS|DUPLICATE_DOCUMENT,13,,,
event_classification,,,,INFY_2009-03-31,INFY,2009-03-31 00:00:00,2009-04-15 09:17:00,15.0,ACTUAL_RESULT,,confirmed,MULTIPLE_HUMAN_PRIMARY_RESULTS|DUPLICATE_DOCUMENT,15,,,
event_classification,,,,INFY_2009-06-30,INFY,2009-06-30 00:00:00,2009-07-10 08:58:00,10.0,ACTUAL_RESULT,,confirmed,MULTIPLE_HUMAN_PRIMARY_RESULTS|DUPLICATE_DOCUMENT|UNCLASSIFIED_DOCUMENT,10,,,
event_classification,,,,INFY_2009-09-30,INFY,2009-09-30 00:00:00,2009-10-09 09:03:00,9.0,ACTUAL_RESULT,,confirmed,MULTIPLE_HUMAN_PRIMARY_RESULTS|DUPLICATE_DOCUMENT|UNCLASSIFIED_DOCUMENT,9,,,
event_classification,,,,INFY_2009-12-31,INFY,2009-12-31 00:00:00,2010-01-12 08:38:00,12.0,ACTUAL_RESULT,,confirmed,MULTIPLE_HUMAN_PRIMARY_RESULTS|DUPLICATE_DOCUMENT|MANY_PRE_ANNOUNCEMENTS,12,,,
event_classification,,,,INFY_2010-03-31,INFY,2010-03-31 00:00:00,2010-04-13 08:38:00,13.0,ACTUAL_RESULT,,confirmed,MULTIPLE_HUMAN_PRIMARY_RESULTS|DUPLICATE_DOCUMENT|UNCLASSIFIED_DOCUMENT,13,,,
event_classification,,,,INFY_2010-06-30,INFY,2010-06-30 00:00:00,2010-07-13 08:55:00,13.0,ACTUAL_RESULT,,confirmed,DUPLICATE_DOCUMENT|UNCLASSIFIED_DOCUMENT,13,,,
event_classification,,,,INFY_2010-09-30,INFY,2010-09-30 00:00:00,2010-10-15 08:33:00,15.0,ACTUAL_RESULT,,confirmed,MULTIPLE_HUMAN_PRIMARY_RESULTS|UNCLASSIFIED_DOCUMENT,15,,,
event_classification,,,,INFY_2010-12-31,INFY,2010-12-31 00:00:00,2011-01-13 08:50:00,13.0,ACTUAL_RESULT,,confirmed,MULTIPLE_HUMAN_PRIMARY_RESULTS|UNCLASSIFIED_DOCUMENT,13,,,
event_classification,,,,INFY_2011-03-31,INFY,2011-03-31 00:00:00,2011-04-15 09:16:00,15.0,ACTUAL_RESULT,,confirmed,MULTIPLE_HUMAN_PRIMARY_RESULTS|UNCLASSIFIED_DOCUMENT,15,,,
event_classification,,,,INFY_2011-06-30,INFY,2011-06-30 00:00:00,2011-07-12 08:41:00,12.0,ACTUAL_RESULT,,confirmed,MULTIPLE_HUMAN_PRIMARY_RESULTS|DUPLICATE_DOCUMENT|UNCLASSIFIED_DOCUMENT,12,,,
event_classification,,,,INFY_2011-09-30,INFY,2011-09-30 00:00:00,2011-10-12 08:39:00,12.0,ACTUAL_RESULT,,confirmed,MULTIPLE_HUMAN_PRIMARY_RESULTS|UNCLASSIFIED_DOCUMENT|MANY_PRE_ANNOUNCEMENTS,12,,,
event_classification,,,,INFY_2011-12-31,INFY,2011-12-31 00:00:00,2012-01-12 08:33:00,12.0,ACTUAL_RESULT,,confirmed,MULTIPLE_HUMAN_PRIMARY_RESULTS|UNCLASSIFIED_DOCUMENT,12,,,
event_classification,,,,INFY_2012-03-31,INFY,2012-03-31 00:00:00,2012-04-13 08:39:00,13.0,ACTUAL_RESULT,,confirmed,MULTIPLE_HUMAN_PRIMARY_RESULTS|DUPLICATE_DOCUMENT|UNCLASSIFIED_DOCUMENT|MANY_PRE_ANNOUNCEMENTS,13,,,
event_classification,,,,INFY_2012-06-30,INFY,2012-06-30 00:00:00,2012-07-12 08:56:00,12.0,ACTUAL_RESULT,,confirmed,MULTIPLE_HUMAN_PRIMARY_RESULTS|UNCLASSIFIED_DOCUMENT|MANY_PRE_ANNOUNCEMENTS,12,,,
event_classification,,,,INFY_2012-09-30,INFY,2012-09-30 00:00:00,2012-10-12 08:54:00,12.0,ACTUAL_RESULT,,confirmed,MULTIPLE_HUMAN_PRIMARY_RESULTS|UNCLASSIFIED_DOCUMENT|MANY_PRE_ANNOUNCEMENTS,12,,,
event_classification,,,,INFY_2012-12-31,INFY,2012-12-31 00:00:00,2013-01-11 08:43:00,11.0,ACTUAL_RESULT,,confirmed,MULTIPLE_HUMAN_PRIMARY_RESULTS|UNCLASSIFIED_DOCUMENT|MANY_PRE_ANNOUNCEMENTS,11,,,
event_classification,,,,INFY_2013-03-31,INFY,2013-03-31 00:00:00,2013-04-12 08:53:00,12.0,ACTUAL_RESULT,,confirmed,MULTIPLE_HUMAN_PRIMARY_RESULTS|DUPLICATE_DOCUMENT|UNCLASSIFIED_DOCUMENT|MANY_PRE_ANNOUNCEMENTS,12,,,
event_classification,,,,INFY_2013-06-30,INFY,2013-06-30 00:00:00,2013-07-12 08:42:00,12.0,ACTUAL_RESULT,,confirmed,MULTIPLE_HUMAN_PRIMARY_RESULTS|UNCLASSIFIED_DOCUMENT|MANY_PRE_ANNOUNCEMENTS,12,,,
event_classification,,,,INFY_2013-09-30,INFY,2013-09-30 00:00:00,2013-10-11 09:00:39,11.0,ACTUAL_RESULT,,confirmed,MULTIPLE_HUMAN_PRIMARY_RESULTS|UNCLASSIFIED_DOCUMENT|MANY_PRE_ANNOUNCEMENTS,11,,,
event_classification,,,,INFY_2013-12-31,INFY,2013-12-31 00:00:00,2014-01-10 08:51:03,10.0,ACTUAL_RESULT,,confirmed,MULTIPLE_HUMAN_PRIMARY_RESULTS|DUPLICATE_DOCUMENT|UNCLASSIFIED_DOCUMENT|MANY_PRE_ANNOUNCEMENTS,10,,,
event_classification,,,,INFY_2014-03-31,INFY,2014-03-31 00:00:00,2014-04-15 09:07:02,15.0,ACTUAL_RESULT,,confirmed,MULTIPLE_HUMAN_PRIMARY_RESULTS|DUPLICATE_DOCUMENT|UNCLASSIFIED_DOCUMENT|MANY_PRE_ANNOUNCEMENTS,15,,,
event_classification,,,,INFY_2014-06-30,INFY,2014-06-30 00:00:00,2014-07-11 08:55:03,11.0,ACTUAL_RESULT,,confirmed,UNCLASSIFIED_DOCUMENT|MANY_PRE_ANNOUNCEMENTS,11,,,
event_classification,,,,INFY_2014-09-30,INFY,2014-09-30 00:00:00,2014-10-10 09:27:03,10.0,ACTUAL_RESULT,,confirmed,DUPLICATE_DOCUMENT|UNCLASSIFIED_DOCUMENT|MANY_PRE_ANNOUNCEMENTS,10,,,
event_classification,,,,INFY_2014-12-31,INFY,2014-12-31 00:00:00,2015-01-09 12:59:02,9.0,ACTUAL_RESULT,,confirmed,UNCLASSIFIED_DOCUMENT|MANY_PRE_ANNOUNCEMENTS,9,,,
event_classification,,,,INFY_2015-03-31,INFY,2015-03-31 00:00:00,2015-04-24 14:19:02,24.0,ACTUAL_RESULT,,confirmed,DUPLICATE_DOCUMENT|UNCLASSIFIED_DOCUMENT|MANY_PRE_ANNOUNCEMENTS,24,,,
event_classification,,,,INFY_2015-06-30,INFY,2015-06-30 00:00:00,2015-07-21 09:05:09,21.0,ACTUAL_RESULT,,confirmed,UNCLASSIFIED_DOCUMENT|MANY_PRE_ANNOUNCEMENTS,21,,,
event_classification,,,,INFY_2015-09-30,INFY,2015-09-30 00:00:00,2015-10-12 09:13:42,12.0,ACTUAL_RESULT,,confirmed,UNCLASSIFIED_DOCUMENT|MANY_PRE_ANNOUNCEMENTS,12,,,
event_classification,,,,INFY_2015-12-31,INFY,2015-12-31 00:00:00,2016-01-14 09:26:52,14.0,ACTUAL_RESULT,,confirmed,UNCLASSIFIED_DOCUMENT|MANY_PRE_ANNOUNCEMENTS,14,,,
event_classification,,,,INFY_2016-03-31,INFY,2016-03-31 00:00:00,2016-04-15 09:40:45,15.0,ACTUAL_RESULT,,confirmed,UNCLASSIFIED_DOCUMENT,15,,,
event_classification,,,,INFY_2016-06-30,INFY,2016-06-30 00:00:00,2016-07-15 10:07:52,15.0,ACTUAL_RESULT,,confirmed,UNCLASSIFIED_DOCUMENT,15,,,
event_classification,,,,INFY_2016-09-30,INFY,2016-09-30 00:00:00,2016-10-14 09:39:16,14.0,ACTUAL_RESULT,,confirmed,MULTIPLE_HUMAN_PRIMARY_RESULTS|MANY_PRE_ANNOUNCEMENTS,14,,,
event_classification,,,,INFY_2016-12-31,INFY,2016-12-31 00:00:00,2017-01-13 09:04:09,13.0,ACTUAL_RESULT,,confirmed,UNCLASSIFIED_DOCUMENT|MANY_PRE_ANNOUNCEMENTS,13,,,
event_classification,,,,INFY_2017-03-31,INFY,2017-03-31 00:00:00,2017-04-13 08:50:55,13.0,ACTUAL_RESULT,,confirmed,MANY_PRE_ANNOUNCEMENTS,13,,,
event_classification,,,,INFY_2017-06-30,INFY,2017-06-30 00:00:00,2017-07-14 08:51:53,14.0,ACTUAL_RESULT,,confirmed,MANY_PRE_ANNOUNCEMENTS,14,,,
event_classification,,,,INFY_2017-09-30,INFY,2017-09-30 00:00:00,2017-10-24 15:43:00,24.0,ACTUAL_RESULT,,confirmed,MANY_PRE_ANNOUNCEMENTS,24,,,
event_classification,,,,INFY_2017-12-31,INFY,2017-12-31 00:00:00,2018-01-12 15:47:41,12.0,ACTUAL_RESULT,,confirmed,MANY_PRE_ANNOUNCEMENTS,12,,,
event_classification,,,,INFY_2018-03-31,INFY,2018-03-31 00:00:00,2018-04-13 16:38:22,13.0,ACTUAL_RESULT,,confirmed,MANY_PRE_ANNOUNCEMENTS,13,,,
event_classification,,,,INFY_2018-06-30,INFY,2018-06-30 00:00:00,2018-07-13 16:17:32,13.0,ACTUAL_RESULT,,confirmed,UNCLASSIFIED_DOCUMENT|MANY_PRE_ANNOUNCEMENTS,13,,,
event_classification,,,,INFY_2018-09-30,INFY,2018-09-30 00:00:00,2018-10-16 15:53:22,16.0,ACTUAL_RESULT,,confirmed,MANY_PRE_ANNOUNCEMENTS,16,,,
event_classification,,,,INFY_2018-12-31,INFY,2018-12-31 00:00:00,2019-01-12 20:23:09,12.0,ACTUAL_RESULT,,confirmed,MANY_PRE_ANNOUNCEMENTS,12,,,
event_classification,,,,INFY_2019-03-31,INFY,2019-03-31 00:00:00,2019-04-12 16:03:12,12.0,ACTUAL_RESULT,,confirmed,UNCLASSIFIED_DOCUMENT|MANY_PRE_ANNOUNCEMENTS,12,,,
event_classification,,,,INFY_2019-06-30,INFY,2019-06-30 00:00:00,2019-07-12 16:06:21,12.0,ACTUAL_RESULT,,confirmed,MANY_PRE_ANNOUNCEMENTS,12,,,
event_classification,,,,INFY_2019-09-30,INFY,2019-09-30 00:00:00,2019-10-11 21:06:41,11.0,ACTUAL_RESULT,,confirmed,MANY_PRE_ANNOUNCEMENTS,11,,,
event_classification,,,,INFY_2019-12-31,INFY,2019-12-31 00:00:00,2020-01-10 16:09:23,10.0,ACTUAL_RESULT,,confirmed,MANY_PRE_ANNOUNCEMENTS,10,,,
event_classification,,,,INFY_2020-03-31,INFY,2020-03-31 00:00:00,2020-04-20 17:18:11,20.0,ACTUAL_RESULT,,confirmed,MANY_PRE_ANNOUNCEMENTS,20,,,
event_classification,,,,INFY_2020-06-30,INFY,2020-06-30 00:00:00,2020-07-15 16:21:00,15.0,ACTUAL_RESULT,,confirmed,MANY_PRE_ANNOUNCEMENTS,15,,,
event_classification,,,,INFY_2020-09-30,INFY,2020-09-30 00:00:00,2020-10-14 16:10:24,14.0,ACTUAL_RESULT,,confirmed,MANY_PRE_ANNOUNCEMENTS,14,,,
event_classification,,,,INFY_2020-12-31,INFY,2020-12-31 00:00:00,2021-01-13 21:56:09,13.0,ACTUAL_RESULT,,confirmed,MANY_PRE_ANNOUNCEMENTS,13,,,
event_classification,,,,INFY_2021-03-31,INFY,2021-03-31 00:00:00,2021-04-14 16:09:03,14.0,ACTUAL_RESULT,,confirmed,MANY_PRE_ANNOUNCEMENTS,14,,,
event_classification,,,,INFY_2021-06-30,INFY,2021-06-30 00:00:00,2021-07-14 16:13:35,14.0,ACTUAL_RESULT,,confirmed,UNCLASSIFIED_DOCUMENT|MANY_PRE_ANNOUNCEMENTS,14,,,
event_classification,,,,INFY_2021-09-30,INFY,2021-09-30 00:00:00,2021-10-13 16:13:22,13.0,ACTUAL_RESULT,,confirmed,MANY_PRE_ANNOUNCEMENTS,13,,,
event_classification,,,,INFY_2021-12-31,INFY,2021-12-31 00:00:00,2022-01-12 16:10:13,12.0,ACTUAL_RESULT,,confirmed,MANY_PRE_ANNOUNCEMENTS,12,,,
event_classification,,,,INFY_2022-03-31,INFY,2022-03-31 00:00:00,2022-04-13 16:27:56,13.0,ACTUAL_RESULT,,confirmed,MANY_PRE_ANNOUNCEMENTS,13,,,
event_classification,,,,INFY_2022-06-30,INFY,2022-06-30 00:00:00,NaT,,UNCERTAIN,,no_primary_result,MISSING_RESULT|UNCLASSIFIED_DOCUMENT|MANY_PRE_ANNOUNCEMENTS,,,,
event_classification,,,,INFY_2022-09-30,INFY,2022-09-30 00:00:00,NaT,,UNCERTAIN,,no_primary_result,MISSING_RESULT|MANY_PRE_ANNOUNCEMENTS,,,,
event_classification,,,,INFY_2022-12-31,INFY,2022-12-31 00:00:00,2023-01-12 15:38:16,12.0,ACTUAL_RESULT,,confirmed,MANY_PRE_ANNOUNCEMENTS,12,,,
event_classification,,,,INFY_2023-03-31,INFY,2023-03-31 00:00:00,2023-04-13 16:09:57,13.0,ACTUAL_RESULT,,confirmed,OK,13,,,
event_classification,,,,INFY_2023-06-30,INFY,2023-06-30 00:00:00,2023-07-20 15:53:42,20.0,ACTUAL_RESULT,,confirmed,OK,20,,,
event_classification,,,,INFY_2023-09-30,INFY,2023-09-30 00:00:00,2023-10-12 15:59:02,12.0,ACTUAL_RESULT,,confirmed,MANY_PRE_ANNOUNCEMENTS,12,,,
event_classification,,,,INFY_2023-12-31,INFY,2023-12-31 00:00:00,2024-01-11 16:09:00,11.0,ACTUAL_RESULT,,confirmed,OK,11,,,
event_classification,,,,INFY_2024-03-31,INFY,2024-03-31 00:00:00,2024-04-19 11:23:49,19.0,ACTUAL_RESULT,,confirmed,OK,19,,,
event_classification,,,,INFY_2024-06-30,INFY,2024-06-30 00:00:00,2024-07-18 15:38:46,18.0,ACTUAL_RESULT,,confirmed,OK,18,,,
event_classification,,,,INFY_2024-09-30,INFY,2024-09-30 00:00:00,2024-10-17 15:39:01,17.0,ACTUAL_RESULT,,confirmed,MANY_PRE_ANNOUNCEMENTS,17,,,
event_classification,,,,INFY_2024-12-31,INFY,2024-12-31 00:00:00,2025-01-16 15:55:31,16.0,ACTUAL_RESULT,,confirmed,OK,16,,,
event_classification,,,,INFY_2025-03-31,INFY,2025-03-31 00:00:00,NaT,,UNCERTAIN,,no_primary_result,MISSING_RESULT,,,,
event_classification,,,,INFY_2025-06-30,INFY,2025-06-30 00:00:00,2025-07-23 15:36:52,23.0,ACTUAL_RESULT,,confirmed,OK,23,,,
event_classification,,,,INFY_2025-09-30,INFY,2025-09-30 00:00:00,2025-10-16 16:06:54,16.0,ACTUAL_RESULT,,confirmed,OK,16,,,
event_classification,,,,INFY_2025-12-31,INFY,2025-12-31 00:00:00,2026-01-14 16:05:05,14.0,ACTUAL_RESULT,,confirmed,UNCLASSIFIED_DOCUMENT,14,,,
event_classification,,,,INFY_2026-03-31,INFY,2026-03-31 00:00:00,2026-04-23 17:01:01,23.0,ACTUAL_RESULT,,confirmed,OK,23,,,
event_classification,,,,INFY_2026-06-30,INFY,2026-06-30 00:00:00,2026-07-23 16:20:26,23.0,ACTUAL_RESULT,,confirmed,OK,23,,,
event_classification,,,,ITC_2004-12-31,ITC,2004-12-31 00:00:00,NaT,,UNCERTAIN,,no_primary_result,MISSING_RESULT,,,,
event_classification,,,,ITC_2005-03-31,ITC,2005-03-31 00:00:00,NaT,,UNCERTAIN,,no_primary_result,MISSING_RESULT|DUPLICATE_DOCUMENT,,,,
event_classification,,,,ITC_2005-06-30,ITC,2005-06-30 00:00:00,NaT,,UNCERTAIN,,no_primary_result,MISSING_RESULT|DUPLICATE_DOCUMENT,,,,
event_classification,,,,ITC_2005-09-30,ITC,2005-09-30 00:00:00,NaT,,UNCERTAIN,,no_primary_result,MISSING_RESULT|DUPLICATE_DOCUMENT,,,,
event_classification,,,,ITC_2006-03-31,ITC,2006-03-31 00:00:00,NaT,,UNCERTAIN,,no_primary_result,MISSING_RESULT,,,,
event_classification,,,,ITC_2006-09-30,ITC,2006-09-30 00:00:00,NaT,,UNCERTAIN,,no_primary_result,MISSING_RESULT|DUPLICATE_DOCUMENT,,,,
event_classification,,,,ITC_2007-03-31,ITC,2007-03-31 00:00:00,2007-04-27 17:08:00,27.0,ACTUAL_RESULT,,confirmed,DUPLICATE_DOCUMENT,27,,,
event_classification,,,,ITC_2007-06-30,ITC,2007-06-30 00:00:00,2007-07-27 10:14:00,27.0,ACTUAL_RESULT,,confirmed,DUPLICATE_DOCUMENT,27,,,
event_classification,,,,ITC_2007-09-30,ITC,2007-09-30 00:00:00,2007-10-26 11:53:00,26.0,ACTUAL_RESULT,,confirmed,DUPLICATE_DOCUMENT,26,,,
event_classification,,,,ITC_2007-12-31,ITC,2007-12-31 00:00:00,2008-01-18 12:12:00,18.0,ACTUAL_RESULT,,confirmed,DUPLICATE_DOCUMENT,18,,,
event_classification,,,,ITC_2008-03-31,ITC,2008-03-31 00:00:00,2008-05-23 13:35:00,53.0,ACTUAL_RESULT,,confirmed,MULTIPLE_HUMAN_PRIMARY_RESULTS|DUPLICATE_DOCUMENT,53,,,
event_classification,,,,ITC_2008-06-30,ITC,2008-06-30 00:00:00,2008-07-30 17:04:00,30.0,ACTUAL_RESULT,,confirmed,DUPLICATE_DOCUMENT,30,,,
event_classification,,,,ITC_2008-09-30,ITC,2008-09-30 00:00:00,2008-10-24 11:44:00,24.0,ACTUAL_RESULT,,confirmed,DUPLICATE_DOCUMENT,24,,,
event_classification,,,,ITC_2008-12-31,ITC,2008-12-31 00:00:00,2009-01-19 13:40:00,19.0,ACTUAL_RESULT,,confirmed,DUPLICATE_DOCUMENT,19,,,
event_classification,,,,ITC_2009-03-31,ITC,2009-03-31 00:00:00,2009-05-22 15:09:00,52.0,ACTUAL_RESULT,,confirmed,MULTIPLE_HUMAN_PRIMARY_RESULTS|DUPLICATE_DOCUMENT,52,,,
event_classification,,,,ITC_2009-06-30,ITC,2009-06-30 00:00:00,2009-07-23 13:39:00,23.0,ACTUAL_RESULT,,confirmed,DUPLICATE_DOCUMENT,23,,,
event_classification,,,,ITC_2009-09-30,ITC,2009-09-30 00:00:00,2009-10-23 11:51:00,23.0,ACTUAL_RESULT,,confirmed,DUPLICATE_DOCUMENT,23,,,
event_classification,,,,ITC_2009-12-31,ITC,2009-12-31 00:00:00,2010-01-22 12:39:00,22.0,ACTUAL_RESULT,,confirmed,DUPLICATE_DOCUMENT,22,,,
event_classification,,,,ITC_2010-03-31,ITC,2010-03-31 00:00:00,2010-05-21 14:26:00,51.0,ACTUAL_RESULT,,confirmed,MULTIPLE_HUMAN_PRIMARY_RESULTS|DUPLICATE_DOCUMENT,51,,,
event_classification,,,,ITC_2010-06-30,ITC,2010-06-30 00:00:00,2010-07-22 13:06:00,22.0,ACTUAL_RESULT,,confirmed,OK,22,,,
event_classification,,,,ITC_2010-09-30,ITC,2010-09-30 00:00:00,2010-10-29 11:44:00,29.0,ACTUAL_RESULT,,confirmed,MULTIPLE_HUMAN_PRIMARY_RESULTS,29,,,
event_classification,,,,ITC_2010-12-31,ITC,2010-12-31 00:00:00,2011-01-21 12:43:00,21.0,ACTUAL_RESULT,,confirmed,MULTIPLE_HUMAN_PRIMARY_RESULTS,21,,,
event_classification,,,,ITC_2011-03-31,ITC,2011-03-31 00:00:00,2011-05-20 14:38:00,50.0,ACTUAL_RESULT,,confirmed,MULTIPLE_HUMAN_PRIMARY_RESULTS|DUPLICATE_DOCUMENT,50,,,
event_classification,,,,ITC_2011-06-30,ITC,2011-06-30 00:00:00,2011-07-28 12:19:00,28.0,ACTUAL_RESULT,,confirmed,MULTIPLE_HUMAN_PRIMARY_RESULTS,28,,,
event_classification,,,,ITC_2011-09-30,ITC,2011-09-30 00:00:00,2011-10-24 12:19:00,24.0,ACTUAL_RESULT,,confirmed,MULTIPLE_HUMAN_PRIMARY_RESULTS,24,,,
event_classification,,,,ITC_2011-12-31,ITC,2011-12-31 00:00:00,2012-01-20 12:54:00,20.0,ACTUAL_RESULT,,confirmed,MULTIPLE_HUMAN_PRIMARY_RESULTS,20,,,
event_classification,,,,ITC_2012-03-31,ITC,2012-03-31 00:00:00,2012-05-25 13:39:00,55.0,ACTUAL_RESULT,,confirmed,MULTIPLE_HUMAN_PRIMARY_RESULTS|DUPLICATE_DOCUMENT,55,,,
event_classification,,,,ITC_2012-06-30,ITC,2012-06-30 00:00:00,2012-07-26 12:03:00,26.0,ACTUAL_RESULT,,confirmed,MULTIPLE_HUMAN_PRIMARY_RESULTS|DUPLICATE_DOCUMENT,26,,,
event_classification,,,,ITC_2012-12-31,ITC,2012-12-31 00:00:00,2013-01-18 11:58:00,18.0,ACTUAL_RESULT,,confirmed,MULTIPLE_HUMAN_PRIMARY_RESULTS,18,,,
event_classification,,,,ITC_2013-03-31,ITC,2013-03-31 00:00:00,2013-05-17 13:55:00,47.0,ACTUAL_RESULT,,confirmed,MULTIPLE_HUMAN_PRIMARY_RESULTS|DUPLICATE_DOCUMENT,47,,,
event_classification,,,,ITC_2013-06-30,ITC,2013-06-30 00:00:00,2013-07-25 12:16:00,25.0,ACTUAL_RESULT,,confirmed,MULTIPLE_HUMAN_PRIMARY_RESULTS,25,,,
event_classification,,,,ITC_2013-09-30,ITC,2013-09-30 00:00:00,2013-10-25 15:19:03,25.0,ACTUAL_RESULT,,confirmed,OK,25,,,
event_classification,,,,ITC_2013-12-31,ITC,2013-12-31 00:00:00,2014-01-17 11:23:02,17.0,ACTUAL_RESULT,,confirmed,MULTIPLE_HUMAN_PRIMARY_RESULTS,17,,,
event_classification,,,,ITC_2014-03-31,ITC,2014-03-31 00:00:00,2014-05-23 13:55:02,53.0,ACTUAL_RESULT,,confirmed,MULTIPLE_HUMAN_PRIMARY_RESULTS|DUPLICATE_DOCUMENT,53,,,
event_classification,,,,ITC_2014-06-30,ITC,2014-06-30 00:00:00,2014-07-30 08:15:04,30.0,ACTUAL_RESULT,,confirmed,DUPLICATE_DOCUMENT,30,,,
event_classification,,,,ITC_2014-09-30,ITC,2014-09-30 00:00:00,2014-10-31 12:47:02,31.0,ACTUAL_RESULT,,confirmed,OK,31,,,
event_classification,,,,ITC_2014-12-31,ITC,2014-12-31 00:00:00,2015-01-21 12:39:04,21.0,ACTUAL_RESULT,,confirmed,OK,21,,,
event_classification,,,,ITC_2015-03-31,ITC,2015-03-31 00:00:00,2015-05-22 16:23:02,52.0,ACTUAL_RESULT,,confirmed,OK,52,,,
event_classification,,,,ITC_2015-06-30,ITC,2015-06-30 00:00:00,2015-07-30 12:20:34,30.0,ACTUAL_RESULT,,confirmed,OK,30,,,
event_classification,,,,ITC_2015-09-30,ITC,2015-09-30 00:00:00,2015-10-30 12:41:28,30.0,ACTUAL_RESULT,,confirmed,OK,30,,,
event_classification,,,,ITC_2015-12-31,ITC,2015-12-31 00:00:00,2016-01-22 15:27:07,22.0,ACTUAL_RESULT,,confirmed,OK,22,,,
event_classification,,,,ITC_2016-03-31,ITC,2016-03-31 00:00:00,2016-05-20 15:13:37,50.0,ACTUAL_RESULT,,confirmed,OK,50,,,
event_classification,,,,ITC_2016-06-30,ITC,2016-06-30 00:00:00,2016-07-21 17:27:58,21.0,ACTUAL_RESULT,,confirmed,OK,21,,,
event_classification,,,,ITC_2016-09-30,ITC,2016-09-30 00:00:00,2016-10-26 13:56:53,26.0,ACTUAL_RESULT,,confirmed,OK,26,,,
event_classification,,,,ITC_2016-12-31,ITC,2016-12-31 00:00:00,2017-01-27 13:19:38,27.0,ACTUAL_RESULT,,confirmed,OK,27,,,
event_classification,,,,ITC_2017-03-31,ITC,2017-03-31 00:00:00,2017-05-26 14:46:08,56.0,ACTUAL_RESULT,,confirmed,OK,56,,,
event_classification,,,,ITC_2017-06-30,ITC,2017-06-30 00:00:00,2017-07-27 18:41:25,27.0,ACTUAL_RESULT,,confirmed,OK,27,,,
event_classification,,,,ITC_2017-09-30,ITC,2017-09-30 00:00:00,2017-10-27 14:49:27,27.0,ACTUAL_RESULT,,confirmed,OK,27,,,
event_classification,,,,ITC_2017-12-31,ITC,2017-12-31 00:00:00,2018-01-19 13:04:44,19.0,ACTUAL_RESULT,,confirmed,OK,19,,,
event_classification,,,,ITC_2018-03-31,ITC,2018-03-31 00:00:00,2018-05-16 13:41:34,46.0,ACTUAL_RESULT,,confirmed,OK,46,,,
event_classification,,,,ITC_2018-06-30,ITC,2018-06-30 00:00:00,2018-07-26 17:14:13,26.0,ACTUAL_RESULT,,confirmed,OK,26,,,
event_classification,,,,ITC_2018-09-30,ITC,2018-09-30 00:00:00,2018-10-26 14:05:46,26.0,ACTUAL_RESULT,,confirmed,OK,26,,,
event_classification,,,,ITC_2018-12-31,ITC,2018-12-31 00:00:00,2019-01-23 14:19:18,23.0,ACTUAL_RESULT,,confirmed,OK,23,,,
event_classification,,,,ITC_2019-03-31,ITC,2019-03-31 00:00:00,2019-05-13 14:45:48,43.0,ACTUAL_RESULT,,confirmed,OK,43,,,
event_classification,,,,ITC_2019-06-30,ITC,2019-06-30 00:00:00,2019-08-02 18:35:42,33.0,ACTUAL_RESULT,,confirmed,OK,33,,,
event_classification,,,,ITC_2019-09-30,ITC,2019-09-30 00:00:00,2019-10-24 17:21:15,24.0,ACTUAL_RESULT,,confirmed,OK,24,,,
event_classification,,,,ITC_2019-12-31,ITC,2019-12-31 00:00:00,2020-01-31 19:51:47,31.0,ACTUAL_RESULT,,confirmed,OK,31,,,
event_classification,,,,ITC_2020-03-31,ITC,2020-03-31 00:00:00,2020-06-26 18:48:03,87.0,ACTUAL_RESULT,,confirmed,OK,87,,,
event_classification,,,,ITC_2020-06-30,ITC,2020-06-30 00:00:00,2020-07-24 19:32:54,24.0,ACTUAL_RESULT,,confirmed,OK,24,,,
event_classification,,,,ITC_2020-09-30,ITC,2020-09-30 00:00:00,2020-11-06 20:36:02,37.0,ACTUAL_RESULT,,confirmed,OK,37,,,
event_classification,,,,ITC_2020-12-31,ITC,2020-12-31 00:00:00,2021-02-11 20:12:26,42.0,ACTUAL_RESULT,,confirmed,OK,42,,,
event_classification,,,,ITC_2021-03-31,ITC,2021-03-31 00:00:00,2021-06-01 18:58:48,62.0,ACTUAL_RESULT,,confirmed,OK,62,,,
event_classification,,,,ITC_2021-06-30,ITC,2021-06-30 00:00:00,2021-07-24 19:46:37,24.0,ACTUAL_RESULT,,confirmed,OK,24,,,
event_classification,,,,ITC_2021-09-30,ITC,2021-09-30 00:00:00,2021-10-27 20:14:30,27.0,ACTUAL_RESULT,,confirmed,OK,27,,,
event_classification,,,,ITC_2021-12-31,ITC,2021-12-31 00:00:00,2022-02-03 21:03:00,34.0,ACTUAL_RESULT,,confirmed,OK,34,,,
event_classification,,,,ITC_2022-03-31,ITC,2022-03-31 00:00:00,2022-05-18 18:29:30,48.0,ACTUAL_RESULT,,confirmed,OK,48,,,
event_classification,,,,ITC_2022-06-30,ITC,2022-06-30 00:00:00,NaT,,UNCERTAIN,,no_primary_result,MISSING_RESULT,,,,
event_classification,,,,ITC_2022-09-30,ITC,2022-09-30 00:00:00,NaT,,UNCERTAIN,,no_primary_result,MISSING_RESULT,,,,
event_classification,,,,ITC_2022-12-31,ITC,2022-12-31 00:00:00,2023-02-03 17:09:22,34.0,ACTUAL_RESULT,,confirmed,OK,34,,,
event_classification,,,,ITC_2023-03-31,ITC,2023-03-31 00:00:00,2023-05-18 14:40:18,48.0,ACTUAL_RESULT,,confirmed,OK,48,,,
event_classification,,,,ITC_2023-06-30,ITC,2023-06-30 00:00:00,2023-08-14 16:36:50,45.0,ACTUAL_RESULT,,confirmed,OK,45,,,
event_classification,,,,ITC_2023-09-30,ITC,2023-09-30 00:00:00,2023-10-19 20:14:30,19.0,ACTUAL_RESULT,,confirmed,OK,19,,,
event_classification,,,,ITC_2023-12-31,ITC,2023-12-31 00:00:00,2024-01-29 18:37:40,29.0,ACTUAL_RESULT,,confirmed,OK,29,,,
event_classification,,,,ITC_2024-03-31,ITC,2024-03-31 00:00:00,2024-05-23 14:07:36,53.0,ACTUAL_RESULT,,confirmed,OK,53,,,
event_classification,,,,ITC_2024-06-30,ITC,2024-06-30 00:00:00,2024-08-01 16:16:51,32.0,ACTUAL_RESULT,,confirmed,OK,32,,,
event_classification,,,,ITC_2024-09-30,ITC,2024-09-30 00:00:00,2024-10-24 19:14:21,24.0,ACTUAL_RESULT,,confirmed,OK,24,,,
event_classification,,,,ITC_2024-12-31,ITC,2024-12-31 00:00:00,2025-02-06 18:37:02,37.0,ACTUAL_RESULT,,confirmed,OK,37,,,
event_classification,,,,ITC_2025-03-31,ITC,2025-03-31 00:00:00,2025-05-22 16:51:00,52.0,ACTUAL_RESULT,,confirmed,OK,52,,,
event_classification,,,,ITC_2025-06-30,ITC,2025-06-30 00:00:00,2025-08-01 17:23:13,32.0,ACTUAL_RESULT,,confirmed,OK,32,,,
event_classification,,,,ITC_2025-09-30,ITC,2025-09-30 00:00:00,2025-10-30 16:26:13,30.0,ACTUAL_RESULT,,confirmed,OK,30,,,
event_classification,,,,ITC_2025-12-31,ITC,2025-12-31 00:00:00,2026-01-29 18:37:26,29.0,ACTUAL_RESULT,,confirmed,OK,29,,,
event_classification,,,,ITC_2026-03-31,ITC,2026-03-31 00:00:00,2026-05-21 15:22:20,51.0,ACTUAL_RESULT,,confirmed,OK,51,,,
event_classification,,,,ITC_2026-06-30,ITC,2026-06-30 00:00:00,2026-07-31 16:31:22,31.0,ACTUAL_RESULT,,confirmed,OK,31,,,
event_classification,,,,JIOFIN_2023-09-30,JIOFIN,2023-09-30 00:00:00,2023-10-16 17:51:49,16.0,ACTUAL_RESULT,,confirmed,OK,16,,,
event_classification,,,,JIOFIN_2023-12-31,JIOFIN,2023-12-31 00:00:00,2024-01-15 18:23:47,15.0,ACTUAL_RESULT,,confirmed,OK,15,,,
event_classification,,,,JIOFIN_2024-03-31,JIOFIN,2024-03-31 00:00:00,2024-04-19 17:47:50,19.0,ACTUAL_RESULT,,confirmed,OK,19,,,
event_classification,,,,JIOFIN_2024-06-30,JIOFIN,2024-06-30 00:00:00,2024-07-15 19:03:39,15.0,ACTUAL_RESULT,,confirmed,OK,15,,,
event_classification,,,,JIOFIN_2024-09-30,JIOFIN,2024-09-30 00:00:00,2024-10-18 17:54:33,18.0,ACTUAL_RESULT,,confirmed,OK,18,,,
event_classification,,,,JIOFIN_2024-12-31,JIOFIN,2024-12-31 00:00:00,2025-01-17 18:03:01,17.0,ACTUAL_RESULT,,confirmed,OK,17,,,
event_classification,,,,JIOFIN_2025-03-31,JIOFIN,2025-03-31 00:00:00,2025-04-17 19:17:14,17.0,ACTUAL_RESULT,,confirmed,OK,17,,,
event_classification,,,,JIOFIN_2025-06-30,JIOFIN,2025-06-30 00:00:00,NaT,,UNCERTAIN,,no_primary_result,MISSING_RESULT,,,,
event_classification,,,,JIOFIN_2025-09-30,JIOFIN,2025-09-30 00:00:00,NaT,,UNCERTAIN,,no_primary_result,MISSING_RESULT,,,,
event_classification,,,,JIOFIN_2025-12-31,JIOFIN,2025-12-31 00:00:00,2026-01-15 16:26:35,15.0,ACTUAL_RESULT,,confirmed,OK,15,,,
event_classification,,,,JIOFIN_2026-03-31,JIOFIN,2026-03-31 00:00:00,NaT,,UNCERTAIN,,no_primary_result,MISSING_RESULT,,,,
event_classification,,,,JIOFIN_2026-06-30,JIOFIN,2026-06-30 00:00:00,NaT,,UNCERTAIN,,no_primary_result,MISSING_RESULT,,,,
event_classification,,,,JIOFIN_2026-09-30,JIOFIN,2026-09-30 00:00:00,NaT,,UNCERTAIN,,no_primary_result,MISSING_RESULT,,,,
event_classification,,,,JSWSTEEL_2005-06-30,JSWSTEEL,2005-06-30 00:00:00,NaT,,UNCERTAIN,,no_primary_result,MISSING_RESULT|DUPLICATE_DOCUMENT,,,,
event_classification,,,,JSWSTEEL_2005-09-30,JSWSTEEL,2005-09-30 00:00:00,NaT,,UNCERTAIN,,no_primary_result,MISSING_RESULT|DUPLICATE_DOCUMENT,,,,
event_classification,,,,JSWSTEEL_2005-12-31,JSWSTEEL,2005-12-31 00:00:00,NaT,,UNCERTAIN,,no_primary_result,MISSING_RESULT|DUPLICATE_DOCUMENT,,,,
event_classification,,,,JSWSTEEL_2006-06-30,JSWSTEEL,2006-06-30 00:00:00,NaT,,UNCERTAIN,,no_primary_result,MISSING_RESULT|DUPLICATE_DOCUMENT,,,,
event_classification,,,,JSWSTEEL_2006-09-30,JSWSTEEL,2006-09-30 00:00:00,NaT,,UNCERTAIN,,no_primary_result,MISSING_RESULT|DUPLICATE_DOCUMENT,,,,
event_classification,,,,JSWSTEEL_2006-12-31,JSWSTEEL,2006-12-31 00:00:00,2007-01-22 14:52:00,22.0,ACTUAL_RESULT,,confirmed,DUPLICATE_DOCUMENT,22,,,
event_classification,,,,JSWSTEEL_2007-03-31,JSWSTEEL,2007-03-31 00:00:00,NaT,,UNCERTAIN,,no_primary_result,MISSING_RESULT|DUPLICATE_DOCUMENT|UNCLASSIFIED_DOCUMENT,,,,
event_classification,,,,JSWSTEEL_2007-06-30,JSWSTEEL,2007-06-30 00:00:00,2007-07-24 14:38:00,24.0,ACTUAL_RESULT,,confirmed,DUPLICATE_DOCUMENT|MANY_PRE_ANNOUNCEMENTS,24,,,
event_classification,,,,JSWSTEEL_2007-09-30,JSWSTEEL,2007-09-30 00:00:00,2007-10-25 14:54:00,25.0,ACTUAL_RESULT,,confirmed,MULTIPLE_HUMAN_PRIMARY_RESULTS|DUPLICATE_DOCUMENT,25,,,
event_classification,,,,JSWSTEEL_2007-12-31,JSWSTEEL,2007-12-31 00:00:00,2008-01-28 15:07:00,28.0,ACTUAL_RESULT,,confirmed,MULTIPLE_HUMAN_PRIMARY_RESULTS|DUPLICATE_DOCUMENT,28,,,
event_classification,,,,JSWSTEEL_2008-03-31,JSWSTEEL,2008-03-31 00:00:00,2008-05-05 15:11:00,35.0,ACTUAL_RESULT,,confirmed,MULTIPLE_HUMAN_PRIMARY_RESULTS|DUPLICATE_DOCUMENT|UNCLASSIFIED_DOCUMENT,35,,,
event_classification,,,,JSWSTEEL_2008-06-30,JSWSTEEL,2008-06-30 00:00:00,2008-07-31 15:39:00,31.0,ACTUAL_RESULT,,confirmed,MULTIPLE_HUMAN_PRIMARY_RESULTS|DUPLICATE_DOCUMENT,31,,,
event_classification,,,,JSWSTEEL_2008-09-30,JSWSTEEL,2008-09-30 00:00:00,2008-10-24 13:30:00,24.0,ACTUAL_RESULT,,confirmed,MULTIPLE_HUMAN_PRIMARY_RESULTS|DUPLICATE_DOCUMENT,24,,,
event_classification,,,,JSWSTEEL_2008-12-31,JSWSTEEL,2008-12-31 00:00:00,2009-01-28 13:59:00,28.0,ACTUAL_RESULT,,confirmed,DUPLICATE_DOCUMENT,28,,,
event_classification,,,,JSWSTEEL_2009-03-31,JSWSTEEL,2009-03-31 00:00:00,2009-05-07 14:28:00,37.0,ACTUAL_RESULT,,confirmed,MULTIPLE_HUMAN_PRIMARY_RESULTS|DUPLICATE_DOCUMENT|UNCLASSIFIED_DOCUMENT,37,,,
event_classification,,,,JSWSTEEL_2009-06-30,JSWSTEEL,2009-06-30 00:00:00,2009-07-20 11:51:00,20.0,ACTUAL_RESULT,,confirmed,MULTIPLE_HUMAN_PRIMARY_RESULTS|DUPLICATE_DOCUMENT,20,,,
event_classification,,,,JSWSTEEL_2009-09-30,JSWSTEEL,2009-09-30 00:00:00,2009-10-23 14:49:00,23.0,ACTUAL_RESULT,,confirmed,MULTIPLE_HUMAN_PRIMARY_RESULTS|DUPLICATE_DOCUMENT,23,,,
event_classification,,,,JSWSTEEL_2009-12-31,JSWSTEEL,2009-12-31 00:00:00,2010-01-20 14:47:00,20.0,ACTUAL_RESULT,,confirmed,MULTIPLE_HUMAN_PRIMARY_RESULTS|DUPLICATE_DOCUMENT,20,,,
event_classification,,,,JSWSTEEL_2010-03-31,JSWSTEEL,2010-03-31 00:00:00,2010-05-03 14:44:00,33.0,ACTUAL_RESULT,,confirmed,MULTIPLE_HUMAN_PRIMARY_RESULTS|DUPLICATE_DOCUMENT,33,,,
event_classification,,,,JSWSTEEL_2010-06-30,JSWSTEEL,2010-06-30 00:00:00,2010-07-27 09:34:00,27.0,ACTUAL_RESULT,,confirmed,MULTIPLE_HUMAN_PRIMARY_RESULTS|DUPLICATE_DOCUMENT,27,,,
event_classification,,,,JSWSTEEL_2010-09-30,JSWSTEEL,2010-09-30 00:00:00,2010-10-26 14:45:00,26.0,ACTUAL_RESULT,,confirmed,MULTIPLE_HUMAN_PRIMARY_RESULTS|DUPLICATE_DOCUMENT,26,,,
event_classification,,,,JSWSTEEL_2010-12-31,JSWSTEEL,2010-12-31 00:00:00,2011-01-27 14:25:00,27.0,ACTUAL_RESULT,,confirmed,MULTIPLE_HUMAN_PRIMARY_RESULTS|DUPLICATE_DOCUMENT,27,,,
event_classification,,,,JSWSTEEL_2011-03-31,JSWSTEEL,2011-03-31 00:00:00,2011-05-16 14:31:00,46.0,ACTUAL_RESULT,,confirmed,MULTIPLE_HUMAN_PRIMARY_RESULTS|DUPLICATE_DOCUMENT,46,,,
event_classification,,,,JSWSTEEL_2011-06-30,JSWSTEEL,2011-06-30 00:00:00,2011-07-26 14:53:00,26.0,ACTUAL_RESULT,,confirmed,MULTIPLE_HUMAN_PRIMARY_RESULTS|DUPLICATE_DOCUMENT,26,,,
event_classification,,,,JSWSTEEL_2011-09-30,JSWSTEEL,2011-09-30 00:00:00,2011-11-14 10:46:00,45.0,ACTUAL_RESULT,,confirmed,MULTIPLE_HUMAN_PRIMARY_RESULTS|DUPLICATE_DOCUMENT,45,,,
event_classification,,,,JSWSTEEL_2011-12-31,JSWSTEEL,2011-12-31 00:00:00,2012-02-10 17:31:00,41.0,ACTUAL_RESULT,,confirmed,MULTIPLE_HUMAN_PRIMARY_RESULTS|DUPLICATE_DOCUMENT,41,,,
event_classification,,,,JSWSTEEL_2012-03-31,JSWSTEEL,2012-03-31 00:00:00,2012-05-14 14:44:00,44.0,ACTUAL_RESULT,,confirmed,MULTIPLE_HUMAN_PRIMARY_RESULTS,44,,,
event_classification,,,,JSWSTEEL_2012-06-30,JSWSTEEL,2012-06-30 00:00:00,2012-07-26 14:39:00,26.0,ACTUAL_RESULT,,confirmed,MULTIPLE_HUMAN_PRIMARY_RESULTS,26,,,
event_classification,,,,JSWSTEEL_2012-09-30,JSWSTEEL,2012-09-30 00:00:00,2012-10-29 09:04:04,29.0,ACTUAL_RESULT,,confirmed,OK,29,,,
event_classification,,,,JSWSTEEL_2012-12-31,JSWSTEEL,2012-12-31 00:00:00,2013-02-13 16:36:45,44.0,ACTUAL_RESULT,,confirmed,MULTIPLE_HUMAN_PRIMARY_RESULTS,44,,,
event_classification,,,,JSWSTEEL_2013-03-31,JSWSTEEL,2013-03-31 00:00:00,2013-05-23 14:24:00,53.0,ACTUAL_RESULT,,confirmed,MULTIPLE_HUMAN_PRIMARY_RESULTS|DUPLICATE_DOCUMENT,53,,,
event_classification,,,,JSWSTEEL_2013-06-30,JSWSTEEL,2013-06-30 00:00:00,2013-07-31 14:11:16,31.0,ACTUAL_RESULT,,confirmed,OK,31,,,
event_classification,,,,JSWSTEEL_2013-09-30,JSWSTEEL,2013-09-30 00:00:00,2013-10-29 14:19:02,29.0,ACTUAL_RESULT,,confirmed,MULTIPLE_HUMAN_PRIMARY_RESULTS|DUPLICATE_DOCUMENT,29,,,
event_classification,,,,JSWSTEEL_2013-12-31,JSWSTEEL,2013-12-31 00:00:00,2014-01-28 14:47:02,28.0,ACTUAL_RESULT,,confirmed,OK,28,,,
event_classification,,,,JSWSTEEL_2014-03-31,JSWSTEEL,2014-03-31 00:00:00,2014-05-27 19:19:02,57.0,ACTUAL_RESULT,,confirmed,OK,57,,,
event_classification,,,,JSWSTEEL_2014-06-30,JSWSTEEL,2014-06-30 00:00:00,2014-08-01 14:35:02,32.0,ACTUAL_RESULT,,confirmed,OK,32,,,
event_classification,,,,JSWSTEEL_2014-09-30,JSWSTEEL,2014-09-30 00:00:00,2014-10-21 15:11:03,21.0,ACTUAL_RESULT,,confirmed,OK,21,,,
event_classification,,,,JSWSTEEL_2014-12-31,JSWSTEEL,2014-12-31 00:00:00,2015-01-30 15:03:03,30.0,ACTUAL_RESULT,,confirmed,OK,30,,,
event_classification,,,,JSWSTEEL_2015-03-31,JSWSTEEL,2015-03-31 00:00:00,2015-05-15 15:35:03,45.0,ACTUAL_RESULT,,confirmed,OK,45,,,
event_classification,,,,JSWSTEEL_2015-06-30,JSWSTEEL,2015-06-30 00:00:00,2015-07-29 15:25:55,29.0,ACTUAL_RESULT,,confirmed,OK,29,,,
event_classification,,,,JSWSTEEL_2015-09-30,JSWSTEEL,2015-09-30 00:00:00,2015-10-21 15:28:56,21.0,ACTUAL_RESULT,,confirmed,OK,21,,,
event_classification,,,,JSWSTEEL_2015-12-31,JSWSTEEL,2015-12-31 00:00:00,2016-01-29 15:25:58,29.0,ACTUAL_RESULT,,confirmed,OK,29,,,
event_classification,,,,JSWSTEEL_2016-03-31,JSWSTEEL,2016-03-31 00:00:00,2016-05-18 15:06:26,48.0,ACTUAL_RESULT,,confirmed,MULTIPLE_HUMAN_PRIMARY_RESULTS,48,,,
event_classification,,,,JSWSTEEL_2016-06-30,JSWSTEEL,2016-06-30 00:00:00,2016-07-27 15:01:40,27.0,ACTUAL_RESULT,,confirmed,OK,27,,,
event_classification,,,,JSWSTEEL_2016-09-30,JSWSTEEL,2016-09-30 00:00:00,2016-10-27 15:27:14,27.0,ACTUAL_RESULT,,confirmed,OK,27,,,
event_classification,,,,JSWSTEEL_2016-12-31,JSWSTEEL,2016-12-31 00:00:00,2017-01-31 15:15:59,31.0,ACTUAL_RESULT,,confirmed,OK,31,,,
event_classification,,,,JSWSTEEL_2017-03-31,JSWSTEEL,2017-03-31 00:00:00,2017-05-17 15:56:37,47.0,ACTUAL_RESULT,,confirmed,OK,47,,,
event_classification,,,,JSWSTEEL_2017-06-30,JSWSTEEL,2017-06-30 00:00:00,2017-08-01 15:28:34,32.0,ACTUAL_RESULT,,confirmed,OK,32,,,
event_classification,,,,JSWSTEEL_2017-09-30,JSWSTEEL,2017-09-30 00:00:00,2017-10-31 15:43:53,31.0,ACTUAL_RESULT,,confirmed,OK,31,,,
event_classification,,,,JSWSTEEL_2017-12-31,JSWSTEEL,2017-12-31 00:00:00,2018-01-31 15:22:46,31.0,ACTUAL_RESULT,,confirmed,OK,31,,,
event_classification,,,,JSWSTEEL_2018-03-31,JSWSTEEL,2018-03-31 00:00:00,2018-05-17 11:54:59,47.0,ACTUAL_RESULT,,confirmed,OK,47,,,
event_classification,,,,JSWSTEEL_2018-06-30,JSWSTEEL,2018-06-30 00:00:00,2018-07-25 15:10:49,25.0,ACTUAL_RESULT,,confirmed,MANY_PRE_ANNOUNCEMENTS,25,,,
event_classification,,,,JSWSTEEL_2018-09-30,JSWSTEEL,2018-09-30 00:00:00,2018-10-25 15:21:03,25.0,ACTUAL_RESULT,,confirmed,OK,25,,,
event_classification,,,,JSWSTEEL_2018-12-31,JSWSTEEL,2018-12-31 00:00:00,2019-02-06 15:18:27,37.0,ACTUAL_RESULT,,confirmed,OK,37,,,
event_classification,,,,JSWSTEEL_2019-03-31,JSWSTEEL,2019-03-31 00:00:00,2019-05-24 15:08:50,54.0,ACTUAL_RESULT,,confirmed,OK,54,,,
event_classification,,,,JSWSTEEL_2019-06-30,JSWSTEEL,2019-06-30 00:00:00,2019-07-26 15:17:55,26.0,ACTUAL_RESULT,,confirmed,OK,26,,,
event_classification,,,,JSWSTEEL_2019-09-30,JSWSTEEL,2019-09-30 00:00:00,2019-10-23 15:26:03,23.0,ACTUAL_RESULT,,confirmed,OK,23,,,
event_classification,,,,JSWSTEEL_2019-12-31,JSWSTEEL,2019-12-31 00:00:00,2020-01-24 15:35:13,24.0,ACTUAL_RESULT,,confirmed,OK,24,,,
event_classification,,,,JSWSTEEL_2020-03-31,JSWSTEEL,2020-03-31 00:00:00,2020-05-22 16:02:41,52.0,ACTUAL_RESULT,,confirmed,OK,52,,,
event_classification,,,,JSWSTEEL_2020-06-30,JSWSTEEL,2020-06-30 00:00:00,2020-07-24 15:37:38,24.0,ACTUAL_RESULT,,confirmed,OK,24,,,
event_classification,,,,JSWSTEEL_2020-09-30,JSWSTEEL,2020-09-30 00:00:00,2020-10-23 15:33:59,23.0,ACTUAL_RESULT,,confirmed,OK,23,,,
event_classification,,,,JSWSTEEL_2020-12-31,JSWSTEEL,2020-12-31 00:00:00,2021-01-22 15:33:27,22.0,ACTUAL_RESULT,,confirmed,OK,22,,,
event_classification,,,,JSWSTEEL_2021-03-31,JSWSTEEL,2021-03-31 00:00:00,2021-05-21 15:32:57,51.0,ACTUAL_RESULT,,confirmed,OK,51,,,
event_classification,,,,JSWSTEEL_2021-06-30,JSWSTEEL,2021-06-30 00:00:00,2021-07-23 15:52:09,23.0,ACTUAL_RESULT,,confirmed,OK,23,,,
event_classification,,,,JSWSTEEL_2021-09-30,JSWSTEEL,2021-09-30 00:00:00,2021-10-21 15:32:26,21.0,ACTUAL_RESULT,,confirmed,OK,21,,,
event_classification,,,,JSWSTEEL_2021-12-31,JSWSTEEL,2021-12-31 00:00:00,2022-01-21 15:38:56,21.0,ACTUAL_RESULT,,confirmed,OK,21,,,
event_classification,,,,JSWSTEEL_2022-03-31,JSWSTEEL,2022-03-31 00:00:00,2022-05-27 16:34:14,57.0,ACTUAL_RESULT,,confirmed,OK,57,,,
event_classification,,,,JSWSTEEL_2022-06-30,JSWSTEEL,2022-06-30 00:00:00,NaT,,UNCERTAIN,,no_primary_result,MISSING_RESULT|UNCLASSIFIED_DOCUMENT|MANY_PRE_ANNOUNCEMENTS,,,,
event_classification,,,,JSWSTEEL_2022-09-30,JSWSTEEL,2022-09-30 00:00:00,NaT,,UNCERTAIN,,no_primary_result,MISSING_RESULT|MANY_PRE_ANNOUNCEMENTS,,,,
event_classification,,,,JSWSTEEL_2022-12-31,JSWSTEEL,2022-12-31 00:00:00,2023-01-20 15:31:54,20.0,ACTUAL_RESULT,,confirmed,MANY_PRE_ANNOUNCEMENTS,20,,,
event_classification,,,,JSWSTEEL_2023-03-31,JSWSTEEL,2023-03-31 00:00:00,2023-05-19 15:51:22,49.0,ACTUAL_RESULT,,confirmed,OK,49,,,
event_classification,,,,JSWSTEEL_2023-06-30,JSWSTEEL,2023-06-30 00:00:00,2023-07-21 11:38:20,21.0,ACTUAL_RESULT,,confirmed,OK,21,,,
event_classification,,,,JSWSTEEL_2023-09-30,JSWSTEEL,2023-09-30 00:00:00,2023-10-20 15:21:22,20.0,ACTUAL_RESULT,,confirmed,OK,20,,,
event_classification,,,,JSWSTEEL_2023-12-31,JSWSTEEL,2023-12-31 00:00:00,2024-01-25 15:14:02,25.0,ACTUAL_RESULT,,confirmed,OK,25,,,
event_classification,,,,JSWSTEEL_2024-03-31,JSWSTEEL,2024-03-31 00:00:00,2024-05-17 15:41:13,47.0,ACTUAL_RESULT,,confirmed,MANY_PRE_ANNOUNCEMENTS,47,,,
event_classification,,,,JSWSTEEL_2024-06-30,JSWSTEEL,2024-06-30 00:00:00,2024-07-19 15:57:54,19.0,ACTUAL_RESULT,,confirmed,OK,19,,,
event_classification,,,,JSWSTEEL_2024-09-30,JSWSTEEL,2024-09-30 00:00:00,2024-10-25 14:00:04,25.0,ACTUAL_RESULT,,confirmed,OK,25,,,
event_classification,,,,JSWSTEEL_2024-12-31,JSWSTEEL,2024-12-31 00:00:00,2025-01-24 16:07:35,24.0,ACTUAL_RESULT,,confirmed,OK,24,,,
event_classification,,,,JSWSTEEL_2025-03-31,JSWSTEEL,2025-03-31 00:00:00,2025-05-23 15:52:19,53.0,ACTUAL_RESULT,,confirmed,OK,53,,,
event_classification,,,,JSWSTEEL_2025-06-30,JSWSTEEL,2025-06-30 00:00:00,2025-07-18 15:27:53,18.0,ACTUAL_RESULT,,confirmed,OK,18,,,
event_classification,,,,JSWSTEEL_2025-09-30,JSWSTEEL,2025-09-30 00:00:00,2025-10-17 14:52:36,17.0,ACTUAL_RESULT,,confirmed,MANY_PRE_ANNOUNCEMENTS,17,,,
event_classification,,,,JSWSTEEL_2025-12-31,JSWSTEEL,2025-12-31 00:00:00,2026-01-23 15:29:13,23.0,ACTUAL_RESULT,,confirmed,OK,23,,,
event_classification,,,,JSWSTEEL_2026-03-31,JSWSTEEL,2026-03-31 00:00:00,2026-05-14 15:32:30,44.0,ACTUAL_RESULT,,confirmed,OK,44,,,
event_classification,,,,JSWSTEEL_2026-06-30,JSWSTEEL,2026-06-30 00:00:00,2026-07-17 14:43:55,17.0,ACTUAL_RESULT,,confirmed,OK,17,,,
event_classification,,,,JSWSTEEL_2026-09-30,JSWSTEEL,2026-09-30 00:00:00,NaT,,UNCERTAIN,,no_primary_result,MISSING_RESULT,,,,
event_classification,,,,KOTAKBANK_2004-12-31,KOTAKBANK,2004-12-31 00:00:00,NaT,,UNCERTAIN,,no_primary_result,MISSING_RESULT|DUPLICATE_DOCUMENT|UNCLASSIFIED_DOCUMENT,,,,
event_classification,,,,KOTAKBANK_2005-06-30,KOTAKBANK,2005-06-30 00:00:00,NaT,,UNCERTAIN,,no_primary_result,MISSING_RESULT|DUPLICATE_DOCUMENT,,,,
event_classification,,,,KOTAKBANK_2005-09-30,KOTAKBANK,2005-09-30 00:00:00,NaT,,UNCERTAIN,,no_primary_result,MISSING_RESULT|DUPLICATE_DOCUMENT,,,,
event_classification,,,,KOTAKBANK_2005-12-31,KOTAKBANK,2005-12-31 00:00:00,NaT,,UNCERTAIN,,no_primary_result,MISSING_RESULT|DUPLICATE_DOCUMENT,,,,
event_classification,,,,KOTAKBANK_2006-03-31,KOTAKBANK,2006-03-31 00:00:00,NaT,,UNCERTAIN,,no_primary_result,MISSING_RESULT|DUPLICATE_DOCUMENT,,,,
event_classification,,,,KOTAKBANK_2006-06-30,KOTAKBANK,2006-06-30 00:00:00,NaT,,UNCERTAIN,,no_primary_result,MISSING_RESULT|DUPLICATE_DOCUMENT,,,,
event_classification,,,,KOTAKBANK_2006-09-30,KOTAKBANK,2006-09-30 00:00:00,NaT,,UNCERTAIN,,no_primary_result,MISSING_RESULT|DUPLICATE_DOCUMENT,,,,
event_classification,,,,KOTAKBANK_2006-12-31,KOTAKBANK,2006-12-31 00:00:00,NaT,,UNCERTAIN,,no_primary_result,MISSING_RESULT,,,,
event_classification,,,,KOTAKBANK_2007-03-31,KOTAKBANK,2007-03-31 00:00:00,2007-04-02 10:45:00,2.0,ACTUAL_RESULT,,confirmed,DUPLICATE_DOCUMENT,2,,,
event_classification,,,,KOTAKBANK_2007-06-30,KOTAKBANK,2007-06-30 00:00:00,2007-07-24 13:06:00,24.0,ACTUAL_RESULT,,confirmed,MULTIPLE_HUMAN_PRIMARY_RESULTS|DUPLICATE_DOCUMENT,24,,,
event_classification,,,,KOTAKBANK_2007-09-30,KOTAKBANK,2007-09-30 00:00:00,2007-10-26 13:23:00,26.0,ACTUAL_RESULT,,confirmed,MULTIPLE_HUMAN_PRIMARY_RESULTS|DUPLICATE_DOCUMENT|UNCLASSIFIED_DOCUMENT,26,,,
event_classification,,,,KOTAKBANK_2007-12-31,KOTAKBANK,2007-12-31 00:00:00,2008-01-21 13:50:00,21.0,ACTUAL_RESULT,,confirmed,MULTIPLE_HUMAN_PRIMARY_RESULTS|DUPLICATE_DOCUMENT,21,,,
event_classification,,,,KOTAKBANK_2008-03-31,KOTAKBANK,2008-03-31 00:00:00,2008-05-09 14:00:00,39.0,ACTUAL_RESULT,,confirmed,MULTIPLE_HUMAN_PRIMARY_RESULTS|DUPLICATE_DOCUMENT|UNCLASSIFIED_DOCUMENT,39,,,
event_classification,,,,KOTAKBANK_2008-06-30,KOTAKBANK,2008-06-30 00:00:00,2008-07-28 11:57:00,28.0,ACTUAL_RESULT,,confirmed,MULTIPLE_HUMAN_PRIMARY_RESULTS|DUPLICATE_DOCUMENT,28,,,
event_classification,,,,KOTAKBANK_2008-09-30,KOTAKBANK,2008-09-30 00:00:00,2008-10-31 14:31:00,31.0,ACTUAL_RESULT,,confirmed,MULTIPLE_HUMAN_PRIMARY_RESULTS|DUPLICATE_DOCUMENT,31,,,
event_classification,,,,KOTAKBANK_2008-12-31,KOTAKBANK,2008-12-31 00:00:00,2009-01-22 15:04:00,22.0,ACTUAL_RESULT,,confirmed,MULTIPLE_HUMAN_PRIMARY_RESULTS|DUPLICATE_DOCUMENT,22,,,
event_classification,,,,KOTAKBANK_2009-03-31,KOTAKBANK,2009-03-31 00:00:00,2009-05-12 15:13:00,42.0,ACTUAL_RESULT,,confirmed,MULTIPLE_HUMAN_PRIMARY_RESULTS|DUPLICATE_DOCUMENT|UNCLASSIFIED_DOCUMENT,42,,,
event_classification,,,,KOTAKBANK_2009-06-30,KOTAKBANK,2009-06-30 00:00:00,2009-07-28 11:50:00,28.0,ACTUAL_RESULT,,confirmed,MULTIPLE_HUMAN_PRIMARY_RESULTS|DUPLICATE_DOCUMENT,28,,,
event_classification,,,,KOTAKBANK_2009-09-30,KOTAKBANK,2009-09-30 00:00:00,2009-10-27 13:33:00,27.0,ACTUAL_RESULT,,confirmed,MULTIPLE_HUMAN_PRIMARY_RESULTS|DUPLICATE_DOCUMENT,27,,,
event_classification,,,,KOTAKBANK_2009-12-31,KOTAKBANK,2009-12-31 00:00:00,2010-01-21 13:31:00,21.0,ACTUAL_RESULT,,confirmed,MULTIPLE_HUMAN_PRIMARY_RESULTS|DUPLICATE_DOCUMENT,21,,,
event_classification,,,,KOTAKBANK_2010-03-31,KOTAKBANK,2010-03-31 00:00:00,2010-05-11 14:22:00,41.0,ACTUAL_RESULT,,confirmed,MULTIPLE_HUMAN_PRIMARY_RESULTS|DUPLICATE_DOCUMENT|UNCLASSIFIED_DOCUMENT,41,,,
event_classification,,,,KOTAKBANK_2010-06-30,KOTAKBANK,2010-06-30 00:00:00,2010-07-21 11:38:00,21.0,ACTUAL_RESULT,,confirmed,MULTIPLE_HUMAN_PRIMARY_RESULTS|DUPLICATE_DOCUMENT,21,,,
event_classification,,,,KOTAKBANK_2010-09-30,KOTAKBANK,2010-09-30 00:00:00,2010-10-20 13:19:00,20.0,ACTUAL_RESULT,,confirmed,MULTIPLE_HUMAN_PRIMARY_RESULTS|DUPLICATE_DOCUMENT,20,,,
event_classification,,,,KOTAKBANK_2010-12-31,KOTAKBANK,2010-12-31 00:00:00,2011-01-20 13:28:00,20.0,ACTUAL_RESULT,,confirmed,MULTIPLE_HUMAN_PRIMARY_RESULTS|DUPLICATE_DOCUMENT,20,,,
event_classification,,,,KOTAKBANK_2011-03-31,KOTAKBANK,2011-03-31 00:00:00,2011-05-05 13:47:00,35.0,ACTUAL_RESULT,,confirmed,MULTIPLE_HUMAN_PRIMARY_RESULTS|DUPLICATE_DOCUMENT,35,,,
event_classification,,,,KOTAKBANK_2011-06-30,KOTAKBANK,2011-06-30 00:00:00,2011-07-21 12:12:00,21.0,ACTUAL_RESULT,,confirmed,MULTIPLE_HUMAN_PRIMARY_RESULTS|DUPLICATE_DOCUMENT,21,,,
event_classification,,,,KOTAKBANK_2011-09-30,KOTAKBANK,2011-09-30 00:00:00,2011-10-25 14:32:00,25.0,ACTUAL_RESULT,,confirmed,MULTIPLE_HUMAN_PRIMARY_RESULTS|DUPLICATE_DOCUMENT,25,,,
event_classification,,,,KOTAKBANK_2011-12-31,KOTAKBANK,2011-12-31 00:00:00,2012-01-23 14:13:00,23.0,ACTUAL_RESULT,,confirmed,MULTIPLE_HUMAN_PRIMARY_RESULTS|DUPLICATE_DOCUMENT,23,,,
event_classification,,,,KOTAKBANK_2012-03-31,KOTAKBANK,2012-03-31 00:00:00,2012-05-08 13:32:00,38.0,ACTUAL_RESULT,,confirmed,MULTIPLE_HUMAN_PRIMARY_RESULTS|DUPLICATE_DOCUMENT,38,,,
event_classification,,,,KOTAKBANK_2012-06-30,KOTAKBANK,2012-06-30 00:00:00,2012-07-19 11:44:00,19.0,ACTUAL_RESULT,,confirmed,MULTIPLE_HUMAN_PRIMARY_RESULTS|DUPLICATE_DOCUMENT,19,,,
event_classification,,,,KOTAKBANK_2012-09-30,KOTAKBANK,2012-09-30 00:00:00,2012-10-25 12:47:00,25.0,ACTUAL_RESULT,,confirmed,MULTIPLE_HUMAN_PRIMARY_RESULTS|DUPLICATE_DOCUMENT,25,,,
event_classification,,,,KOTAKBANK_2012-12-31,KOTAKBANK,2012-12-31 00:00:00,2013-01-22 12:54:00,22.0,ACTUAL_RESULT,,confirmed,MULTIPLE_HUMAN_PRIMARY_RESULTS,22,,,
event_classification,,,,KOTAKBANK_2013-03-31,KOTAKBANK,2013-03-31 00:00:00,2013-05-02 13:49:00,32.0,ACTUAL_RESULT,,confirmed,MULTIPLE_HUMAN_PRIMARY_RESULTS|DUPLICATE_DOCUMENT,32,,,
event_classification,,,,KOTAKBANK_2013-06-30,KOTAKBANK,2013-06-30 00:00:00,2013-07-18 11:42:00,18.0,ACTUAL_RESULT,,confirmed,MULTIPLE_HUMAN_PRIMARY_RESULTS|DUPLICATE_DOCUMENT,18,,,
event_classification,,,,KOTAKBANK_2013-09-30,KOTAKBANK,2013-09-30 00:00:00,2013-10-24 12:19:02,24.0,ACTUAL_RESULT,,confirmed,MULTIPLE_HUMAN_PRIMARY_RESULTS|DUPLICATE_DOCUMENT,24,,,
event_classification,,,,KOTAKBANK_2013-12-31,KOTAKBANK,2013-12-31 00:00:00,2014-01-21 13:15:00,21.0,ACTUAL_RESULT,,confirmed,MULTIPLE_HUMAN_PRIMARY_RESULTS|DUPLICATE_DOCUMENT,21,,,
event_classification,,,,KOTAKBANK_2014-03-31,KOTAKBANK,2014-03-31 00:00:00,2014-04-30 14:55:02,30.0,ACTUAL_RESULT,,confirmed,OK,30,,,
event_classification,,,,KOTAKBANK_2014-06-30,KOTAKBANK,2014-06-30 00:00:00,2014-07-16 11:47:03,16.0,ACTUAL_RESULT,,confirmed,OK,16,,,
event_classification,,,,KOTAKBANK_2014-09-30,KOTAKBANK,2014-09-30 00:00:00,2014-10-22 11:59:02,22.0,ACTUAL_RESULT,,confirmed,OK,22,,,
event_classification,,,,KOTAKBANK_2014-12-31,KOTAKBANK,2014-12-31 00:00:00,2015-01-20 11:47:02,20.0,ACTUAL_RESULT,,confirmed,OK,20,,,
event_classification,,,,KOTAKBANK_2015-03-31,KOTAKBANK,2015-03-31 00:00:00,2015-05-05 14:07:03,35.0,ACTUAL_RESULT,,confirmed,OK,35,,,
event_classification,,,,KOTAKBANK_2015-06-30,KOTAKBANK,2015-06-30 00:00:00,2015-07-30 15:55:18,30.0,ACTUAL_RESULT,,confirmed,OK,30,,,
event_classification,,,,KOTAKBANK_2015-09-30,KOTAKBANK,2015-09-30 00:00:00,2015-10-30 12:53:18,30.0,ACTUAL_RESULT,,confirmed,OK,30,,,
event_classification,,,,KOTAKBANK_2015-12-31,KOTAKBANK,2015-12-31 00:00:00,2016-01-18 13:09:13,18.0,ACTUAL_RESULT,,confirmed,OK,18,,,
event_classification,,,,KOTAKBANK_2016-03-31,KOTAKBANK,2016-03-31 00:00:00,2016-05-11 14:15:13,41.0,ACTUAL_RESULT,,confirmed,OK,41,,,
event_classification,,,,KOTAKBANK_2016-06-30,KOTAKBANK,2016-06-30 00:00:00,2016-07-21 13:20:33,21.0,ACTUAL_RESULT,,confirmed,UNCLASSIFIED_DOCUMENT,21,,,
event_classification,,,,KOTAKBANK_2016-09-30,KOTAKBANK,2016-09-30 00:00:00,2016-10-25 12:52:31,25.0,ACTUAL_RESULT,,confirmed,UNCLASSIFIED_DOCUMENT,25,,,
event_classification,,,,KOTAKBANK_2016-12-31,KOTAKBANK,2016-12-31 00:00:00,2017-01-25 13:02:20,25.0,ACTUAL_RESULT,,confirmed,OK,25,,,
event_classification,,,,KOTAKBANK_2017-03-31,KOTAKBANK,2017-03-31 00:00:00,2017-04-27 13:37:07,27.0,ACTUAL_RESULT,,confirmed,MANY_PRE_ANNOUNCEMENTS,27,,,
event_classification,,,,KOTAKBANK_2017-06-30,KOTAKBANK,2017-06-30 00:00:00,2017-07-20 10:36:41,20.0,ACTUAL_RESULT,,confirmed,OK,20,,,
event_classification,,,,KOTAKBANK_2017-09-30,KOTAKBANK,2017-09-30 00:00:00,2017-10-25 13:09:17,25.0,ACTUAL_RESULT,,confirmed,OK,25,,,
event_classification,,,,KOTAKBANK_2017-12-31,KOTAKBANK,2017-12-31 00:00:00,2018-01-19 12:55:30,19.0,ACTUAL_RESULT,,confirmed,OK,19,,,
event_classification,,,,KOTAKBANK_2018-03-31,KOTAKBANK,2018-03-31 00:00:00,2018-04-30 13:54:00,30.0,ACTUAL_RESULT,,confirmed,OK,30,,,
event_classification,,,,KOTAKBANK_2018-06-30,KOTAKBANK,2018-06-30 00:00:00,2018-07-19 12:39:47,19.0,ACTUAL_RESULT,,confirmed,OK,19,,,
event_classification,,,,KOTAKBANK_2018-09-30,KOTAKBANK,2018-09-30 00:00:00,2018-10-24 12:52:49,24.0,ACTUAL_RESULT,,confirmed,OK,24,,,
event_classification,,,,KOTAKBANK_2018-12-31,KOTAKBANK,2018-12-31 00:00:00,2019-01-21 12:43:44,21.0,ACTUAL_RESULT,,confirmed,OK,21,,,
event_classification,,,,KOTAKBANK_2019-03-31,KOTAKBANK,2019-03-31 00:00:00,2019-04-30 14:22:53,30.0,ACTUAL_RESULT,,confirmed,OK,30,,,
event_classification,,,,KOTAKBANK_2019-06-30,KOTAKBANK,2019-06-30 00:00:00,2019-07-22 16:46:49,22.0,ACTUAL_RESULT,,confirmed,OK,22,,,
event_classification,,,,KOTAKBANK_2019-09-30,KOTAKBANK,2019-09-30 00:00:00,2019-10-22 13:57:06,22.0,ACTUAL_RESULT,,confirmed,OK,22,,,
event_classification,,,,KOTAKBANK_2019-12-31,KOTAKBANK,2019-12-31 00:00:00,2020-01-20 13:31:28,20.0,ACTUAL_RESULT,,confirmed,OK,20,,,
event_classification,,,,KOTAKBANK_2020-03-31,KOTAKBANK,2020-03-31 00:00:00,2020-05-13 12:30:24,43.0,ACTUAL_RESULT,,confirmed,MULTIPLE_HUMAN_PRIMARY_RESULTS,43,,,
event_classification,,,,KOTAKBANK_2020-06-30,KOTAKBANK,2020-06-30 00:00:00,2020-07-27 13:55:32,27.0,ACTUAL_RESULT,,confirmed,UNCLASSIFIED_DOCUMENT,27,,,
event_classification,,,,KOTAKBANK_2020-09-30,KOTAKBANK,2020-09-30 00:00:00,2020-10-26 13:17:29,26.0,ACTUAL_RESULT,,confirmed,OK,26,,,
event_classification,,,,KOTAKBANK_2020-12-31,KOTAKBANK,2020-12-31 00:00:00,2021-01-25 13:49:02,25.0,ACTUAL_RESULT,,confirmed,OK,25,,,
event_classification,,,,KOTAKBANK_2021-03-31,KOTAKBANK,2021-03-31 00:00:00,2021-05-03 13:16:28,33.0,ACTUAL_RESULT,,confirmed,OK,33,,,
event_classification,,,,KOTAKBANK_2021-06-30,KOTAKBANK,2021-06-30 00:00:00,2021-07-26 13:40:24,26.0,ACTUAL_RESULT,,confirmed,OK,26,,,
event_classification,,,,KOTAKBANK_2021-09-30,KOTAKBANK,2021-09-30 00:00:00,2021-10-26 12:53:45,26.0,ACTUAL_RESULT,,confirmed,UNCLASSIFIED_DOCUMENT,26,,,
event_classification,,,,KOTAKBANK_2021-12-31,KOTAKBANK,2021-12-31 00:00:00,2022-01-28 12:43:31,28.0,ACTUAL_RESULT,,confirmed,UNCLASSIFIED_DOCUMENT,28,,,
event_classification,,,,KOTAKBANK_2022-03-31,KOTAKBANK,2022-03-31 00:00:00,2022-05-04 13:16:27,34.0,ACTUAL_RESULT,,confirmed,UNCLASSIFIED_DOCUMENT,34,,,
event_classification,,,,KOTAKBANK_2022-06-30,KOTAKBANK,2022-06-30 00:00:00,NaT,,UNCERTAIN,,no_primary_result,MISSING_RESULT|MANY_PRE_ANNOUNCEMENTS,,,,
event_classification,,,,KOTAKBANK_2022-09-30,KOTAKBANK,2022-09-30 00:00:00,NaT,,UNCERTAIN,,no_primary_result,MISSING_RESULT,,,,
event_classification,,,,KOTAKBANK_2022-12-31,KOTAKBANK,2022-12-31 00:00:00,2023-01-21 13:08:21,21.0,ACTUAL_RESULT,,confirmed,OK,21,,,
event_classification,,,,KOTAKBANK_2023-03-31,KOTAKBANK,2023-03-31 00:00:00,2023-04-29 14:25:00,29.0,ACTUAL_RESULT,,confirmed,OK,29,,,
event_classification,,,,KOTAKBANK_2023-06-30,KOTAKBANK,2023-06-30 00:00:00,2023-07-22 12:40:02,22.0,ACTUAL_RESULT,,confirmed,UNCLASSIFIED_DOCUMENT,22,,,
event_classification,,,,KOTAKBANK_2023-09-30,KOTAKBANK,2023-09-30 00:00:00,2023-10-21 12:08:54,21.0,ACTUAL_RESULT,,confirmed,OK,21,,,
event_classification,,,,KOTAKBANK_2023-12-31,KOTAKBANK,2023-12-31 00:00:00,2024-01-20 12:28:21,20.0,ACTUAL_RESULT,,confirmed,OK,20,,,
event_classification,,,,KOTAKBANK_2024-03-31,KOTAKBANK,2024-03-31 00:00:00,2024-05-04 12:27:30,34.0,ACTUAL_RESULT,,confirmed,OK,34,,,
event_classification,,,,KOTAKBANK_2024-06-30,KOTAKBANK,2024-06-30 00:00:00,2024-07-20 13:27:46,20.0,ACTUAL_RESULT,,confirmed,OK,20,,,
event_classification,,,,KOTAKBANK_2024-09-30,KOTAKBANK,2024-09-30 00:00:00,2024-10-19 12:13:14,19.0,ACTUAL_RESULT,,confirmed,OK,19,,,
event_classification,,,,KOTAKBANK_2024-12-31,KOTAKBANK,2024-12-31 00:00:00,2025-01-18 13:06:29,18.0,ACTUAL_RESULT,,confirmed,OK,18,,,
event_classification,,,,KOTAKBANK_2025-03-31,KOTAKBANK,2025-03-31 00:00:00,NaT,,UNCERTAIN,,no_primary_result,MISSING_RESULT,,,,
event_classification,,,,KOTAKBANK_2025-06-30,KOTAKBANK,2025-06-30 00:00:00,2025-07-26 13:13:06,26.0,ACTUAL_RESULT,,confirmed,OK,26,,,
event_classification,,,,KOTAKBANK_2025-09-30,KOTAKBANK,2025-09-30 00:00:00,2025-10-25 12:19:57,25.0,ACTUAL_RESULT,,confirmed,OK,25,,,
event_classification,,,,KOTAKBANK_2025-12-31,KOTAKBANK,2025-12-31 00:00:00,2026-01-24 14:18:34,24.0,ACTUAL_RESULT,,confirmed,OK,24,,,
event_classification,,,,KOTAKBANK_2026-03-31,KOTAKBANK,2026-03-31 00:00:00,2026-05-02 14:56:46,32.0,ACTUAL_RESULT,,confirmed,UNCLASSIFIED_DOCUMENT,32,,,
event_classification,,,,KOTAKBANK_2026-06-30,KOTAKBANK,2026-06-30 00:00:00,2026-07-18 12:37:58,18.0,ACTUAL_RESULT,,confirmed,MULTIPLE_HUMAN_PRIMARY_RESULTS,18,,,
event_classification,,,,KOTAKBANK_2026-09-30,KOTAKBANK,2026-09-30 00:00:00,NaT,,UNCERTAIN,,no_primary_result,MISSING_RESULT,,,,
event_classification,,,,LT_2004-12-31,LT,2004-12-31 00:00:00,NaT,,UNCERTAIN,,no_primary_result,MISSING_RESULT,,,,
event_classification,,,,LT_2005-03-31,LT,2005-03-31 00:00:00,NaT,,UNCERTAIN,,no_primary_result,MISSING_RESULT|DUPLICATE_DOCUMENT,,,,
event_classification,,,,LT_2005-06-30,LT,2005-06-30 00:00:00,NaT,,UNCERTAIN,,no_primary_result,MISSING_RESULT|DUPLICATE_DOCUMENT|MANY_PRE_ANNOUNCEMENTS,,,,
event_classification,,,,LT_2005-09-30,LT,2005-09-30 00:00:00,NaT,,UNCERTAIN,,no_primary_result,MISSING_RESULT|DUPLICATE_DOCUMENT|MANY_PRE_ANNOUNCEMENTS,,,,
event_classification,,,,LT_2005-12-31,LT,2005-12-31 00:00:00,NaT,,UNCERTAIN,,no_primary_result,MISSING_RESULT|DUPLICATE_DOCUMENT|MANY_PRE_ANNOUNCEMENTS,,,,
event_classification,,,,LT_2006-03-31,LT,2006-03-31 00:00:00,NaT,,UNCERTAIN,,no_primary_result,MISSING_RESULT|DUPLICATE_DOCUMENT|MANY_PRE_ANNOUNCEMENTS,,,,
event_classification,,,,LT_2006-06-30,LT,2006-06-30 00:00:00,NaT,,UNCERTAIN,,no_primary_result,MISSING_RESULT|DUPLICATE_DOCUMENT|MANY_PRE_ANNOUNCEMENTS,,,,
event_classification,,,,LT_2006-09-30,LT,2006-09-30 00:00:00,NaT,,UNCERTAIN,,no_primary_result,MISSING_RESULT|DUPLICATE_DOCUMENT|MANY_PRE_ANNOUNCEMENTS,,,,
event_classification,,,,LT_2006-12-31,LT,2006-12-31 00:00:00,NaT,,UNCERTAIN,,no_primary_result,MISSING_RESULT|DUPLICATE_DOCUMENT|MANY_PRE_ANNOUNCEMENTS,,,,
event_classification,,,,LT_2007-03-31,LT,2007-03-31 00:00:00,NaT,,UNCERTAIN,,no_primary_result,MISSING_RESULT|DUPLICATE_DOCUMENT|MANY_PRE_ANNOUNCEMENTS,,,,
event_classification,,,,LT_2007-06-30,LT,2007-06-30 00:00:00,2007-07-19 11:36:00,19.0,ACTUAL_RESULT,,confirmed,DUPLICATE_DOCUMENT|MANY_PRE_ANNOUNCEMENTS,19,,,
event_classification,,,,LT_2007-09-30,LT,2007-09-30 00:00:00,2007-10-26 11:31:00,26.0,ACTUAL_RESULT,,confirmed,DUPLICATE_DOCUMENT|MANY_PRE_ANNOUNCEMENTS,26,,,
event_classification,,,,LT_2007-12-31,LT,2007-12-31 00:00:00,2008-01-28 12:03:00,28.0,ACTUAL_RESULT,,confirmed,DUPLICATE_DOCUMENT|MANY_PRE_ANNOUNCEMENTS,28,,,
event_classification,,,,LT_2008-03-31,LT,2008-03-31 00:00:00,2008-05-29 12:40:00,59.0,ACTUAL_RESULT,,confirmed,MULTIPLE_HUMAN_PRIMARY_RESULTS|DUPLICATE_DOCUMENT|MANY_PRE_ANNOUNCEMENTS,59,,,
event_classification,,,,LT_2008-06-30,LT,2008-06-30 00:00:00,2008-07-28 14:19:00,28.0,ACTUAL_RESULT,,confirmed,DUPLICATE_DOCUMENT|MANY_PRE_ANNOUNCEMENTS,28,,,
event_classification,,,,LT_2008-09-30,LT,2008-09-30 00:00:00,2008-10-15 11:51:00,15.0,ACTUAL_RESULT,,confirmed,DUPLICATE_DOCUMENT,15,,,
event_classification,,,,LT_2008-12-31,LT,2008-12-31 00:00:00,2009-01-30 13:20:00,30.0,ACTUAL_RESULT,,confirmed,DUPLICATE_DOCUMENT,30,,,
event_classification,,,,LT_2009-03-31,LT,2009-03-31 00:00:00,2009-05-28 12:35:00,58.0,ACTUAL_RESULT,,confirmed,MULTIPLE_HUMAN_PRIMARY_RESULTS|DUPLICATE_DOCUMENT|MANY_PRE_ANNOUNCEMENTS,58,,,
event_classification,,,,LT_2009-06-30,LT,2009-06-30 00:00:00,2009-07-16 11:11:00,16.0,ACTUAL_RESULT,,confirmed,DUPLICATE_DOCUMENT|MANY_PRE_ANNOUNCEMENTS,16,,,
event_classification,,,,LT_2009-09-30,LT,2009-09-30 00:00:00,2009-10-22 11:57:00,22.0,ACTUAL_RESULT,,confirmed,DUPLICATE_DOCUMENT|MANY_PRE_ANNOUNCEMENTS,22,,,
event_classification,,,,LT_2009-12-31,LT,2009-12-31 00:00:00,2010-01-21 12:49:00,21.0,ACTUAL_RESULT,,confirmed,DUPLICATE_DOCUMENT|MANY_PRE_ANNOUNCEMENTS,21,,,
event_classification,,,,LT_2010-03-31,LT,2010-03-31 00:00:00,2010-05-17 13:39:00,47.0,ACTUAL_RESULT,,confirmed,MULTIPLE_HUMAN_PRIMARY_RESULTS|DUPLICATE_DOCUMENT|MANY_PRE_ANNOUNCEMENTS,47,,,
event_classification,,,,LT_2010-06-30,LT,2010-06-30 00:00:00,2010-07-27 13:17:00,27.0,ACTUAL_RESULT,,confirmed,DUPLICATE_DOCUMENT,27,,,
event_classification,,,,LT_2010-09-30,LT,2010-09-30 00:00:00,2010-10-18 13:15:00,18.0,ACTUAL_RESULT,,confirmed,MULTIPLE_HUMAN_PRIMARY_RESULTS,18,,,
event_classification,,,,LT_2010-12-31,LT,2010-12-31 00:00:00,2011-01-17 14:52:00,17.0,ACTUAL_RESULT,,confirmed,MULTIPLE_HUMAN_PRIMARY_RESULTS,17,,,
event_classification,,,,LT_2011-03-31,LT,2011-03-31 00:00:00,2011-05-19 13:27:00,49.0,ACTUAL_RESULT,,confirmed,MULTIPLE_HUMAN_PRIMARY_RESULTS|DUPLICATE_DOCUMENT,49,,,
event_classification,,,,LT_2011-06-30,LT,2011-06-30 00:00:00,2011-08-08 13:50:00,39.0,ACTUAL_RESULT,,confirmed,MULTIPLE_HUMAN_PRIMARY_RESULTS|DUPLICATE_DOCUMENT|MANY_PRE_ANNOUNCEMENTS,39,,,
event_classification,,,,LT_2011-09-30,LT,2011-09-30 00:00:00,2011-10-21 14:00:00,21.0,ACTUAL_RESULT,,confirmed,MULTIPLE_HUMAN_PRIMARY_RESULTS|MANY_PRE_ANNOUNCEMENTS,21,,,
event_classification,,,,LT_2011-12-31,LT,2011-12-31 00:00:00,2012-01-23 13:34:00,23.0,ACTUAL_RESULT,,confirmed,MULTIPLE_HUMAN_PRIMARY_RESULTS|MANY_PRE_ANNOUNCEMENTS,23,,,
event_classification,,,,LT_2012-03-31,LT,2012-03-31 00:00:00,2012-05-14 13:45:00,44.0,ACTUAL_RESULT,,confirmed,MULTIPLE_HUMAN_PRIMARY_RESULTS|DUPLICATE_DOCUMENT|MANY_PRE_ANNOUNCEMENTS,44,,,
event_classification,,,,LT_2012-06-30,LT,2012-06-30 00:00:00,2012-07-23 13:27:00,23.0,ACTUAL_RESULT,,confirmed,MULTIPLE_HUMAN_PRIMARY_RESULTS|MANY_PRE_ANNOUNCEMENTS,23,,,
event_classification,,,,LT_2012-09-30,LT,2012-09-30 00:00:00,2012-10-22 13:38:00,22.0,ACTUAL_RESULT,,confirmed,MULTIPLE_HUMAN_PRIMARY_RESULTS|MANY_PRE_ANNOUNCEMENTS,22,,,
event_classification,,,,LT_2012-12-31,LT,2012-12-31 00:00:00,2013-01-24 13:37:00,24.0,ACTUAL_RESULT,,confirmed,MULTIPLE_HUMAN_PRIMARY_RESULTS|MANY_PRE_ANNOUNCEMENTS,24,,,
event_classification,,,,LT_2013-03-31,LT,2013-03-31 00:00:00,2013-05-22 13:17:00,52.0,ACTUAL_RESULT,,confirmed,MULTIPLE_HUMAN_PRIMARY_RESULTS|DUPLICATE_DOCUMENT,52,,,
event_classification,,,,LT_2013-06-30,LT,2013-06-30 00:00:00,2013-07-22 14:04:00,22.0,ACTUAL_RESULT,,confirmed,MULTIPLE_HUMAN_PRIMARY_RESULTS|MANY_PRE_ANNOUNCEMENTS,22,,,
event_classification,,,,LT_2013-09-30,LT,2013-09-30 00:00:00,2013-10-18 16:03:02,18.0,ACTUAL_RESULT,,confirmed,MULTIPLE_HUMAN_PRIMARY_RESULTS|MANY_PRE_ANNOUNCEMENTS,18,,,
event_classification,,,,LT_2013-12-31,LT,2013-12-31 00:00:00,2014-01-22 16:07:02,22.0,ACTUAL_RESULT,,confirmed,OK,22,,,
event_classification,,,,LT_2014-03-31,LT,2014-03-31 00:00:00,2014-05-30 15:39:01,60.0,ACTUAL_RESULT,,confirmed,MANY_PRE_ANNOUNCEMENTS,60,,,
event_classification,,,,LT_2014-06-30,LT,2014-06-30 00:00:00,2014-07-28 15:55:03,28.0,ACTUAL_RESULT,,confirmed,MANY_PRE_ANNOUNCEMENTS,28,,,
event_classification,,,,LT_2014-09-30,LT,2014-09-30 00:00:00,2014-11-07 16:03:04,38.0,ACTUAL_RESULT,,confirmed,MULTIPLE_HUMAN_PRIMARY_RESULTS|MANY_PRE_ANNOUNCEMENTS,38,,,
event_classification,,,,LT_2014-12-31,LT,2014-12-31 00:00:00,2015-02-09 15:03:02,40.0,ACTUAL_RESULT,,confirmed,MULTIPLE_HUMAN_PRIMARY_RESULTS|DUPLICATE_DOCUMENT|MANY_PRE_ANNOUNCEMENTS,40,,,
event_classification,,,,LT_2015-03-31,LT,2015-03-31 00:00:00,2015-05-30 14:35:03,60.0,ACTUAL_RESULT,,confirmed,MULTIPLE_HUMAN_PRIMARY_RESULTS|MANY_PRE_ANNOUNCEMENTS,60,,,
event_classification,,,,LT_2015-06-30,LT,2015-06-30 00:00:00,2015-07-31 15:51:33,31.0,ACTUAL_RESULT,,confirmed,MULTIPLE_HUMAN_PRIMARY_RESULTS|MANY_PRE_ANNOUNCEMENTS,31,,,
event_classification,,,,LT_2015-09-30,LT,2015-09-30 00:00:00,2015-10-30 14:07:11,30.0,ACTUAL_RESULT,,confirmed,MULTIPLE_HUMAN_PRIMARY_RESULTS|MANY_PRE_ANNOUNCEMENTS,30,,,
event_classification,,,,LT_2015-12-31,LT,2015-12-31 00:00:00,2016-01-29 16:42:05,29.0,ACTUAL_RESULT,,confirmed,MULTIPLE_HUMAN_PRIMARY_RESULTS,29,,,
event_classification,,,,LT_2016-03-31,LT,2016-03-31 00:00:00,2016-05-25 16:08:42,55.0,ACTUAL_RESULT,,confirmed,MULTIPLE_HUMAN_PRIMARY_RESULTS|MANY_PRE_ANNOUNCEMENTS,55,,,
event_classification,,,,LT_2016-06-30,LT,2016-06-30 00:00:00,2016-07-29 15:56:52,29.0,ACTUAL_RESULT,,confirmed,MULTIPLE_HUMAN_PRIMARY_RESULTS|MANY_PRE_ANNOUNCEMENTS,29,,,
event_classification,,,,LT_2016-09-30,LT,2016-09-30 00:00:00,2016-11-22 16:15:03,53.0,ACTUAL_RESULT,,confirmed,MULTIPLE_HUMAN_PRIMARY_RESULTS|MANY_PRE_ANNOUNCEMENTS,53,,,
event_classification,,,,LT_2016-12-31,LT,2016-12-31 00:00:00,2017-01-28 14:10:26,28.0,ACTUAL_RESULT,,confirmed,MULTIPLE_HUMAN_PRIMARY_RESULTS|MANY_PRE_ANNOUNCEMENTS,28,,,
event_classification,,,,LT_2017-03-31,LT,2017-03-31 00:00:00,2017-05-29 16:39:00,59.0,ACTUAL_RESULT,,confirmed,MULTIPLE_HUMAN_PRIMARY_RESULTS|MANY_PRE_ANNOUNCEMENTS,59,,,
event_classification,,,,LT_2017-06-30,LT,2017-06-30 00:00:00,2017-07-28 16:26:23,28.0,ACTUAL_RESULT,,confirmed,MULTIPLE_HUMAN_PRIMARY_RESULTS|MANY_PRE_ANNOUNCEMENTS,28,,,
event_classification,,,,LT_2017-09-30,LT,2017-09-30 00:00:00,2017-11-11 16:49:00,42.0,ACTUAL_RESULT,,confirmed,MULTIPLE_HUMAN_PRIMARY_RESULTS,42,,,
event_classification,,,,LT_2017-12-31,LT,2017-12-31 00:00:00,2018-01-31 16:18:30,31.0,ACTUAL_RESULT,,confirmed,MANY_PRE_ANNOUNCEMENTS,31,,,
event_classification,,,,LT_2018-03-31,LT,2018-03-31 00:00:00,2018-05-28 15:52:33,58.0,ACTUAL_RESULT,,confirmed,MULTIPLE_HUMAN_PRIMARY_RESULTS|MANY_PRE_ANNOUNCEMENTS,58,,,
event_classification,,,,LT_2018-06-30,LT,2018-06-30 00:00:00,2018-07-25 15:40:36,25.0,ACTUAL_RESULT,,confirmed,MULTIPLE_HUMAN_PRIMARY_RESULTS|MANY_PRE_ANNOUNCEMENTS,25,,,
event_classification,,,,LT_2018-09-30,LT,2018-09-30 00:00:00,2018-10-31 16:26:44,31.0,ACTUAL_RESULT,,confirmed,MULTIPLE_HUMAN_PRIMARY_RESULTS|MANY_PRE_ANNOUNCEMENTS,31,,,
event_classification,,,,LT_2018-12-31,LT,2018-12-31 00:00:00,2019-01-25 16:15:55,25.0,ACTUAL_RESULT,,confirmed,MULTIPLE_HUMAN_PRIMARY_RESULTS|MANY_PRE_ANNOUNCEMENTS,25,,,
event_classification,,,,LT_2019-03-31,LT,2019-03-31 00:00:00,2019-05-10 16:37:53,40.0,ACTUAL_RESULT,,confirmed,MULTIPLE_HUMAN_PRIMARY_RESULTS|MANY_PRE_ANNOUNCEMENTS,40,,,
event_classification,,,,LT_2019-06-30,LT,2019-06-30 00:00:00,2019-07-23 16:18:48,23.0,ACTUAL_RESULT,,confirmed,MULTIPLE_HUMAN_PRIMARY_RESULTS|MANY_PRE_ANNOUNCEMENTS,23,,,
event_classification,,,,LT_2019-09-30,LT,2019-09-30 00:00:00,2019-10-23 16:27:06,23.0,ACTUAL_RESULT,,confirmed,MULTIPLE_HUMAN_PRIMARY_RESULTS|MANY_PRE_ANNOUNCEMENTS,23,,,
event_classification,,,,LT_2019-12-31,LT,2019-12-31 00:00:00,2020-01-22 17:14:16,22.0,ACTUAL_RESULT,,confirmed,MULTIPLE_HUMAN_PRIMARY_RESULTS,22,,,
event_classification,,,,LT_2020-03-31,LT,2020-03-31 00:00:00,2020-06-05 18:29:30,66.0,ACTUAL_RESULT,,confirmed,MULTIPLE_HUMAN_PRIMARY_RESULTS|MANY_PRE_ANNOUNCEMENTS,66,,,
event_classification,,,,LT_2020-06-30,LT,2020-06-30 00:00:00,2020-07-22 16:58:17,22.0,ACTUAL_RESULT,,confirmed,MULTIPLE_HUMAN_PRIMARY_RESULTS|MANY_PRE_ANNOUNCEMENTS,22,,,
event_classification,,,,LT_2020-09-30,LT,2020-09-30 00:00:00,2020-10-28 17:41:52,28.0,ACTUAL_RESULT,,confirmed,MULTIPLE_HUMAN_PRIMARY_RESULTS|MANY_PRE_ANNOUNCEMENTS,28,,,
event_classification,,,,LT_2020-12-31,LT,2020-12-31 00:00:00,2021-01-25 17:09:04,25.0,ACTUAL_RESULT,,confirmed,MULTIPLE_HUMAN_PRIMARY_RESULTS|MANY_PRE_ANNOUNCEMENTS,25,,,
event_classification,,,,LT_2021-03-31,LT,2021-03-31 00:00:00,2021-05-14 17:43:52,44.0,ACTUAL_RESULT,,confirmed,MULTIPLE_HUMAN_PRIMARY_RESULTS|MANY_PRE_ANNOUNCEMENTS,44,,,
event_classification,,,,LT_2021-06-30,LT,2021-06-30 00:00:00,2021-07-26 17:28:36,26.0,ACTUAL_RESULT,,confirmed,MULTIPLE_HUMAN_PRIMARY_RESULTS|MANY_PRE_ANNOUNCEMENTS,26,,,
event_classification,,,,LT_2021-09-30,LT,2021-09-30 00:00:00,2021-10-27 17:22:22,27.0,ACTUAL_RESULT,,confirmed,MULTIPLE_HUMAN_PRIMARY_RESULTS|MANY_PRE_ANNOUNCEMENTS,27,,,
event_classification,,,,LT_2021-12-31,LT,2021-12-31 00:00:00,2022-01-28 16:26:37,28.0,ACTUAL_RESULT,,confirmed,MULTIPLE_HUMAN_PRIMARY_RESULTS|MANY_PRE_ANNOUNCEMENTS,28,,,
event_classification,,,,LT_2022-03-31,LT,2022-03-31 00:00:00,2022-05-12 16:46:26,42.0,ACTUAL_RESULT,,confirmed,MULTIPLE_HUMAN_PRIMARY_RESULTS|UNCLASSIFIED_DOCUMENT|MANY_PRE_ANNOUNCEMENTS,42,,,
event_classification,,,,LT_2022-06-30,LT,2022-06-30 00:00:00,2022-07-26 17:23:36,26.0,ACTUAL_RESULT,,confirmed,MULTIPLE_HUMAN_PRIMARY_RESULTS|MANY_PRE_ANNOUNCEMENTS,26,,,
event_classification,,,,LT_2022-09-30,LT,2022-09-30 00:00:00,2022-10-31 16:43:04,31.0,ACTUAL_RESULT,,confirmed,OK,31,,,
event_classification,,,,LT_2022-12-31,LT,2022-12-31 00:00:00,2023-01-30 16:04:34,30.0,ACTUAL_RESULT,,confirmed,OK,30,,,
event_classification,,,,LT_2023-03-31,LT,2023-03-31 00:00:00,2023-05-10 17:08:26,40.0,ACTUAL_RESULT,,confirmed,MANY_PRE_ANNOUNCEMENTS,40,,,
event_classification,,,,LT_2023-06-30,LT,2023-06-30 00:00:00,2023-07-25 16:44:09,25.0,ACTUAL_RESULT,,confirmed,MANY_PRE_ANNOUNCEMENTS,25,,,
event_classification,,,,LT_2023-09-30,LT,2023-09-30 00:00:00,2023-10-31 18:30:33,31.0,ACTUAL_RESULT,,confirmed,UNCLASSIFIED_DOCUMENT|MANY_PRE_ANNOUNCEMENTS,31,,,
event_classification,,,,LT_2023-12-31,LT,2023-12-31 00:00:00,2024-01-30 17:59:55,30.0,ACTUAL_RESULT,,confirmed,MANY_PRE_ANNOUNCEMENTS,30,,,
event_classification,,,,LT_2024-03-31,LT,2024-03-31 00:00:00,2024-05-08 17:11:39,38.0,ACTUAL_RESULT,,confirmed,UNCLASSIFIED_DOCUMENT|MANY_PRE_ANNOUNCEMENTS,38,,,
event_classification,,,,LT_2024-06-30,LT,2024-06-30 00:00:00,2024-07-24 17:10:01,24.0,ACTUAL_RESULT,,confirmed,OK,24,,,
event_classification,,,,LT_2024-09-30,LT,2024-09-30 00:00:00,2024-10-30 17:44:38,30.0,ACTUAL_RESULT,,confirmed,MANY_PRE_ANNOUNCEMENTS,30,,,
event_classification,,,,LT_2024-12-31,LT,2024-12-31 00:00:00,2025-01-30 16:27:35,30.0,ACTUAL_RESULT,,confirmed,OK,30,,,
event_classification,,,,LT_2025-03-31,LT,2025-03-31 00:00:00,NaT,,UNCERTAIN,,no_primary_result,MISSING_RESULT|MANY_PRE_ANNOUNCEMENTS,,,,
event_classification,,,,LT_2025-06-30,LT,2025-06-30 00:00:00,2025-07-29 17:15:41,29.0,ACTUAL_RESULT,,confirmed,MANY_PRE_ANNOUNCEMENTS,29,,,
event_classification,,,,LT_2025-09-30,LT,2025-09-30 00:00:00,2025-10-29 17:12:35,29.0,ACTUAL_RESULT,,confirmed,MANY_PRE_ANNOUNCEMENTS,29,,,
event_classification,,,,LT_2025-12-31,LT,2025-12-31 00:00:00,2026-01-28 17:35:10,28.0,ACTUAL_RESULT,,confirmed,OK,28,,,
event_classification,,,,LT_2026-03-31,LT,2026-03-31 00:00:00,NaT,,UNCERTAIN,,no_primary_result,MISSING_RESULT,,,,
event_classification,,,,LT_2026-06-30,LT,2026-06-30 00:00:00,2026-07-28 17:18:41,28.0,ACTUAL_RESULT,,confirmed,MANY_PRE_ANNOUNCEMENTS,28,,,
event_classification,,,,LT_2026-09-30,LT,2026-09-30 00:00:00,NaT,,UNCERTAIN,,no_primary_result,MISSING_RESULT,,,,
event_classification,,,,M&M_2004-12-31,M&M,2004-12-31 00:00:00,NaT,,UNCERTAIN,,no_primary_result,MISSING_RESULT,,,,
event_classification,,,,M&M_2005-03-31,M&M,2005-03-31 00:00:00,NaT,,UNCERTAIN,,no_primary_result,MISSING_RESULT|DUPLICATE_DOCUMENT,,,,
event_classification,,,,M&M_2005-06-30,M&M,2005-06-30 00:00:00,NaT,,UNCERTAIN,,no_primary_result,MISSING_RESULT|DUPLICATE_DOCUMENT,,,,
event_classification,,,,M&M_2005-09-30,M&M,2005-09-30 00:00:00,NaT,,UNCERTAIN,,no_primary_result,MISSING_RESULT|DUPLICATE_DOCUMENT,,,,
event_classification,,,,M&M_2005-12-31,M&M,2005-12-31 00:00:00,NaT,,UNCERTAIN,,no_primary_result,MISSING_RESULT|DUPLICATE_DOCUMENT,,,,
event_classification,,,,M&M_2006-03-31,M&M,2006-03-31 00:00:00,NaT,,UNCERTAIN,,no_primary_result,MISSING_RESULT|DUPLICATE_DOCUMENT|MANY_PRE_ANNOUNCEMENTS,,,,
event_classification,,,,M&M_2006-06-30,M&M,2006-06-30 00:00:00,NaT,,UNCERTAIN,,no_primary_result,MISSING_RESULT,,,,
event_classification,,,,M&M_2006-09-30,M&M,2006-09-30 00:00:00,NaT,,UNCERTAIN,,no_primary_result,MISSING_RESULT|DUPLICATE_DOCUMENT,,,,
event_classification,,,,M&M_2006-12-31,M&M,2006-12-31 00:00:00,NaT,,UNCERTAIN,,no_primary_result,MISSING_RESULT|DUPLICATE_DOCUMENT,,,,
event_classification,,,,M&M_2007-03-31,M&M,2007-03-31 00:00:00,NaT,,UNCERTAIN,,no_primary_result,MISSING_RESULT|DUPLICATE_DOCUMENT|UNCLASSIFIED_DOCUMENT|MANY_PRE_ANNOUNCEMENTS,,,,
event_classification,,,,M&M_2007-06-30,M&M,2007-06-30 00:00:00,2007-07-30 12:04:00,30.0,ACTUAL_RESULT,,confirmed,DUPLICATE_DOCUMENT,30,,,
event_classification,,,,M&M_2007-09-30,M&M,2007-09-30 00:00:00,2007-10-29 13:22:00,29.0,ACTUAL_RESULT,,confirmed,DUPLICATE_DOCUMENT,29,,,
event_classification,,,,M&M_2007-12-31,M&M,2007-12-31 00:00:00,2008-01-30 13:55:00,30.0,ACTUAL_RESULT,,confirmed,DUPLICATE_DOCUMENT,30,,,
event_classification,,,,M&M_2008-03-31,M&M,2008-03-31 00:00:00,2008-05-28 14:06:00,58.0,ACTUAL_RESULT,,confirmed,MULTIPLE_HUMAN_PRIMARY_RESULTS|DUPLICATE_DOCUMENT|UNCLASSIFIED_DOCUMENT|MANY_PRE_ANNOUNCEMENTS,58,,,
event_classification,,,,M&M_2008-06-30,M&M,2008-06-30 00:00:00,2008-07-30 13:37:00,30.0,ACTUAL_RESULT,,confirmed,DUPLICATE_DOCUMENT,30,,,
event_classification,,,,M&M_2008-09-30,M&M,2008-09-30 00:00:00,2008-10-29 14:02:00,29.0,ACTUAL_RESULT,,confirmed,DUPLICATE_DOCUMENT,29,,,
event_classification,,,,M&M_2008-12-31,M&M,2008-12-31 00:00:00,2009-01-31 14:17:00,31.0,ACTUAL_RESULT,,confirmed,DUPLICATE_DOCUMENT,31,,,
event_classification,,,,M&M_2009-03-31,M&M,2009-03-31 00:00:00,2009-05-28 12:59:00,58.0,ACTUAL_RESULT,,confirmed,MULTIPLE_HUMAN_PRIMARY_RESULTS|DUPLICATE_DOCUMENT|UNCLASSIFIED_DOCUMENT,58,,,
event_classification,,,,M&M_2009-06-30,M&M,2009-06-30 00:00:00,2009-07-30 13:48:00,30.0,ACTUAL_RESULT,,confirmed,DUPLICATE_DOCUMENT,30,,,
event_classification,,,,M&M_2009-09-30,M&M,2009-09-30 00:00:00,2009-10-29 14:23:00,29.0,ACTUAL_RESULT,,confirmed,DUPLICATE_DOCUMENT,29,,,
event_classification,,,,M&M_2009-12-31,M&M,2009-12-31 00:00:00,2010-01-25 14:22:00,25.0,ACTUAL_RESULT,,confirmed,DUPLICATE_DOCUMENT|MANY_PRE_ANNOUNCEMENTS,25,,,
event_classification,,,,M&M_2010-03-31,M&M,2010-03-31 00:00:00,2010-05-29 14:54:00,59.0,ACTUAL_RESULT,,confirmed,MULTIPLE_HUMAN_PRIMARY_RESULTS|DUPLICATE_DOCUMENT|UNCLASSIFIED_DOCUMENT,59,,,
event_classification,,,,M&M_2010-06-30,M&M,2010-06-30 00:00:00,2010-07-28 13:20:00,28.0,ACTUAL_RESULT,,confirmed,DUPLICATE_DOCUMENT,28,,,
event_classification,,,,M&M_2010-09-30,M&M,2010-09-30 00:00:00,2010-10-29 13:39:00,29.0,ACTUAL_RESULT,,confirmed,MULTIPLE_HUMAN_PRIMARY_RESULTS,29,,,
event_classification,,,,M&M_2010-12-31,M&M,2010-12-31 00:00:00,2011-02-09 13:09:00,40.0,ACTUAL_RESULT,,confirmed,MULTIPLE_HUMAN_PRIMARY_RESULTS,40,,,
event_classification,,,,M&M_2011-03-31,M&M,2011-03-31 00:00:00,2011-05-30 14:03:00,60.0,ACTUAL_RESULT,,confirmed,MULTIPLE_HUMAN_PRIMARY_RESULTS|DUPLICATE_DOCUMENT|UNCLASSIFIED_DOCUMENT|MANY_PRE_ANNOUNCEMENTS,60,,,
event_classification,,,,M&M_2011-06-30,M&M,2011-06-30 00:00:00,2011-08-08 13:18:00,39.0,ACTUAL_RESULT,,confirmed,MULTIPLE_HUMAN_PRIMARY_RESULTS,39,,,
event_classification,,,,M&M_2011-09-30,M&M,2011-09-30 00:00:00,2011-11-14 14:20:00,45.0,ACTUAL_RESULT,,confirmed,MULTIPLE_HUMAN_PRIMARY_RESULTS|DUPLICATE_DOCUMENT,45,,,
event_classification,,,,M&M_2011-12-31,M&M,2011-12-31 00:00:00,2012-02-07 13:44:00,38.0,ACTUAL_RESULT,,confirmed,MULTIPLE_HUMAN_PRIMARY_RESULTS,38,,,
event_classification,,,,M&M_2012-03-31,M&M,2012-03-31 00:00:00,2012-05-30 14:06:00,60.0,ACTUAL_RESULT,,confirmed,MULTIPLE_HUMAN_PRIMARY_RESULTS|DUPLICATE_DOCUMENT,60,,,
event_classification,,,,M&M_2012-06-30,M&M,2012-06-30 00:00:00,2012-08-08 14:06:40,39.0,ACTUAL_RESULT,,confirmed,OK,39,,,
event_classification,,,,M&M_2012-09-30,M&M,2012-09-30 00:00:00,2012-10-25 14:30:00,25.0,ACTUAL_RESULT,,confirmed,MULTIPLE_HUMAN_PRIMARY_RESULTS,25,,,
event_classification,,,,M&M_2012-12-31,M&M,2012-12-31 00:00:00,2013-02-08 14:19:00,39.0,ACTUAL_RESULT,,confirmed,MULTIPLE_HUMAN_PRIMARY_RESULTS,39,,,
event_classification,,,,M&M_2013-03-31,M&M,2013-03-31 00:00:00,2013-05-30 14:56:48,60.0,ACTUAL_RESULT,,confirmed,MANY_PRE_ANNOUNCEMENTS,60,,,
event_classification,,,,M&M_2013-06-30,M&M,2013-06-30 00:00:00,2013-08-13 14:49:27,44.0,ACTUAL_RESULT,,confirmed,DUPLICATE_DOCUMENT|MANY_PRE_ANNOUNCEMENTS,44,,,
event_classification,,,,M&M_2013-09-30,M&M,2013-09-30 00:00:00,2013-11-13 14:07:01,44.0,ACTUAL_RESULT,,confirmed,MANY_PRE_ANNOUNCEMENTS,44,,,
event_classification,,,,M&M_2013-12-31,M&M,2013-12-31 00:00:00,2014-02-14 13:55:02,45.0,ACTUAL_RESULT,,confirmed,MANY_PRE_ANNOUNCEMENTS,45,,,
event_classification,,,,M&M_2014-03-31,M&M,2014-03-31 00:00:00,2014-05-30 13:43:02,60.0,ACTUAL_RESULT,,confirmed,OK,60,,,
event_classification,,,,M&M_2014-06-30,M&M,2014-06-30 00:00:00,2014-08-08 13:43:02,39.0,ACTUAL_RESULT,,confirmed,OK,39,,,
event_classification,,,,M&M_2014-09-30,M&M,2014-09-30 00:00:00,2014-10-31 13:27:03,31.0,ACTUAL_RESULT,,confirmed,OK,31,,,
event_classification,,,,M&M_2014-12-31,M&M,2014-12-31 00:00:00,2015-02-13 14:11:02,44.0,ACTUAL_RESULT,,confirmed,OK,44,,,
event_classification,,,,M&M_2015-03-31,M&M,2015-03-31 00:00:00,2015-05-29 14:03:03,59.0,ACTUAL_RESULT,,confirmed,OK,59,,,
event_classification,,,,M&M_2015-06-30,M&M,2015-06-30 00:00:00,2015-08-07 13:11:55,38.0,ACTUAL_RESULT,,confirmed,MANY_PRE_ANNOUNCEMENTS,38,,,
event_classification,,,,M&M_2015-09-30,M&M,2015-09-30 00:00:00,2015-11-06 13:50:12,37.0,ACTUAL_RESULT,,confirmed,MANY_PRE_ANNOUNCEMENTS,37,,,
event_classification,,,,M&M_2015-12-31,M&M,2015-12-31 00:00:00,2016-02-12 12:15:08,43.0,ACTUAL_RESULT,,confirmed,MANY_PRE_ANNOUNCEMENTS,43,,,
event_classification,,,,M&M_2016-03-31,M&M,2016-03-31 00:00:00,2016-05-30 14:08:53,60.0,ACTUAL_RESULT,,confirmed,MANY_PRE_ANNOUNCEMENTS,60,,,
event_classification,,,,M&M_2016-06-30,M&M,2016-06-30 00:00:00,2016-08-10 13:36:57,41.0,ACTUAL_RESULT,,confirmed,MANY_PRE_ANNOUNCEMENTS,41,,,
event_classification,,,,M&M_2016-09-30,M&M,2016-09-30 00:00:00,2016-11-11 13:39:34,42.0,ACTUAL_RESULT,,confirmed,MANY_PRE_ANNOUNCEMENTS,42,,,
event_classification,,,,M&M_2016-12-31,M&M,2016-12-31 00:00:00,2017-02-10 14:05:18,41.0,ACTUAL_RESULT,,confirmed,MANY_PRE_ANNOUNCEMENTS,41,,,
event_classification,,,,M&M_2017-03-31,M&M,2017-03-31 00:00:00,2017-05-30 14:28:09,60.0,ACTUAL_RESULT,,confirmed,OK,60,,,
event_classification,,,,M&M_2017-06-30,M&M,2017-06-30 00:00:00,2017-08-04 13:30:01,35.0,ACTUAL_RESULT,,confirmed,OK,35,,,
event_classification,,,,M&M_2017-09-30,M&M,2017-09-30 00:00:00,2017-11-10 14:14:24,41.0,ACTUAL_RESULT,,confirmed,MANY_PRE_ANNOUNCEMENTS,41,,,
event_classification,,,,M&M_2017-12-31,M&M,2017-12-31 00:00:00,2018-02-09 17:26:05,40.0,ACTUAL_RESULT,,confirmed,OK,40,,,
event_classification,,,,M&M_2018-03-31,M&M,2018-03-31 00:00:00,2018-05-29 13:40:15,59.0,ACTUAL_RESULT,,confirmed,MANY_PRE_ANNOUNCEMENTS,59,,,
event_classification,,,,M&M_2018-06-30,M&M,2018-06-30 00:00:00,2018-08-07 13:03:44,38.0,ACTUAL_RESULT,,confirmed,MANY_PRE_ANNOUNCEMENTS,38,,,
event_classification,,,,M&M_2018-09-30,M&M,2018-09-30 00:00:00,2018-11-14 13:59:06,45.0,ACTUAL_RESULT,,confirmed,MANY_PRE_ANNOUNCEMENTS,45,,,
event_classification,,,,M&M_2018-12-31,M&M,2018-12-31 00:00:00,2019-02-08 13:40:58,39.0,ACTUAL_RESULT,,confirmed,MANY_PRE_ANNOUNCEMENTS,39,,,
event_classification,,,,M&M_2019-03-31,M&M,2019-03-31 00:00:00,2019-05-29 13:53:54,59.0,ACTUAL_RESULT,,confirmed,OK,59,,,
event_classification,,,,M&M_2019-06-30,M&M,2019-06-30 00:00:00,2019-08-07 12:54:52,38.0,ACTUAL_RESULT,,confirmed,MANY_PRE_ANNOUNCEMENTS,38,,,
event_classification,,,,M&M_2019-09-30,M&M,2019-09-30 00:00:00,2019-11-08 14:06:47,39.0,ACTUAL_RESULT,,confirmed,OK,39,,,
event_classification,,,,M&M_2019-12-31,M&M,2019-12-31 00:00:00,2020-02-08 14:42:58,39.0,ACTUAL_RESULT,,confirmed,OK,39,,,
event_classification,,,,M&M_2020-03-31,M&M,2020-03-31 00:00:00,2020-06-12 13:38:02,73.0,ACTUAL_RESULT,,confirmed,OK,73,,,
event_classification,,,,M&M_2020-06-30,M&M,2020-06-30 00:00:00,2020-08-07 13:03:41,38.0,ACTUAL_RESULT,,confirmed,OK,38,,,
event_classification,,,,M&M_2020-09-30,M&M,2020-09-30 00:00:00,2020-11-10 13:04:39,41.0,ACTUAL_RESULT,,confirmed,OK,41,,,
event_classification,,,,M&M_2020-12-31,M&M,2020-12-31 00:00:00,2021-02-05 13:05:59,36.0,ACTUAL_RESULT,,confirmed,MANY_PRE_ANNOUNCEMENTS,36,,,
event_classification,,,,M&M_2021-03-31,M&M,2021-03-31 00:00:00,2021-05-28 14:15:31,58.0,ACTUAL_RESULT,,confirmed,MANY_PRE_ANNOUNCEMENTS,58,,,
event_classification,,,,M&M_2021-06-30,M&M,2021-06-30 00:00:00,2021-08-06 11:58:28,37.0,ACTUAL_RESULT,,confirmed,OK,37,,,
event_classification,,,,M&M_2021-09-30,M&M,2021-09-30 00:00:00,2021-11-09 13:21:04,40.0,ACTUAL_RESULT,,confirmed,OK,40,,,
event_classification,,,,M&M_2021-12-31,M&M,2021-12-31 00:00:00,2022-02-10 12:34:55,41.0,ACTUAL_RESULT,,confirmed,MANY_PRE_ANNOUNCEMENTS,41,,,
event_classification,,,,M&M_2022-03-31,M&M,2022-03-31 00:00:00,2022-05-28 11:31:24,58.0,ACTUAL_RESULT,,confirmed,OK,58,,,
event_classification,,,,M&M_2022-06-30,M&M,2022-06-30 00:00:00,NaT,,UNCERTAIN,,no_primary_result,MISSING_RESULT|MANY_PRE_ANNOUNCEMENTS,,,,
event_classification,,,,M&M_2022-09-30,M&M,2022-09-30 00:00:00,NaT,,UNCERTAIN,,no_primary_result,MISSING_RESULT|MANY_PRE_ANNOUNCEMENTS,,,,
event_classification,,,,M&M_2022-12-31,M&M,2022-12-31 00:00:00,2023-02-10 12:54:01,41.0,ACTUAL_RESULT,,confirmed,MANY_PRE_ANNOUNCEMENTS,41,,,
event_classification,,,,M&M_2023-03-31,M&M,2023-03-31 00:00:00,2023-05-26 13:59:59,56.0,ACTUAL_RESULT,,confirmed,OK,56,,,
event_classification,,,,M&M_2023-06-30,M&M,2023-06-30 00:00:00,2023-08-04 13:05:16,35.0,ACTUAL_RESULT,,confirmed,MANY_PRE_ANNOUNCEMENTS,35,,,
event_classification,,,,M&M_2023-09-30,M&M,2023-09-30 00:00:00,2023-11-10 12:31:54,41.0,ACTUAL_RESULT,,confirmed,OK,41,,,
event_classification,,,,M&M_2023-12-31,M&M,2023-12-31 00:00:00,2024-02-14 13:41:25,45.0,ACTUAL_RESULT,,confirmed,OK,45,,,
event_classification,,,,M&M_2024-03-31,M&M,2024-03-31 00:00:00,2024-05-16 13:57:29,46.0,ACTUAL_RESULT,,confirmed,OK,46,,,
event_classification,,,,M&M_2024-06-30,M&M,2024-06-30 00:00:00,2024-07-31 13:04:01,31.0,ACTUAL_RESULT,,confirmed,OK,31,,,
event_classification,,,,M&M_2024-09-30,M&M,2024-09-30 00:00:00,2024-11-07 12:04:14,38.0,ACTUAL_RESULT,,confirmed,MANY_PRE_ANNOUNCEMENTS,38,,,
event_classification,,,,M&M_2024-12-31,M&M,2024-12-31 00:00:00,2025-02-07 13:27:40,38.0,ACTUAL_RESULT,,confirmed,OK,38,,,
event_classification,,,,M&M_2025-03-31,M&M,2025-03-31 00:00:00,NaT,,UNCERTAIN,,no_primary_result,MISSING_RESULT,,,,
event_classification,,,,M&M_2025-06-30,M&M,2025-06-30 00:00:00,2025-07-30 17:04:32,30.0,ACTUAL_RESULT,,confirmed,MANY_PRE_ANNOUNCEMENTS,30,,,
event_classification,,,,M&M_2025-09-30,M&M,2025-09-30 00:00:00,2025-11-04 13:25:32,35.0,ACTUAL_RESULT,,confirmed,MANY_PRE_ANNOUNCEMENTS,35,,,
event_classification,,,,M&M_2025-12-31,M&M,2025-12-31 00:00:00,2026-02-11 11:51:42,42.0,ACTUAL_RESULT,,confirmed,MANY_PRE_ANNOUNCEMENTS,42,,,
event_classification,,,,M&M_2026-03-31,M&M,2026-03-31 00:00:00,2026-05-05 12:22:12,35.0,ACTUAL_RESULT,,confirmed,OK,35,,,
event_classification,,,,M&M_2026-06-30,M&M,2026-06-30 00:00:00,2026-07-30 12:58:45,30.0,ACTUAL_RESULT,,confirmed,OK,30,,,
event_classification,,,,M&M_2026-09-30,M&M,2026-09-30 00:00:00,NaT,,UNCERTAIN,,no_primary_result,MISSING_RESULT,,,,
event_classification,,,,MARUTI_2004-09-30,MARUTI,2004-09-30 00:00:00,NaT,,UNCERTAIN,,no_primary_result,MISSING_RESULT,,,,
event_classification,,,,MARUTI_2004-12-31,MARUTI,2004-12-31 00:00:00,NaT,,UNCERTAIN,,no_primary_result,MISSING_RESULT|DUPLICATE_DOCUMENT,,,,
event_classification,,,,MARUTI_2005-03-31,MARUTI,2005-03-31 00:00:00,NaT,,UNCERTAIN,,no_primary_result,MISSING_RESULT|DUPLICATE_DOCUMENT|MANY_PRE_ANNOUNCEMENTS,,,,
event_classification,,,,MARUTI_2005-06-30,MARUTI,2005-06-30 00:00:00,NaT,,UNCERTAIN,,no_primary_result,MISSING_RESULT|DUPLICATE_DOCUMENT|MANY_PRE_ANNOUNCEMENTS,,,,
event_classification,,,,MARUTI_2005-09-30,MARUTI,2005-09-30 00:00:00,NaT,,UNCERTAIN,,no_primary_result,MISSING_RESULT|DUPLICATE_DOCUMENT,,,,
event_classification,,,,MARUTI_2005-12-31,MARUTI,2005-12-31 00:00:00,NaT,,UNCERTAIN,,no_primary_result,MISSING_RESULT|DUPLICATE_DOCUMENT,,,,
event_classification,,,,MARUTI_2006-03-31,MARUTI,2006-03-31 00:00:00,NaT,,UNCERTAIN,,no_primary_result,MISSING_RESULT|DUPLICATE_DOCUMENT,,,,
event_classification,,,,MARUTI_2006-06-30,MARUTI,2006-06-30 00:00:00,NaT,,UNCERTAIN,,no_primary_result,MISSING_RESULT|DUPLICATE_DOCUMENT,,,,
event_classification,,,,MARUTI_2006-09-30,MARUTI,2006-09-30 00:00:00,NaT,,UNCERTAIN,,no_primary_result,MISSING_RESULT|DUPLICATE_DOCUMENT|MANY_PRE_ANNOUNCEMENTS,,,,
event_classification,,,,MARUTI_2006-12-31,MARUTI,2006-12-31 00:00:00,NaT,,UNCERTAIN,,no_primary_result,MISSING_RESULT|DUPLICATE_DOCUMENT,,,,
event_classification,,,,MARUTI_2007-03-31,MARUTI,2007-03-31 00:00:00,NaT,,UNCERTAIN,,no_primary_result,MISSING_RESULT|DUPLICATE_DOCUMENT|MANY_PRE_ANNOUNCEMENTS,,,,
event_classification,,,,MARUTI_2007-06-30,MARUTI,2007-06-30 00:00:00,2007-07-26 13:18:00,26.0,ACTUAL_RESULT,,confirmed,DUPLICATE_DOCUMENT,26,,,
event_classification,,,,MARUTI_2007-09-30,MARUTI,2007-09-30 00:00:00,2007-10-29 12:44:00,29.0,ACTUAL_RESULT,,confirmed,DUPLICATE_DOCUMENT|MANY_PRE_ANNOUNCEMENTS,29,,,
event_classification,,,,MARUTI_2007-12-31,MARUTI,2007-12-31 00:00:00,2008-01-29 13:10:00,29.0,ACTUAL_RESULT,,confirmed,DUPLICATE_DOCUMENT,29,,,
event_classification,,,,MARUTI_2008-03-31,MARUTI,2008-03-31 00:00:00,2008-04-24 11:50:00,24.0,ACTUAL_RESULT,,confirmed,MULTIPLE_HUMAN_PRIMARY_RESULTS|DUPLICATE_DOCUMENT,24,,,
event_classification,,,,MARUTI_2008-06-30,MARUTI,2008-06-30 00:00:00,2008-07-21 16:52:00,21.0,ACTUAL_RESULT,,confirmed,DUPLICATE_DOCUMENT,21,,,
event_classification,,,,MARUTI_2008-09-30,MARUTI,2008-09-30 00:00:00,2008-10-24 12:42:00,24.0,ACTUAL_RESULT,,confirmed,DUPLICATE_DOCUMENT,24,,,
event_classification,,,,MARUTI_2008-12-31,MARUTI,2008-12-31 00:00:00,2009-01-29 13:06:00,29.0,ACTUAL_RESULT,,confirmed,DUPLICATE_DOCUMENT,29,,,
event_classification,,,,MARUTI_2009-03-31,MARUTI,2009-03-31 00:00:00,2009-04-24 14:33:00,24.0,ACTUAL_RESULT,,confirmed,MULTIPLE_HUMAN_PRIMARY_RESULTS|DUPLICATE_DOCUMENT,24,,,
event_classification,,,,MARUTI_2009-06-30,MARUTI,2009-06-30 00:00:00,2009-07-23 12:28:00,23.0,ACTUAL_RESULT,,confirmed,DUPLICATE_DOCUMENT,23,,,
event_classification,,,,MARUTI_2009-09-30,MARUTI,2009-09-30 00:00:00,2009-10-24 13:49:00,24.0,ACTUAL_RESULT,,confirmed,DUPLICATE_DOCUMENT|MANY_PRE_ANNOUNCEMENTS,24,,,
event_classification,,,,MARUTI_2009-12-31,MARUTI,2009-12-31 00:00:00,2010-01-23 13:03:00,23.0,ACTUAL_RESULT,,confirmed,DUPLICATE_DOCUMENT,23,,,
event_classification,,,,MARUTI_2010-03-31,MARUTI,2010-03-31 00:00:00,2010-04-26 13:52:00,26.0,ACTUAL_RESULT,,confirmed,MULTIPLE_HUMAN_PRIMARY_RESULTS|DUPLICATE_DOCUMENT|MANY_PRE_ANNOUNCEMENTS,26,,,
event_classification,,,,MARUTI_2010-06-30,MARUTI,2010-06-30 00:00:00,2010-07-26 08:24:00,26.0,ACTUAL_RESULT,,confirmed,DUPLICATE_DOCUMENT,26,,,
event_classification,,,,MARUTI_2010-09-30,MARUTI,2010-09-30 00:00:00,2010-10-30 13:41:00,30.0,ACTUAL_RESULT,,confirmed,MULTIPLE_HUMAN_PRIMARY_RESULTS|MANY_PRE_ANNOUNCEMENTS,30,,,
event_classification,,,,MARUTI_2010-12-31,MARUTI,2010-12-31 00:00:00,2011-01-29 13:00:00,29.0,ACTUAL_RESULT,,confirmed,MULTIPLE_HUMAN_PRIMARY_RESULTS,29,,,
event_classification,,,,MARUTI_2011-03-31,MARUTI,2011-03-31 00:00:00,2011-04-25 14:40:00,25.0,ACTUAL_RESULT,,confirmed,MULTIPLE_HUMAN_PRIMARY_RESULTS|DUPLICATE_DOCUMENT,25,,,
event_classification,,,,MARUTI_2011-06-30,MARUTI,2011-06-30 00:00:00,2011-07-26 12:44:00,26.0,ACTUAL_RESULT,,confirmed,MULTIPLE_HUMAN_PRIMARY_RESULTS,26,,,
event_classification,,,,MARUTI_2011-09-30,MARUTI,2011-09-30 00:00:00,2011-10-29 14:56:00,29.0,ACTUAL_RESULT,,confirmed,MULTIPLE_HUMAN_PRIMARY_RESULTS,29,,,
event_classification,,,,MARUTI_2011-12-31,MARUTI,2011-12-31 00:00:00,2012-01-23 14:07:49,23.0,ACTUAL_RESULT,,confirmed,OK,23,,,
event_classification,,,,MARUTI_2012-03-31,MARUTI,2012-03-31 00:00:00,2012-04-30 09:54:45,30.0,ACTUAL_RESULT,,confirmed,OK,30,,,
event_classification,,,,MARUTI_2012-06-30,MARUTI,2012-06-30 00:00:00,2012-07-28 14:41:48,28.0,ACTUAL_RESULT,,confirmed,MANY_PRE_ANNOUNCEMENTS,28,,,
event_classification,,,,MARUTI_2012-09-30,MARUTI,2012-09-30 00:00:00,2012-10-30 15:19:20,30.0,ACTUAL_RESULT,,confirmed,OK,30,,,
event_classification,,,,MARUTI_2012-12-31,MARUTI,2012-12-31 00:00:00,2013-01-25 14:39:19,25.0,ACTUAL_RESULT,,confirmed,OK,25,,,
event_classification,,,,MARUTI_2013-03-31,MARUTI,2013-03-31 00:00:00,2013-04-26 13:26:00,26.0,ACTUAL_RESULT,,confirmed,MULTIPLE_HUMAN_PRIMARY_RESULTS|DUPLICATE_DOCUMENT,26,,,
event_classification,,,,MARUTI_2013-06-30,MARUTI,2013-06-30 00:00:00,2013-07-25 14:56:00,25.0,ACTUAL_RESULT,,confirmed,MULTIPLE_HUMAN_PRIMARY_RESULTS,25,,,
event_classification,,,,MARUTI_2013-09-30,MARUTI,2013-09-30 00:00:00,2013-10-28 16:43:03,28.0,ACTUAL_RESULT,,confirmed,MANY_PRE_ANNOUNCEMENTS,28,,,
event_classification,,,,MARUTI_2013-12-31,MARUTI,2013-12-31 00:00:00,2014-01-28 14:11:02,28.0,ACTUAL_RESULT,,confirmed,OK,28,,,
event_classification,,,,MARUTI_2014-03-31,MARUTI,2014-03-31 00:00:00,2014-04-25 13:11:03,25.0,ACTUAL_RESULT,,confirmed,MULTIPLE_HUMAN_PRIMARY_RESULTS|DUPLICATE_DOCUMENT,25,,,
event_classification,,,,MARUTI_2014-06-30,MARUTI,2014-06-30 00:00:00,2014-07-31 13:55:02,31.0,ACTUAL_RESULT,,confirmed,OK,31,,,
event_classification,,,,MARUTI_2014-09-30,MARUTI,2014-09-30 00:00:00,2014-10-30 13:31:04,30.0,ACTUAL_RESULT,,confirmed,MANY_PRE_ANNOUNCEMENTS,30,,,
event_classification,,,,MARUTI_2014-12-31,MARUTI,2014-12-31 00:00:00,2015-01-27 13:27:03,27.0,ACTUAL_RESULT,,confirmed,MANY_PRE_ANNOUNCEMENTS,27,,,
event_classification,,,,MARUTI_2015-03-31,MARUTI,2015-03-31 00:00:00,2015-04-27 13:43:02,27.0,ACTUAL_RESULT,,confirmed,OK,27,,,
event_classification,,,,MARUTI_2015-06-30,MARUTI,2015-06-30 00:00:00,2015-07-28 12:46:06,28.0,ACTUAL_RESULT,,confirmed,MANY_PRE_ANNOUNCEMENTS,28,,,
event_classification,,,,MARUTI_2015-09-30,MARUTI,2015-09-30 00:00:00,2015-10-27 14:23:56,27.0,ACTUAL_RESULT,,confirmed,MANY_PRE_ANNOUNCEMENTS,27,,,
event_classification,,,,MARUTI_2015-12-31,MARUTI,2015-12-31 00:00:00,2016-01-28 17:09:02,28.0,ACTUAL_RESULT,,confirmed,MANY_PRE_ANNOUNCEMENTS,28,,,
event_classification,,,,MARUTI_2016-03-31,MARUTI,2016-03-31 00:00:00,2016-04-26 12:48:50,26.0,ACTUAL_RESULT,,confirmed,UNCLASSIFIED_DOCUMENT|MANY_PRE_ANNOUNCEMENTS,26,,,
event_classification,,,,MARUTI_2016-06-30,MARUTI,2016-06-30 00:00:00,2016-07-26 14:16:07,26.0,ACTUAL_RESULT,,confirmed,UNCLASSIFIED_DOCUMENT|MANY_PRE_ANNOUNCEMENTS,26,,,
event_classification,,,,MARUTI_2016-09-30,MARUTI,2016-09-30 00:00:00,2016-10-27 13:04:35,27.0,ACTUAL_RESULT,,confirmed,MANY_PRE_ANNOUNCEMENTS,27,,,
event_classification,,,,MARUTI_2016-12-31,MARUTI,2016-12-31 00:00:00,2017-01-25 12:55:13,25.0,ACTUAL_RESULT,,confirmed,MANY_PRE_ANNOUNCEMENTS,25,,,
event_classification,,,,MARUTI_2017-03-31,MARUTI,2017-03-31 00:00:00,2017-04-27 13:31:49,27.0,ACTUAL_RESULT,,confirmed,MANY_PRE_ANNOUNCEMENTS,27,,,
event_classification,,,,MARUTI_2017-06-30,MARUTI,2017-06-30 00:00:00,2017-07-27 13:32:48,27.0,ACTUAL_RESULT,,confirmed,OK,27,,,
event_classification,,,,MARUTI_2017-09-30,MARUTI,2017-09-30 00:00:00,2017-10-27 13:50:48,27.0,ACTUAL_RESULT,,confirmed,MANY_PRE_ANNOUNCEMENTS,27,,,
event_classification,,,,MARUTI_2017-12-31,MARUTI,2017-12-31 00:00:00,2018-01-25 16:28:11,25.0,ACTUAL_RESULT,,confirmed,MANY_PRE_ANNOUNCEMENTS,25,,,
event_classification,,,,MARUTI_2018-03-31,MARUTI,2018-03-31 00:00:00,2018-04-27 14:55:29,27.0,ACTUAL_RESULT,,confirmed,MANY_PRE_ANNOUNCEMENTS,27,,,
event_classification,,,,MARUTI_2018-06-30,MARUTI,2018-06-30 00:00:00,2018-07-26 13:54:03,26.0,ACTUAL_RESULT,,confirmed,MANY_PRE_ANNOUNCEMENTS,26,,,
event_classification,,,,MARUTI_2018-09-30,MARUTI,2018-09-30 00:00:00,2018-10-25 13:52:09,25.0,ACTUAL_RESULT,,confirmed,MANY_PRE_ANNOUNCEMENTS,25,,,
event_classification,,,,MARUTI_2018-12-31,MARUTI,2018-12-31 00:00:00,2019-01-25 14:33:59,25.0,ACTUAL_RESULT,,confirmed,MANY_PRE_ANNOUNCEMENTS,25,,,
event_classification,,,,MARUTI_2019-03-31,MARUTI,2019-03-31 00:00:00,2019-04-25 14:19:46,25.0,ACTUAL_RESULT,,confirmed,MANY_PRE_ANNOUNCEMENTS,25,,,
event_classification,,,,MARUTI_2019-06-30,MARUTI,2019-06-30 00:00:00,2019-07-26 13:35:47,26.0,ACTUAL_RESULT,,confirmed,MANY_PRE_ANNOUNCEMENTS,26,,,
event_classification,,,,MARUTI_2019-09-30,MARUTI,2019-09-30 00:00:00,2019-10-24 13:26:39,24.0,ACTUAL_RESULT,,confirmed,MANY_PRE_ANNOUNCEMENTS,24,,,
event_classification,,,,MARUTI_2019-12-31,MARUTI,2019-12-31 00:00:00,2020-01-28 13:34:48,28.0,ACTUAL_RESULT,,confirmed,MANY_PRE_ANNOUNCEMENTS,28,,,
event_classification,,,,MARUTI_2020-03-31,MARUTI,2020-03-31 00:00:00,2020-05-13 14:43:24,43.0,ACTUAL_RESULT,,confirmed,MANY_PRE_ANNOUNCEMENTS,43,,,
event_classification,,,,MARUTI_2020-06-30,MARUTI,2020-06-30 00:00:00,2020-07-29 14:09:40,29.0,ACTUAL_RESULT,,confirmed,MANY_PRE_ANNOUNCEMENTS,29,,,
event_classification,,,,MARUTI_2020-09-30,MARUTI,2020-09-30 00:00:00,2020-10-29 13:59:44,29.0,ACTUAL_RESULT,,confirmed,MANY_PRE_ANNOUNCEMENTS,29,,,
event_classification,,,,MARUTI_2020-12-31,MARUTI,2020-12-31 00:00:00,2021-01-28 13:35:15,28.0,ACTUAL_RESULT,,confirmed,OK,28,,,
event_classification,,,,MARUTI_2021-03-31,MARUTI,2021-03-31 00:00:00,2021-04-27 14:07:00,27.0,ACTUAL_RESULT,,confirmed,OK,27,,,
event_classification,,,,MARUTI_2021-06-30,MARUTI,2021-06-30 00:00:00,2021-07-28 15:22:55,28.0,ACTUAL_RESULT,,confirmed,OK,28,,,
event_classification,,,,MARUTI_2021-09-30,MARUTI,2021-09-30 00:00:00,2021-10-27 13:51:02,27.0,ACTUAL_RESULT,,confirmed,OK,27,,,
event_classification,,,,MARUTI_2021-12-31,MARUTI,2021-12-31 00:00:00,2022-01-25 13:53:10,25.0,ACTUAL_RESULT,,confirmed,OK,25,,,
event_classification,,,,MARUTI_2022-03-31,MARUTI,2022-03-31 00:00:00,2022-04-29 14:48:44,29.0,ACTUAL_RESULT,,confirmed,MANY_PRE_ANNOUNCEMENTS,29,,,
event_classification,,,,MARUTI_2022-06-30,MARUTI,2022-06-30 00:00:00,NaT,,UNCERTAIN,,no_primary_result,MISSING_RESULT|MANY_PRE_ANNOUNCEMENTS,,,,
event_classification,,,,MARUTI_2022-09-30,MARUTI,2022-09-30 00:00:00,NaT,,UNCERTAIN,,no_primary_result,MISSING_RESULT|MANY_PRE_ANNOUNCEMENTS,,,,
event_classification,,,,MARUTI_2022-12-31,MARUTI,2022-12-31 00:00:00,2023-01-24 12:56:09,24.0,ACTUAL_RESULT,,confirmed,MANY_PRE_ANNOUNCEMENTS,24,,,
event_classification,,,,MARUTI_2023-03-31,MARUTI,2023-03-31 00:00:00,2023-04-26 14:39:55,26.0,ACTUAL_RESULT,,confirmed,OK,26,,,
event_classification,,,,MARUTI_2023-06-30,MARUTI,2023-06-30 00:00:00,2023-07-31 15:51:57,31.0,ACTUAL_RESULT,,confirmed,OK,31,,,
event_classification,,,,MARUTI_2023-09-30,MARUTI,2023-09-30 00:00:00,2023-10-27 13:44:34,27.0,ACTUAL_RESULT,,confirmed,OK,27,,,
event_classification,,,,MARUTI_2023-12-31,MARUTI,2023-12-31 00:00:00,2024-01-31 13:42:33,31.0,ACTUAL_RESULT,,confirmed,OK,31,,,
event_classification,,,,MARUTI_2024-03-31,MARUTI,2024-03-31 00:00:00,2024-04-26 15:48:37,26.0,ACTUAL_RESULT,,confirmed,OK,26,,,
event_classification,,,,MARUTI_2024-06-30,MARUTI,2024-06-30 00:00:00,2024-07-31 15:23:46,31.0,ACTUAL_RESULT,,confirmed,OK,31,,,
event_classification,,,,MARUTI_2024-09-30,MARUTI,2024-09-30 00:00:00,2024-10-29 13:21:23,29.0,ACTUAL_RESULT,,confirmed,OK,29,,,
event_classification,,,,MARUTI_2024-12-31,MARUTI,2024-12-31 00:00:00,2025-01-29 13:38:42,29.0,ACTUAL_RESULT,,confirmed,OK,29,,,
event_classification,,,,MARUTI_2025-03-31,MARUTI,2025-03-31 00:00:00,NaT,,UNCERTAIN,,no_primary_result,MISSING_RESULT,,,,
event_classification,,,,MARUTI_2025-06-30,MARUTI,2025-06-30 00:00:00,2025-07-31 14:58:41,31.0,ACTUAL_RESULT,,confirmed,MANY_PRE_ANNOUNCEMENTS,31,,,
event_classification,,,,MARUTI_2025-09-30,MARUTI,2025-09-30 00:00:00,2025-10-31 14:19:05,31.0,ACTUAL_RESULT,,confirmed,OK,31,,,
event_classification,,,,MARUTI_2025-12-31,MARUTI,2025-12-31 00:00:00,2026-01-28 14:11:41,28.0,ACTUAL_RESULT,,confirmed,OK,28,,,
event_classification,,,,MARUTI_2026-03-31,MARUTI,2026-03-31 00:00:00,2026-04-28 14:41:09,28.0,ACTUAL_RESULT,,confirmed,OK,28,,,
event_classification,,,,MARUTI_2026-06-30,MARUTI,2026-06-30 00:00:00,2026-07-31 16:39:44,31.0,ACTUAL_RESULT,,confirmed,OK,31,,,
event_classification,,,,MARUTI_2026-09-30,MARUTI,2026-09-30 00:00:00,NaT,,UNCERTAIN,,no_primary_result,MISSING_RESULT,,,,
event_classification,,,,MAXHEALTH_2020-06-30,MAXHEALTH,2020-06-30 00:00:00,NaT,,UNCERTAIN,,no_primary_result,MISSING_RESULT,,,,
event_classification,,,,MAXHEALTH_2020-09-30,MAXHEALTH,2020-09-30 00:00:00,2020-11-11 15:08:13,42.0,ACTUAL_RESULT,,confirmed,OK,42,,,
event_classification,,,,MAXHEALTH_2020-12-31,MAXHEALTH,2020-12-31 00:00:00,2021-02-06 15:07:34,37.0,ACTUAL_RESULT,,confirmed,OK,37,,,
event_classification,,,,MAXHEALTH_2021-03-31,MAXHEALTH,2021-03-31 00:00:00,2021-05-28 15:42:25,58.0,ACTUAL_RESULT,,confirmed,OK,58,,,
event_classification,,,,MAXHEALTH_2021-06-30,MAXHEALTH,2021-06-30 00:00:00,2021-08-10 13:22:44,41.0,ACTUAL_RESULT,,confirmed,OK,41,,,
event_classification,,,,MAXHEALTH_2021-09-30,MAXHEALTH,2021-09-30 00:00:00,2021-11-12 13:25:18,43.0,ACTUAL_RESULT,,confirmed,OK,43,,,
event_classification,,,,MAXHEALTH_2021-12-31,MAXHEALTH,2021-12-31 00:00:00,2022-02-12 13:54:08,43.0,ACTUAL_RESULT,,confirmed,OK,43,,,
event_classification,,,,MAXHEALTH_2022-03-31,MAXHEALTH,2022-03-31 00:00:00,2022-05-25 15:03:38,55.0,ACTUAL_RESULT,,confirmed,MULTIPLE_HUMAN_PRIMARY_RESULTS,55,,,
event_classification,,,,MAXHEALTH_2022-06-30,MAXHEALTH,2022-06-30 00:00:00,NaT,,UNCERTAIN,,no_primary_result,MISSING_RESULT,,,,
event_classification,,,,MAXHEALTH_2022-09-30,MAXHEALTH,2022-09-30 00:00:00,NaT,,UNCERTAIN,,no_primary_result,MISSING_RESULT,,,,
event_classification,,,,MAXHEALTH_2022-12-31,MAXHEALTH,2022-12-31 00:00:00,2023-02-02 14:01:30,33.0,ACTUAL_RESULT,,confirmed,MULTIPLE_HUMAN_PRIMARY_RESULTS|UNCLASSIFIED_DOCUMENT|MANY_PRE_ANNOUNCEMENTS,33,,,
event_classification,,,,MAXHEALTH_2023-03-31,MAXHEALTH,2023-03-31 00:00:00,2023-05-16 14:25:15,46.0,ACTUAL_RESULT,,confirmed,MULTIPLE_HUMAN_PRIMARY_RESULTS,46,,,
event_classification,,,,MAXHEALTH_2023-06-30,MAXHEALTH,2023-06-30 00:00:00,2023-08-07 15:40:03,38.0,ACTUAL_RESULT,,confirmed,OK,38,,,
event_classification,,,,MAXHEALTH_2023-09-30,MAXHEALTH,2023-09-30 00:00:00,2023-11-06 14:55:40,37.0,ACTUAL_RESULT,,confirmed,OK,37,,,
event_classification,,,,MAXHEALTH_2023-12-31,MAXHEALTH,2023-12-31 00:00:00,2024-01-31 13:06:34,31.0,ACTUAL_RESULT,,confirmed,OK,31,,,
event_classification,,,,MAXHEALTH_2024-03-31,MAXHEALTH,2024-03-31 00:00:00,2024-05-22 15:05:41,52.0,ACTUAL_RESULT,,confirmed,OK,52,,,
event_classification,,,,MAXHEALTH_2024-06-30,MAXHEALTH,2024-06-30 00:00:00,2024-08-01 14:02:42,32.0,ACTUAL_RESULT,,confirmed,OK,32,,,
event_classification,,,,MAXHEALTH_2024-09-30,MAXHEALTH,2024-09-30 00:00:00,2024-11-05 21:14:21,36.0,ACTUAL_RESULT,,confirmed,MULTIPLE_HUMAN_PRIMARY_RESULTS,36,,,
event_classification,,,,MAXHEALTH_2024-12-31,MAXHEALTH,2024-12-31 00:00:00,2025-01-30 14:13:41,30.0,ACTUAL_RESULT,,confirmed,OK,30,,,
event_classification,,,,MAXHEALTH_2025-03-31,MAXHEALTH,2025-03-31 00:00:00,2025-05-20 14:43:11,50.0,ACTUAL_RESULT,,confirmed,OK,50,,,
event_classification,,,,MAXHEALTH_2025-06-30,MAXHEALTH,2025-06-30 00:00:00,2025-08-13 12:16:55,44.0,ACTUAL_RESULT,,confirmed,OK,44,,,
event_classification,,,,MAXHEALTH_2025-09-30,MAXHEALTH,2025-09-30 00:00:00,2025-11-14 20:33:48,45.0,ACTUAL_RESULT,,confirmed,OK,45,,,
event_classification,,,,MAXHEALTH_2025-12-31,MAXHEALTH,2025-12-31 00:00:00,2026-02-05 13:37:46,36.0,ACTUAL_RESULT,,confirmed,OK,36,,,
event_classification,,,,MAXHEALTH_2026-03-31,MAXHEALTH,2026-03-31 00:00:00,2026-05-21 16:25:53,51.0,ACTUAL_RESULT,,confirmed,OK,51,,,
event_classification,,,,MAXHEALTH_2026-06-30,MAXHEALTH,2026-06-30 00:00:00,2026-08-13 14:27:18,44.0,ACTUAL_RESULT,,confirmed,OK,44,,,
event_classification,,,,NESTLEIND_2023-09-30,NESTLEIND,2023-09-30 00:00:00,2023-10-19 10:53:01,19.0,ACTUAL_RESULT,,confirmed,OK,19,,,
event_classification,,,,NESTLEIND_2023-12-31,NESTLEIND,2023-12-31 00:00:00,2024-02-07 12:37:00,38.0,ACTUAL_RESULT,,confirmed,OK,38,,,
event_classification,,,,NESTLEIND_2024-03-31,NESTLEIND,2024-03-31 00:00:00,2024-04-25 12:31:37,25.0,ACTUAL_RESULT,,confirmed,OK,25,,,
event_classification,,,,NESTLEIND_2024-06-30,NESTLEIND,2024-06-30 00:00:00,2024-07-25 11:10:37,25.0,ACTUAL_RESULT,,confirmed,OK,25,,,
event_classification,,,,NESTLEIND_2024-09-30,NESTLEIND,2024-09-30 00:00:00,2024-10-17 12:04:43,17.0,ACTUAL_RESULT,,confirmed,OK,17,,,
event_classification,,,,NESTLEIND_2024-12-31,NESTLEIND,2024-12-31 00:00:00,2025-01-31 12:02:43,31.0,ACTUAL_RESULT,,confirmed,OK,31,,,
event_classification,,,,NESTLEIND_2025-03-31,NESTLEIND,2025-03-31 00:00:00,NaT,,UNCERTAIN,,no_primary_result,MISSING_RESULT,,,,
event_classification,,,,NESTLEIND_2025-06-30,NESTLEIND,2025-06-30 00:00:00,2025-07-24 11:43:06,24.0,ACTUAL_RESULT,,confirmed,OK,24,,,
event_classification,,,,NESTLEIND_2025-09-30,NESTLEIND,2025-09-30 00:00:00,2025-10-16 11:49:22,16.0,ACTUAL_RESULT,,confirmed,OK,16,,,
event_classification,,,,NESTLEIND_2025-12-31,NESTLEIND,2025-12-31 00:00:00,2026-01-30 13:50:52,30.0,ACTUAL_RESULT,,confirmed,OK,30,,,
event_classification,,,,NESTLEIND_2026-03-31,NESTLEIND,2026-03-31 00:00:00,2026-04-21 14:15:02,21.0,ACTUAL_RESULT,,confirmed,OK,21,,,
event_classification,,,,NESTLEIND_2026-06-30,NESTLEIND,2026-06-30 00:00:00,2026-07-22 11:11:18,22.0,ACTUAL_RESULT,,confirmed,OK,22,,,
event_classification,,,,NESTLEIND_2026-09-30,NESTLEIND,2026-09-30 00:00:00,NaT,,UNCERTAIN,,no_primary_result,MISSING_RESULT,,,,
event_classification,,,,NTPC_2004-09-30,NTPC,2004-09-30 00:00:00,NaT,,UNCERTAIN,,no_primary_result,MISSING_RESULT,,,,
event_classification,,,,NTPC_2005-06-30,NTPC,2005-06-30 00:00:00,NaT,,UNCERTAIN,,no_primary_result,MISSING_RESULT,,,,
event_classification,,,,NTPC_2005-09-30,NTPC,2005-09-30 00:00:00,NaT,,UNCERTAIN,,no_primary_result,MISSING_RESULT,,,,
event_classification,,,,NTPC_2005-12-31,NTPC,2005-12-31 00:00:00,NaT,,UNCERTAIN,,no_primary_result,MISSING_RESULT,,,,
event_classification,,,,NTPC_2006-03-31,NTPC,2006-03-31 00:00:00,NaT,,UNCERTAIN,,no_primary_result,MISSING_RESULT,,,,
event_classification,,,,NTPC_2006-06-30,NTPC,2006-06-30 00:00:00,NaT,,UNCERTAIN,,no_primary_result,MISSING_RESULT|DUPLICATE_DOCUMENT,,,,
event_classification,,,,NTPC_2006-09-30,NTPC,2006-09-30 00:00:00,NaT,,UNCERTAIN,,no_primary_result,MISSING_RESULT,,,,
event_classification,,,,NTPC_2007-03-31,NTPC,2007-03-31 00:00:00,2007-04-05 12:51:00,5.0,ACTUAL_RESULT,,confirmed,OK,5,,,
event_classification,,,,NTPC_2007-06-30,NTPC,2007-06-30 00:00:00,2007-07-30 15:59:00,30.0,ACTUAL_RESULT,,confirmed,DUPLICATE_DOCUMENT,30,,,
event_classification,,,,NTPC_2007-09-30,NTPC,2007-09-30 00:00:00,2007-10-27 14:44:00,27.0,ACTUAL_RESULT,,confirmed,DUPLICATE_DOCUMENT,27,,,
event_classification,,,,NTPC_2007-12-31,NTPC,2007-12-31 00:00:00,2008-01-30 15:11:00,30.0,ACTUAL_RESULT,,confirmed,DUPLICATE_DOCUMENT,30,,,
event_classification,,,,NTPC_2008-03-31,NTPC,2008-03-31 00:00:00,2008-05-29 14:00:00,59.0,ACTUAL_RESULT,,confirmed,MULTIPLE_HUMAN_PRIMARY_RESULTS|DUPLICATE_DOCUMENT,59,,,
event_classification,,,,NTPC_2008-06-30,NTPC,2008-06-30 00:00:00,2008-07-29 16:11:00,29.0,ACTUAL_RESULT,,confirmed,OK,29,,,
event_classification,,,,NTPC_2008-09-30,NTPC,2008-09-30 00:00:00,2008-10-24 14:48:00,24.0,ACTUAL_RESULT,,confirmed,OK,24,,,
event_classification,,,,NTPC_2008-12-31,NTPC,2008-12-31 00:00:00,2009-01-24 16:34:00,24.0,ACTUAL_RESULT,,confirmed,OK,24,,,
event_classification,,,,NTPC_2009-03-31,NTPC,2009-03-31 00:00:00,2009-04-08 14:34:00,8.0,ACTUAL_RESULT,,confirmed,OK,8,,,
event_classification,,,,NTPC_2009-06-30,NTPC,2009-06-30 00:00:00,2009-07-27 16:05:00,27.0,ACTUAL_RESULT,,confirmed,OK,27,,,
event_classification,,,,NTPC_2009-09-30,NTPC,2009-09-30 00:00:00,2009-10-23 13:47:00,23.0,ACTUAL_RESULT,,confirmed,OK,23,,,
event_classification,,,,NTPC_2009-12-31,NTPC,2009-12-31 00:00:00,2010-01-29 13:48:00,29.0,ACTUAL_RESULT,,confirmed,OK,29,,,
event_classification,,,,NTPC_2010-03-31,NTPC,2010-03-31 00:00:00,2010-05-17 14:01:00,47.0,ACTUAL_RESULT,,confirmed,MULTIPLE_HUMAN_PRIMARY_RESULTS|DUPLICATE_DOCUMENT,47,,,
event_classification,,,,NTPC_2010-06-30,NTPC,2010-06-30 00:00:00,2010-07-26 16:43:00,26.0,ACTUAL_RESULT,,confirmed,OK,26,,,
event_classification,,,,NTPC_2010-09-30,NTPC,2010-09-30 00:00:00,2010-10-26 17:10:00,26.0,ACTUAL_RESULT,,confirmed,MULTIPLE_HUMAN_PRIMARY_RESULTS,26,,,
event_classification,,,,NTPC_2010-12-31,NTPC,2010-12-31 00:00:00,2011-01-31 16:38:00,31.0,ACTUAL_RESULT,,confirmed,MULTIPLE_HUMAN_PRIMARY_RESULTS|DUPLICATE_DOCUMENT,31,,,
event_classification,,,,NTPC_2011-03-31,NTPC,2011-03-31 00:00:00,2011-05-10 14:56:00,40.0,ACTUAL_RESULT,,confirmed,MULTIPLE_HUMAN_PRIMARY_RESULTS|DUPLICATE_DOCUMENT,40,,,
event_classification,,,,NTPC_2011-06-30,NTPC,2011-06-30 00:00:00,2011-07-25 13:58:00,25.0,ACTUAL_RESULT,,confirmed,MULTIPLE_HUMAN_PRIMARY_RESULTS,25,,,
event_classification,,,,NTPC_2011-09-30,NTPC,2011-09-30 00:00:00,2011-10-25 13:58:00,25.0,ACTUAL_RESULT,,confirmed,MULTIPLE_HUMAN_PRIMARY_RESULTS,25,,,
event_classification,,,,NTPC_2011-12-31,NTPC,2011-12-31 00:00:00,2012-01-27 16:07:00,27.0,ACTUAL_RESULT,,confirmed,MULTIPLE_HUMAN_PRIMARY_RESULTS|DUPLICATE_DOCUMENT,27,,,
event_classification,,,,NTPC_2012-03-31,NTPC,2012-03-31 00:00:00,2012-05-10 13:56:00,40.0,ACTUAL_RESULT,,confirmed,MULTIPLE_HUMAN_PRIMARY_RESULTS|DUPLICATE_DOCUMENT,40,,,
event_classification,,,,NTPC_2012-06-30,NTPC,2012-06-30 00:00:00,2012-07-27 13:49:00,27.0,ACTUAL_RESULT,,confirmed,MULTIPLE_HUMAN_PRIMARY_RESULTS,27,,,
event_classification,,,,NTPC_2012-09-30,NTPC,2012-09-30 00:00:00,2012-10-26 13:47:00,26.0,ACTUAL_RESULT,,confirmed,MULTIPLE_HUMAN_PRIMARY_RESULTS|DUPLICATE_DOCUMENT,26,,,
event_classification,,,,NTPC_2012-12-31,NTPC,2012-12-31 00:00:00,2013-01-21 14:26:00,21.0,ACTUAL_RESULT,,confirmed,DUPLICATE_DOCUMENT,21,,,
event_classification,,,,NTPC_2013-03-31,NTPC,2013-03-31 00:00:00,2013-05-10 13:08:00,40.0,ACTUAL_RESULT,,confirmed,MULTIPLE_HUMAN_PRIMARY_RESULTS|DUPLICATE_DOCUMENT,40,,,
event_classification,,,,NTPC_2013-06-30,NTPC,2013-06-30 00:00:00,2013-07-30 14:46:00,30.0,ACTUAL_RESULT,,confirmed,MULTIPLE_HUMAN_PRIMARY_RESULTS,30,,,
event_classification,,,,NTPC_2013-09-30,NTPC,2013-09-30 00:00:00,2013-10-29 16:03:02,29.0,ACTUAL_RESULT,,confirmed,MULTIPLE_HUMAN_PRIMARY_RESULTS,29,,,
event_classification,,,,NTPC_2013-12-31,NTPC,2013-12-31 00:00:00,2014-01-28 18:35:01,28.0,ACTUAL_RESULT,,confirmed,OK,28,,,
event_classification,,,,NTPC_2014-03-31,NTPC,2014-03-31 00:00:00,2014-05-15 18:11:02,45.0,ACTUAL_RESULT,,confirmed,MULTIPLE_HUMAN_PRIMARY_RESULTS|DUPLICATE_DOCUMENT,45,,,
event_classification,,,,NTPC_2014-06-30,NTPC,2014-06-30 00:00:00,2014-07-31 14:23:02,31.0,ACTUAL_RESULT,,confirmed,OK,31,,,
event_classification,,,,NTPC_2014-09-30,NTPC,2014-09-30 00:00:00,2014-10-31 13:51:02,31.0,ACTUAL_RESULT,,confirmed,OK,31,,,
event_classification,,,,NTPC_2014-12-31,NTPC,2014-12-31 00:00:00,2015-01-30 14:23:03,30.0,ACTUAL_RESULT,,confirmed,OK,30,,,
event_classification,,,,NTPC_2015-03-31,NTPC,2015-03-31 00:00:00,2015-05-29 12:15:02,59.0,ACTUAL_RESULT,,confirmed,OK,59,,,
event_classification,,,,NTPC_2015-06-30,NTPC,2015-06-30 00:00:00,2015-07-30 14:16:03,30.0,ACTUAL_RESULT,,confirmed,OK,30,,,
event_classification,,,,NTPC_2015-09-30,NTPC,2015-09-30 00:00:00,2015-10-29 14:04:22,29.0,ACTUAL_RESULT,,confirmed,OK,29,,,
event_classification,,,,NTPC_2015-12-31,NTPC,2015-12-31 00:00:00,2016-01-29 14:16:41,29.0,ACTUAL_RESULT,,confirmed,OK,29,,,
event_classification,,,,NTPC_2016-03-31,NTPC,2016-03-31 00:00:00,2016-05-30 15:03:02,60.0,ACTUAL_RESULT,,confirmed,OK,60,,,
event_classification,,,,NTPC_2016-06-30,NTPC,2016-06-30 00:00:00,2016-08-22 14:46:36,53.0,ACTUAL_RESULT,,confirmed,UNCLASSIFIED_DOCUMENT,53,,,
event_classification,,,,NTPC_2016-09-30,NTPC,2016-09-30 00:00:00,2016-10-28 14:19:53,28.0,ACTUAL_RESULT,,confirmed,UNCLASSIFIED_DOCUMENT,28,,,
event_classification,,,,NTPC_2016-12-31,NTPC,2016-12-31 00:00:00,2017-02-08 13:35:56,39.0,ACTUAL_RESULT,,confirmed,OK,39,,,
event_classification,,,,NTPC_2017-03-31,NTPC,2017-03-31 00:00:00,2017-05-29 14:19:05,59.0,ACTUAL_RESULT,,confirmed,UNCLASSIFIED_DOCUMENT,59,,,
event_classification,,,,NTPC_2017-06-30,NTPC,2017-06-30 00:00:00,2017-07-29 14:25:43,29.0,ACTUAL_RESULT,,confirmed,OK,29,,,
event_classification,,,,NTPC_2017-09-30,NTPC,2017-09-30 00:00:00,2017-11-13 14:17:44,44.0,ACTUAL_RESULT,,confirmed,UNCLASSIFIED_DOCUMENT,44,,,
event_classification,,,,NTPC_2017-12-31,NTPC,2017-12-31 00:00:00,2018-01-31 16:11:02,31.0,ACTUAL_RESULT,,confirmed,OK,31,,,
event_classification,,,,NTPC_2018-03-31,NTPC,2018-03-31 00:00:00,2018-05-28 14:37:11,58.0,ACTUAL_RESULT,,confirmed,UNCLASSIFIED_DOCUMENT,58,,,
event_classification,,,,NTPC_2018-06-30,NTPC,2018-06-30 00:00:00,2018-07-28 14:23:44,28.0,ACTUAL_RESULT,,confirmed,OK,28,,,
event_classification,,,,NTPC_2018-09-30,NTPC,2018-09-30 00:00:00,2018-11-02 14:24:32,33.0,ACTUAL_RESULT,,confirmed,OK,33,,,
event_classification,,,,NTPC_2018-12-31,NTPC,2018-12-31 00:00:00,2019-01-30 15:43:37,30.0,ACTUAL_RESULT,,confirmed,UNCLASSIFIED_DOCUMENT,30,,,
event_classification,,,,NTPC_2019-03-31,NTPC,2019-03-31 00:00:00,2019-05-25 14:03:54,55.0,ACTUAL_RESULT,,confirmed,UNCLASSIFIED_DOCUMENT,55,,,
event_classification,,,,NTPC_2019-06-30,NTPC,2019-06-30 00:00:00,2019-08-10 15:18:27,41.0,ACTUAL_RESULT,,confirmed,OK,41,,,
event_classification,,,,NTPC_2019-09-30,NTPC,2019-09-30 00:00:00,2019-11-09 15:42:06,40.0,ACTUAL_RESULT,,confirmed,UNCLASSIFIED_DOCUMENT,40,,,
event_classification,,,,NTPC_2019-12-31,NTPC,2019-12-31 00:00:00,2020-02-07 15:57:41,38.0,ACTUAL_RESULT,,confirmed,OK,38,,,
event_classification,,,,NTPC_2020-03-31,NTPC,2020-03-31 00:00:00,2020-06-27 16:25:44,88.0,ACTUAL_RESULT,,confirmed,OK,88,,,
event_classification,,,,NTPC_2020-06-30,NTPC,2020-06-30 00:00:00,2020-08-14 14:18:46,45.0,ACTUAL_RESULT,,confirmed,OK,45,,,
event_classification,,,,NTPC_2020-09-30,NTPC,2020-09-30 00:00:00,2020-11-02 15:52:39,33.0,ACTUAL_RESULT,,confirmed,OK,33,,,
event_classification,,,,NTPC_2020-12-31,NTPC,2020-12-31 00:00:00,2021-02-04 14:10:30,35.0,ACTUAL_RESULT,,confirmed,UNCLASSIFIED_DOCUMENT,35,,,
event_classification,,,,NTPC_2021-03-31,NTPC,2021-03-31 00:00:00,2021-06-19 17:18:09,80.0,ACTUAL_RESULT,,confirmed,UNCLASSIFIED_DOCUMENT,80,,,
event_classification,,,,NTPC_2021-06-30,NTPC,2021-06-30 00:00:00,2021-07-31 15:26:24,31.0,ACTUAL_RESULT,,confirmed,UNCLASSIFIED_DOCUMENT,31,,,
event_classification,,,,NTPC_2021-09-30,NTPC,2021-09-30 00:00:00,2021-10-28 17:37:07,28.0,ACTUAL_RESULT,,confirmed,UNCLASSIFIED_DOCUMENT,28,,,
event_classification,,,,NTPC_2021-12-31,NTPC,2021-12-31 00:00:00,2022-01-29 17:04:49,29.0,ACTUAL_RESULT,,confirmed,UNCLASSIFIED_DOCUMENT,29,,,
event_classification,,,,NTPC_2022-03-31,NTPC,2022-03-31 00:00:00,2022-05-20 15:51:34,50.0,ACTUAL_RESULT,,confirmed,OK,50,,,
event_classification,,,,NTPC_2022-06-30,NTPC,2022-06-30 00:00:00,NaT,,UNCERTAIN,,no_primary_result,MISSING_RESULT,,,,
event_classification,,,,NTPC_2022-09-30,NTPC,2022-09-30 00:00:00,NaT,,UNCERTAIN,,no_primary_result,MISSING_RESULT|UNCLASSIFIED_DOCUMENT|MANY_PRE_ANNOUNCEMENTS,,,,
event_classification,,,,NTPC_2022-12-31,NTPC,2022-12-31 00:00:00,2023-01-28 15:26:41,28.0,ACTUAL_RESULT,,confirmed,UNCLASSIFIED_DOCUMENT|MANY_PRE_ANNOUNCEMENTS,28,,,
event_classification,,,,NTPC_2023-03-31,NTPC,2023-03-31 00:00:00,2023-05-19 19:20:09,49.0,ACTUAL_RESULT,,confirmed,OK,49,,,
event_classification,,,,NTPC_2023-06-30,NTPC,2023-06-30 00:00:00,2023-07-29 17:02:26,29.0,ACTUAL_RESULT,,confirmed,UNCLASSIFIED_DOCUMENT,29,,,
event_classification,,,,NTPC_2023-09-30,NTPC,2023-09-30 00:00:00,2023-10-28 17:24:16,28.0,ACTUAL_RESULT,,confirmed,OK,28,,,
event_classification,,,,NTPC_2023-12-31,NTPC,2023-12-31 00:00:00,2024-01-29 20:31:55,29.0,ACTUAL_RESULT,,confirmed,OK,29,,,
event_classification,,,,NTPC_2024-03-31,NTPC,2024-03-31 00:00:00,2024-05-24 19:35:26,54.0,ACTUAL_RESULT,,confirmed,OK,54,,,
event_classification,,,,NTPC_2024-06-30,NTPC,2024-06-30 00:00:00,2024-07-27 15:40:03,27.0,ACTUAL_RESULT,,confirmed,OK,27,,,
event_classification,,,,NTPC_2024-09-30,NTPC,2024-09-30 00:00:00,2024-10-24 20:36:55,24.0,ACTUAL_RESULT,,confirmed,OK,24,,,
event_classification,,,,NTPC_2024-12-31,NTPC,2024-12-31 00:00:00,2025-01-25 17:35:39,25.0,ACTUAL_RESULT,,confirmed,OK,25,,,
event_classification,,,,NTPC_2025-03-31,NTPC,2025-03-31 00:00:00,2025-05-24 16:42:54,54.0,ACTUAL_RESULT,,confirmed,OK,54,,,
event_classification,,,,NTPC_2025-06-30,NTPC,2025-06-30 00:00:00,2025-07-29 20:01:29,29.0,ACTUAL_RESULT,,confirmed,OK,29,,,
event_classification,,,,NTPC_2025-09-30,NTPC,2025-09-30 00:00:00,2025-10-30 18:51:11,30.0,ACTUAL_RESULT,,confirmed,OK,30,,,
event_classification,,,,NTPC_2025-12-31,NTPC,2025-12-31 00:00:00,2026-01-30 16:33:05,30.0,ACTUAL_RESULT,,confirmed,OK,30,,,
event_classification,,,,NTPC_2026-03-31,NTPC,2026-03-31 00:00:00,2026-05-23 15:15:04,53.0,ACTUAL_RESULT,,confirmed,UNCLASSIFIED_DOCUMENT,53,,,
event_classification,,,,NTPC_2026-06-30,NTPC,2026-06-30 00:00:00,2026-07-24 19:43:51,24.0,ACTUAL_RESULT,,confirmed,OK,24,,,
event_classification,,,,ONGC_2004-12-31,ONGC,2004-12-31 00:00:00,NaT,,UNCERTAIN,,no_primary_result,MISSING_RESULT|DUPLICATE_DOCUMENT,,,,
event_classification,,,,ONGC_2005-03-31,ONGC,2005-03-31 00:00:00,NaT,,UNCERTAIN,,no_primary_result,MISSING_RESULT|DUPLICATE_DOCUMENT,,,,
event_classification,,,,ONGC_2005-06-30,ONGC,2005-06-30 00:00:00,NaT,,UNCERTAIN,,no_primary_result,MISSING_RESULT|DUPLICATE_DOCUMENT|MANY_PRE_ANNOUNCEMENTS,,,,
event_classification,,,,ONGC_2005-09-30,ONGC,2005-09-30 00:00:00,NaT,,UNCERTAIN,,no_primary_result,MISSING_RESULT|DUPLICATE_DOCUMENT,,,,
event_classification,,,,ONGC_2005-12-31,ONGC,2005-12-31 00:00:00,NaT,,UNCERTAIN,,no_primary_result,MISSING_RESULT|DUPLICATE_DOCUMENT,,,,
event_classification,,,,ONGC_2006-03-31,ONGC,2006-03-31 00:00:00,NaT,,UNCERTAIN,,no_primary_result,MISSING_RESULT|DUPLICATE_DOCUMENT|MANY_PRE_ANNOUNCEMENTS,,,,
event_classification,,,,ONGC_2006-06-30,ONGC,2006-06-30 00:00:00,NaT,,UNCERTAIN,,no_primary_result,MISSING_RESULT|DUPLICATE_DOCUMENT,,,,
event_classification,,,,ONGC_2006-09-30,ONGC,2006-09-30 00:00:00,NaT,,UNCERTAIN,,no_primary_result,MISSING_RESULT|DUPLICATE_DOCUMENT,,,,
event_classification,,,,ONGC_2006-12-31,ONGC,2006-12-31 00:00:00,NaT,,UNCERTAIN,,no_primary_result,MISSING_RESULT|DUPLICATE_DOCUMENT,,,,
event_classification,,,,ONGC_2007-03-31,ONGC,2007-03-31 00:00:00,2007-06-26 09:04:00,87.0,ACTUAL_RESULT,,confirmed,MULTIPLE_HUMAN_PRIMARY_RESULTS|DUPLICATE_DOCUMENT,87,,,
event_classification,,,,ONGC_2007-06-30,ONGC,2007-06-30 00:00:00,2007-07-25 12:53:00,25.0,ACTUAL_RESULT,,confirmed,DUPLICATE_DOCUMENT,25,,,
event_classification,,,,ONGC_2007-09-30,ONGC,2007-09-30 00:00:00,2007-10-30 16:45:00,30.0,ACTUAL_RESULT,,confirmed,OK,30,,,
event_classification,,,,ONGC_2007-12-31,ONGC,2007-12-31 00:00:00,2008-01-21 13:26:00,21.0,ACTUAL_RESULT,,confirmed,DUPLICATE_DOCUMENT,21,,,
event_classification,,,,ONGC_2008-03-31,ONGC,2008-03-31 00:00:00,2008-06-25 14:34:00,86.0,ACTUAL_RESULT,,confirmed,MULTIPLE_HUMAN_PRIMARY_RESULTS|DUPLICATE_DOCUMENT|UNCLASSIFIED_DOCUMENT,86,,,
event_classification,,,,ONGC_2008-06-30,ONGC,2008-06-30 00:00:00,2008-07-28 16:28:00,28.0,ACTUAL_RESULT,,confirmed,DUPLICATE_DOCUMENT,28,,,
event_classification,,,,ONGC_2008-09-30,ONGC,2008-09-30 00:00:00,2008-10-30 16:42:00,30.0,ACTUAL_RESULT,,confirmed,DUPLICATE_DOCUMENT,30,,,
event_classification,,,,ONGC_2008-12-31,ONGC,2008-12-31 00:00:00,2009-01-28 16:41:00,28.0,ACTUAL_RESULT,,confirmed,DUPLICATE_DOCUMENT,28,,,
event_classification,,,,ONGC_2009-03-31,ONGC,2009-03-31 00:00:00,2009-06-24 16:35:00,85.0,ACTUAL_RESULT,,confirmed,MULTIPLE_HUMAN_PRIMARY_RESULTS|DUPLICATE_DOCUMENT,85,,,
event_classification,,,,ONGC_2009-06-30,ONGC,2009-06-30 00:00:00,2009-07-23 16:55:00,23.0,ACTUAL_RESULT,,confirmed,DUPLICATE_DOCUMENT,23,,,
event_classification,,,,ONGC_2009-09-30,ONGC,2009-09-30 00:00:00,2009-10-29 16:15:00,29.0,ACTUAL_RESULT,,confirmed,DUPLICATE_DOCUMENT,29,,,
event_classification,,,,ONGC_2009-12-31,ONGC,2009-12-31 00:00:00,2010-01-21 15:44:00,21.0,ACTUAL_RESULT,,confirmed,DUPLICATE_DOCUMENT,21,,,
event_classification,,,,ONGC_2010-03-31,ONGC,2010-03-31 00:00:00,2010-05-28 17:34:00,58.0,ACTUAL_RESULT,,confirmed,MULTIPLE_HUMAN_PRIMARY_RESULTS|DUPLICATE_DOCUMENT,58,,,
event_classification,,,,ONGC_2010-06-30,ONGC,2010-06-30 00:00:00,2010-07-29 16:50:00,29.0,ACTUAL_RESULT,,confirmed,OK,29,,,
event_classification,,,,ONGC_2010-09-30,ONGC,2010-09-30 00:00:00,2010-10-28 16:34:00,28.0,ACTUAL_RESULT,,confirmed,MULTIPLE_HUMAN_PRIMARY_RESULTS|DUPLICATE_DOCUMENT|MANY_PRE_ANNOUNCEMENTS,28,,,
event_classification,,,,ONGC_2010-12-31,ONGC,2010-12-31 00:00:00,2011-01-28 16:41:00,28.0,ACTUAL_RESULT,,confirmed,MULTIPLE_HUMAN_PRIMARY_RESULTS|DUPLICATE_DOCUMENT,28,,,
event_classification,,,,ONGC_2011-03-31,ONGC,2011-03-31 00:00:00,2011-05-30 17:47:00,60.0,ACTUAL_RESULT,,confirmed,MULTIPLE_HUMAN_PRIMARY_RESULTS|DUPLICATE_DOCUMENT,60,,,
event_classification,,,,ONGC_2011-06-30,ONGC,2011-06-30 00:00:00,2011-07-28 17:20:18,28.0,ACTUAL_RESULT,,confirmed,OK,28,,,
event_classification,,,,ONGC_2011-09-30,ONGC,2011-09-30 00:00:00,2011-11-04 17:13:00,35.0,ACTUAL_RESULT,,confirmed,MULTIPLE_HUMAN_PRIMARY_RESULTS,35,,,
event_classification,,,,ONGC_2011-12-31,ONGC,2011-12-31 00:00:00,2012-02-08 14:45:05,39.0,ACTUAL_RESULT,,confirmed,DUPLICATE_DOCUMENT,39,,,
event_classification,,,,ONGC_2012-03-31,ONGC,2012-03-31 00:00:00,2012-05-29 17:49:00,59.0,ACTUAL_RESULT,,confirmed,MULTIPLE_HUMAN_PRIMARY_RESULTS|DUPLICATE_DOCUMENT,59,,,
event_classification,,,,ONGC_2012-06-30,ONGC,2012-06-30 00:00:00,2012-08-11 16:20:53,42.0,ACTUAL_RESULT,,confirmed,OK,42,,,
event_classification,,,,ONGC_2012-09-30,ONGC,2012-09-30 00:00:00,2012-11-08 16:37:00,39.0,ACTUAL_RESULT,,confirmed,MULTIPLE_HUMAN_PRIMARY_RESULTS,39,,,
event_classification,,,,ONGC_2012-12-31,ONGC,2012-12-31 00:00:00,2013-02-11 17:56:00,42.0,ACTUAL_RESULT,,confirmed,MULTIPLE_HUMAN_PRIMARY_RESULTS|DUPLICATE_DOCUMENT,42,,,
event_classification,,,,ONGC_2013-03-31,ONGC,2013-03-31 00:00:00,2013-05-29 18:07:00,59.0,ACTUAL_RESULT,,confirmed,MULTIPLE_HUMAN_PRIMARY_RESULTS|DUPLICATE_DOCUMENT|UNCLASSIFIED_DOCUMENT,59,,,
event_classification,,,,ONGC_2013-06-30,ONGC,2013-06-30 00:00:00,2013-08-12 16:29:00,43.0,ACTUAL_RESULT,,confirmed,MULTIPLE_HUMAN_PRIMARY_RESULTS,43,,,
event_classification,,,,ONGC_2013-09-30,ONGC,2013-09-30 00:00:00,2013-11-13 16:23:02,44.0,ACTUAL_RESULT,,confirmed,MULTIPLE_HUMAN_PRIMARY_RESULTS,44,,,
event_classification,,,,ONGC_2013-12-31,ONGC,2013-12-31 00:00:00,2014-02-13 17:23:03,44.0,ACTUAL_RESULT,,confirmed,MULTIPLE_HUMAN_PRIMARY_RESULTS|DUPLICATE_DOCUMENT,44,,,
event_classification,,,,ONGC_2014-03-31,ONGC,2014-03-31 00:00:00,2014-05-29 17:35:02,59.0,ACTUAL_RESULT,,confirmed,OK,59,,,
event_classification,,,,ONGC_2014-06-30,ONGC,2014-06-30 00:00:00,2014-08-13 18:19:02,44.0,ACTUAL_RESULT,,confirmed,OK,44,,,
event_classification,,,,ONGC_2014-09-30,ONGC,2014-09-30 00:00:00,2014-11-14 18:03:04,45.0,ACTUAL_RESULT,,confirmed,DUPLICATE_DOCUMENT|MANY_PRE_ANNOUNCEMENTS,45,,,
event_classification,,,,ONGC_2014-12-31,ONGC,2014-12-31 00:00:00,2015-02-14 14:59:03,45.0,ACTUAL_RESULT,,confirmed,OK,45,,,
event_classification,,,,ONGC_2015-03-31,ONGC,2015-03-31 00:00:00,2015-05-28 15:43:02,58.0,ACTUAL_RESULT,,confirmed,OK,58,,,
event_classification,,,,ONGC_2015-06-30,ONGC,2015-06-30 00:00:00,2015-08-13 15:13:04,44.0,ACTUAL_RESULT,,confirmed,OK,44,,,
event_classification,,,,ONGC_2015-09-30,ONGC,2015-09-30 00:00:00,2015-11-06 16:16:26,37.0,ACTUAL_RESULT,,confirmed,OK,37,,,
event_classification,,,,ONGC_2015-12-31,ONGC,2015-12-31 00:00:00,2016-02-11 17:30:13,42.0,ACTUAL_RESULT,,confirmed,OK,42,,,
event_classification,,,,ONGC_2016-03-31,ONGC,2016-03-31 00:00:00,2016-05-26 15:12:55,56.0,ACTUAL_RESULT,,confirmed,OK,56,,,
event_classification,,,,ONGC_2016-06-30,ONGC,2016-06-30 00:00:00,2016-09-07 17:20:27,69.0,ACTUAL_RESULT,,confirmed,OK,69,,,
event_classification,,,,ONGC_2016-09-30,ONGC,2016-09-30 00:00:00,2016-10-27 13:41:34,27.0,ACTUAL_RESULT,,confirmed,OK,27,,,
event_classification,,,,ONGC_2016-12-31,ONGC,2016-12-31 00:00:00,2017-01-31 17:20:42,31.0,ACTUAL_RESULT,,confirmed,OK,31,,,
event_classification,,,,ONGC_2017-03-31,ONGC,2017-03-31 00:00:00,2017-05-26 16:58:39,56.0,ACTUAL_RESULT,,confirmed,OK,56,,,
event_classification,,,,ONGC_2017-06-30,ONGC,2017-06-30 00:00:00,2017-07-27 17:17:20,27.0,ACTUAL_RESULT,,confirmed,OK,27,,,
event_classification,,,,ONGC_2017-09-30,ONGC,2017-09-30 00:00:00,2017-10-28 15:38:27,28.0,ACTUAL_RESULT,,confirmed,OK,28,,,
event_classification,,,,ONGC_2017-12-31,ONGC,2017-12-31 00:00:00,2018-02-09 17:36:04,40.0,ACTUAL_RESULT,,confirmed,OK,40,,,
event_classification,,,,ONGC_2018-03-31,ONGC,2018-03-31 00:00:00,2018-05-30 19:23:23,60.0,ACTUAL_RESULT,,confirmed,MULTIPLE_HUMAN_PRIMARY_RESULTS,60,,,
event_classification,,,,ONGC_2018-06-30,ONGC,2018-06-30 00:00:00,2018-08-02 17:08:25,33.0,ACTUAL_RESULT,,confirmed,OK,33,,,
event_classification,,,,ONGC_2018-09-30,ONGC,2018-09-30 00:00:00,2018-11-03 18:09:49,34.0,ACTUAL_RESULT,,confirmed,OK,34,,,
event_classification,,,,ONGC_2018-12-31,ONGC,2018-12-31 00:00:00,2019-02-14 17:15:32,45.0,ACTUAL_RESULT,,confirmed,OK,45,,,
event_classification,,,,ONGC_2019-03-31,ONGC,2019-03-31 00:00:00,NaT,,UNCERTAIN,,no_primary_result,MISSING_RESULT,,,,
event_classification,,,,ONGC_2019-06-30,ONGC,2019-06-30 00:00:00,2019-08-13 17:26:07,44.0,ACTUAL_RESULT,,confirmed,OK,44,,,
event_classification,,,,ONGC_2019-09-30,ONGC,2019-09-30 00:00:00,2019-11-14 18:39:12,45.0,ACTUAL_RESULT,,confirmed,OK,45,,,
event_classification,,,,ONGC_2019-12-31,ONGC,2019-12-31 00:00:00,2020-02-14 18:05:25,45.0,ACTUAL_RESULT,,confirmed,OK,45,,,
event_classification,,,,ONGC_2020-03-31,ONGC,2020-03-31 00:00:00,2020-06-30 18:10:03,91.0,UNCERTAIN,,confirmed,VERY_LATE_FILING,91,,,
event_classification,,,,ONGC_2020-06-30,ONGC,2020-06-30 00:00:00,2020-09-01 18:22:52,63.0,ACTUAL_RESULT,,confirmed,OK,63,,,
event_classification,,,,ONGC_2020-09-30,ONGC,2020-09-30 00:00:00,2020-11-13 20:52:05,44.0,ACTUAL_RESULT,,confirmed,OK,44,,,
event_classification,,,,ONGC_2020-12-31,ONGC,2020-12-31 00:00:00,2021-02-13 15:58:10,44.0,ACTUAL_RESULT,,confirmed,OK,44,,,
event_classification,,,,ONGC_2021-03-31,ONGC,2021-03-31 00:00:00,2021-06-24 22:43:53,85.0,ACTUAL_RESULT,,confirmed,OK,85,,,
event_classification,,,,ONGC_2021-06-30,ONGC,2021-06-30 00:00:00,2021-08-13 20:38:48,44.0,ACTUAL_RESULT,,confirmed,MANY_PRE_ANNOUNCEMENTS,44,,,
event_classification,,,,ONGC_2021-09-30,ONGC,2021-09-30 00:00:00,2021-11-12 17:44:04,43.0,ACTUAL_RESULT,,confirmed,OK,43,,,
event_classification,,,,ONGC_2021-12-31,ONGC,2021-12-31 00:00:00,2022-02-11 22:37:21,42.0,ACTUAL_RESULT,,confirmed,OK,42,,,
event_classification,,,,ONGC_2022-03-31,ONGC,2022-03-31 00:00:00,2022-05-30 18:23:45,60.0,ACTUAL_RESULT,,confirmed,OK,60,,,
event_classification,,,,ONGC_2022-06-30,ONGC,2022-06-30 00:00:00,NaT,,UNCERTAIN,,no_primary_result,MISSING_RESULT,,,,
event_classification,,,,ONGC_2022-09-30,ONGC,2022-09-30 00:00:00,NaT,,UNCERTAIN,,no_primary_result,MISSING_RESULT,,,,
event_classification,,,,ONGC_2022-12-31,ONGC,2022-12-31 00:00:00,2023-02-14 19:30:18,45.0,ACTUAL_RESULT,,confirmed,OK,45,,,
event_classification,,,,ONGC_2023-03-31,ONGC,2023-03-31 00:00:00,2023-05-26 21:12:28,56.0,ACTUAL_RESULT,,confirmed,OK,56,,,
event_classification,,,,ONGC_2023-06-30,ONGC,2023-06-30 00:00:00,2023-08-11 21:06:31,42.0,ACTUAL_RESULT,,confirmed,OK,42,,,
event_classification,,,,ONGC_2023-09-30,ONGC,2023-09-30 00:00:00,2023-11-10 19:20:12,41.0,ACTUAL_RESULT,,confirmed,OK,41,,,
event_classification,,,,ONGC_2023-12-31,ONGC,2023-12-31 00:00:00,2024-02-12 15:41:11,43.0,ACTUAL_RESULT,,confirmed,MULTIPLE_HUMAN_PRIMARY_RESULTS,43,,,
event_classification,,,,ONGC_2024-03-31,ONGC,2024-03-31 00:00:00,2024-05-20 22:32:23,50.0,ACTUAL_RESULT,,confirmed,UNCLASSIFIED_DOCUMENT,50,,,
event_classification,,,,ONGC_2024-06-30,ONGC,2024-06-30 00:00:00,2024-08-05 19:59:59,36.0,ACTUAL_RESULT,,confirmed,OK,36,,,
event_classification,,,,ONGC_2024-09-30,ONGC,2024-09-30 00:00:00,2024-11-11 18:21:29,42.0,ACTUAL_RESULT,,confirmed,UNCLASSIFIED_DOCUMENT|MANY_PRE_ANNOUNCEMENTS,42,,,
event_classification,,,,ONGC_2024-12-31,ONGC,2024-12-31 00:00:00,2025-01-31 19:34:11,31.0,ACTUAL_RESULT,,confirmed,OK,31,,,
event_classification,,,,ONGC_2025-03-31,ONGC,2025-03-31 00:00:00,2025-05-21 21:52:35,51.0,ACTUAL_RESULT,,confirmed,OK,51,,,
event_classification,,,,ONGC_2025-06-30,ONGC,2025-06-30 00:00:00,2025-08-12 22:13:12,43.0,ACTUAL_RESULT,,confirmed,OK,43,,,
event_classification,,,,ONGC_2025-09-30,ONGC,2025-09-30 00:00:00,2025-11-10 22:18:44,41.0,ACTUAL_RESULT,,confirmed,OK,41,,,
event_classification,,,,ONGC_2025-12-31,ONGC,2025-12-31 00:00:00,2026-02-12 21:27:07,43.0,ACTUAL_RESULT,,confirmed,OK,43,,,
event_classification,,,,ONGC_2026-03-31,ONGC,2026-03-31 00:00:00,2026-05-26 20:58:27,56.0,ACTUAL_RESULT,,confirmed,MANY_PRE_ANNOUNCEMENTS,56,,,
event_classification,,,,ONGC_2026-06-30,ONGC,2026-06-30 00:00:00,2026-08-04 20:03:37,35.0,ACTUAL_RESULT,,confirmed,OK,35,,,
event_classification,,,,ONGC_2026-09-30,ONGC,2026-09-30 00:00:00,NaT,,UNCERTAIN,,no_primary_result,MISSING_RESULT,,,,
event_classification,,,,POWERGRID_2007-12-31,POWERGRID,2007-12-31 00:00:00,2008-01-30 18:04:00,30.0,ACTUAL_RESULT,,confirmed,MULTIPLE_HUMAN_PRIMARY_RESULTS|DUPLICATE_DOCUMENT,30,,,
event_classification,,,,POWERGRID_2008-03-31,POWERGRID,2008-03-31 00:00:00,NaT,,UNCERTAIN,,no_primary_result,MISSING_RESULT|DUPLICATE_DOCUMENT,,,,
event_classification,,,,POWERGRID_2008-06-30,POWERGRID,2008-06-30 00:00:00,2008-07-30 20:17:00,30.0,ACTUAL_RESULT,,confirmed,MULTIPLE_HUMAN_PRIMARY_RESULTS|DUPLICATE_DOCUMENT|HUMAN_PRIMARY_RESULT_BEFORE_PERIOD_END,30,,,
event_classification,,,,POWERGRID_2008-09-30,POWERGRID,2008-09-30 00:00:00,2008-10-31 14:16:00,31.0,ACTUAL_RESULT,,confirmed,MULTIPLE_HUMAN_PRIMARY_RESULTS|DUPLICATE_DOCUMENT,31,,,
event_classification,,,,POWERGRID_2008-12-31,POWERGRID,2008-12-31 00:00:00,2009-01-28 19:49:00,28.0,ACTUAL_RESULT,,confirmed,MULTIPLE_HUMAN_PRIMARY_RESULTS|DUPLICATE_DOCUMENT,28,,,
event_classification,,,,POWERGRID_2009-03-31,POWERGRID,2009-03-31 00:00:00,2009-06-16 16:40:00,77.0,ACTUAL_RESULT,,confirmed,MULTIPLE_HUMAN_PRIMARY_RESULTS|DUPLICATE_DOCUMENT,77,,,
event_classification,,,,POWERGRID_2009-06-30,POWERGRID,2009-06-30 00:00:00,2009-07-29 18:29:00,29.0,ACTUAL_RESULT,,confirmed,MULTIPLE_HUMAN_PRIMARY_RESULTS|DUPLICATE_DOCUMENT|HUMAN_PRIMARY_RESULT_BEFORE_PERIOD_END,29,,,
event_classification,,,,POWERGRID_2009-09-30,POWERGRID,2009-09-30 00:00:00,2009-10-28 19:54:00,28.0,ACTUAL_RESULT,,confirmed,DUPLICATE_DOCUMENT,28,,,
event_classification,,,,POWERGRID_2009-12-31,POWERGRID,2009-12-31 00:00:00,2010-01-25 18:28:00,25.0,ACTUAL_RESULT,,confirmed,OK,25,,,
event_classification,,,,POWERGRID_2010-03-31,POWERGRID,2010-03-31 00:00:00,2010-05-25 20:34:00,55.0,ACTUAL_RESULT,,confirmed,OK,55,,,
event_classification,,,,POWERGRID_2010-06-30,POWERGRID,2010-06-30 00:00:00,2010-08-06 17:34:00,37.0,ACTUAL_RESULT,,confirmed,MULTIPLE_HUMAN_PRIMARY_RESULTS|DUPLICATE_DOCUMENT|HUMAN_PRIMARY_RESULT_BEFORE_PERIOD_END,37,,,
event_classification,,,,POWERGRID_2010-09-30,POWERGRID,2010-09-30 00:00:00,2010-10-20 16:02:00,20.0,ACTUAL_RESULT,,confirmed,MULTIPLE_HUMAN_PRIMARY_RESULTS,20,,,
event_classification,,,,POWERGRID_2010-12-31,POWERGRID,2010-12-31 00:00:00,2011-02-08 15:44:00,39.0,ACTUAL_RESULT,,confirmed,MULTIPLE_HUMAN_PRIMARY_RESULTS|DUPLICATE_DOCUMENT,39,,,
event_classification,,,,POWERGRID_2011-03-31,POWERGRID,2011-03-31 00:00:00,2011-05-24 12:50:00,54.0,ACTUAL_RESULT,,confirmed,MULTIPLE_HUMAN_PRIMARY_RESULTS|DUPLICATE_DOCUMENT,54,,,
event_classification,,,,POWERGRID_2011-06-30,POWERGRID,2011-06-30 00:00:00,2011-08-02 18:13:53,33.0,ACTUAL_RESULT,,confirmed,MULTIPLE_HUMAN_PRIMARY_RESULTS|HUMAN_PRIMARY_RESULT_BEFORE_PERIOD_END,33,,,
event_classification,,,,POWERGRID_2011-09-30,POWERGRID,2011-09-30 00:00:00,2011-10-22 13:52:00,22.0,ACTUAL_RESULT,,confirmed,MULTIPLE_HUMAN_PRIMARY_RESULTS,22,,,
event_classification,,,,POWERGRID_2011-12-31,POWERGRID,2011-12-31 00:00:00,2012-02-08 19:16:20,39.0,ACTUAL_RESULT,,confirmed,OK,39,,,
event_classification,,,,POWERGRID_2012-03-31,POWERGRID,2012-03-31 00:00:00,2012-05-29 15:24:39,59.0,ACTUAL_RESULT,,confirmed,OK,59,,,
event_classification,,,,POWERGRID_2012-06-30,POWERGRID,2012-06-30 00:00:00,2012-07-25 13:10:00,25.0,ACTUAL_RESULT,,confirmed,MULTIPLE_HUMAN_PRIMARY_RESULTS|DUPLICATE_DOCUMENT|HUMAN_PRIMARY_RESULT_BEFORE_PERIOD_END,25,,,
event_classification,,,,POWERGRID_2012-09-30,POWERGRID,2012-09-30 00:00:00,2012-11-01 10:01:00,32.0,ACTUAL_RESULT,,confirmed,MULTIPLE_HUMAN_PRIMARY_RESULTS,32,,,
event_classification,,,,POWERGRID_2012-12-31,POWERGRID,2012-12-31 00:00:00,2013-02-12 12:41:00,43.0,ACTUAL_RESULT,,confirmed,MULTIPLE_HUMAN_PRIMARY_RESULTS,43,,,
event_classification,,,,POWERGRID_2013-03-31,POWERGRID,2013-03-31 00:00:00,2013-05-29 11:29:01,59.0,ACTUAL_RESULT,,confirmed,OK,59,,,
event_classification,,,,POWERGRID_2013-06-30,POWERGRID,2013-06-30 00:00:00,2013-08-01 17:36:30,32.0,ACTUAL_RESULT,,confirmed,OK,32,,,
event_classification,,,,POWERGRID_2013-09-30,POWERGRID,2013-09-30 00:00:00,2013-10-23 17:27:02,23.0,ACTUAL_RESULT,,confirmed,MULTIPLE_HUMAN_PRIMARY_RESULTS|DUPLICATE_DOCUMENT,23,,,
event_classification,,,,POWERGRID_2013-12-31,POWERGRID,2013-12-31 00:00:00,2014-02-06 10:55:02,37.0,ACTUAL_RESULT,,confirmed,OK,37,,,
event_classification,,,,POWERGRID_2014-03-31,POWERGRID,2014-03-31 00:00:00,2014-05-29 19:03:03,59.0,ACTUAL_RESULT,,confirmed,DUPLICATE_DOCUMENT,59,,,
event_classification,,,,POWERGRID_2014-06-30,POWERGRID,2014-06-30 00:00:00,2014-08-04 20:59:02,35.0,ACTUAL_RESULT,,confirmed,DUPLICATE_DOCUMENT,35,,,
event_classification,,,,POWERGRID_2014-09-30,POWERGRID,2014-09-30 00:00:00,2014-11-11 17:39:03,42.0,ACTUAL_RESULT,,confirmed,OK,42,,,
event_classification,,,,POWERGRID_2014-12-31,POWERGRID,2014-12-31 00:00:00,2015-02-11 18:07:02,42.0,ACTUAL_RESULT,,confirmed,OK,42,,,
event_classification,,,,POWERGRID_2015-03-31,POWERGRID,2015-03-31 00:00:00,2015-05-30 17:31:03,60.0,ACTUAL_RESULT,,confirmed,OK,60,,,
event_classification,,,,POWERGRID_2015-06-30,POWERGRID,2015-06-30 00:00:00,2015-08-10 19:27:56,41.0,ACTUAL_RESULT,,confirmed,OK,41,,,
event_classification,,,,POWERGRID_2015-09-30,POWERGRID,2015-09-30 00:00:00,2015-11-03 19:47:56,34.0,ACTUAL_RESULT,,confirmed,OK,34,,,
event_classification,,,,POWERGRID_2015-12-31,POWERGRID,2015-12-31 00:00:00,2016-01-27 16:10:32,27.0,ACTUAL_RESULT,,confirmed,OK,27,,,
event_classification,,,,POWERGRID_2016-03-31,POWERGRID,2016-03-31 00:00:00,2016-05-26 20:07:44,56.0,ACTUAL_RESULT,,confirmed,MULTIPLE_HUMAN_PRIMARY_RESULTS,56,,,
event_classification,,,,POWERGRID_2016-06-30,POWERGRID,2016-06-30 00:00:00,2016-08-16 13:51:11,47.0,ACTUAL_RESULT,,confirmed,OK,47,,,
event_classification,,,,POWERGRID_2016-09-30,POWERGRID,2016-09-30 00:00:00,2016-11-09 17:33:47,40.0,ACTUAL_RESULT,,confirmed,OK,40,,,
event_classification,,,,POWERGRID_2016-12-31,POWERGRID,2016-12-31 00:00:00,2017-02-09 17:23:25,40.0,ACTUAL_RESULT,,confirmed,OK,40,,,
event_classification,,,,POWERGRID_2017-03-31,POWERGRID,2017-03-31 00:00:00,2017-05-29 18:23:20,59.0,ACTUAL_RESULT,,confirmed,OK,59,,,
event_classification,,,,POWERGRID_2017-06-30,POWERGRID,2017-06-30 00:00:00,2017-08-01 17:00:28,32.0,ACTUAL_RESULT,,confirmed,OK,32,,,
event_classification,,,,POWERGRID_2017-09-30,POWERGRID,2017-09-30 00:00:00,2017-11-02 16:43:03,33.0,ACTUAL_RESULT,,confirmed,OK,33,,,
event_classification,,,,POWERGRID_2017-12-31,POWERGRID,2017-12-31 00:00:00,2018-02-01 18:24:03,32.0,ACTUAL_RESULT,,confirmed,OK,32,,,
event_classification,,,,POWERGRID_2018-03-31,POWERGRID,2018-03-31 00:00:00,2018-05-29 16:02:27,59.0,ACTUAL_RESULT,,confirmed,OK,59,,,
event_classification,,,,POWERGRID_2018-06-30,POWERGRID,2018-06-30 00:00:00,2018-07-31 19:06:27,31.0,ACTUAL_RESULT,,confirmed,OK,31,,,
event_classification,,,,POWERGRID_2018-09-30,POWERGRID,2018-09-30 00:00:00,2018-11-05 17:47:25,36.0,ACTUAL_RESULT,,confirmed,OK,36,,,
event_classification,,,,POWERGRID_2018-12-31,POWERGRID,2018-12-31 00:00:00,2019-01-31 15:49:24,31.0,ACTUAL_RESULT,,confirmed,OK,31,,,
event_classification,,,,POWERGRID_2019-03-31,POWERGRID,2019-03-31 00:00:00,2019-05-29 17:18:30,59.0,ACTUAL_RESULT,,confirmed,OK,59,,,
event_classification,,,,POWERGRID_2019-06-30,POWERGRID,2019-06-30 00:00:00,2019-08-02 12:11:47,33.0,ACTUAL_RESULT,,confirmed,OK,33,,,
event_classification,,,,POWERGRID_2019-09-30,POWERGRID,2019-09-30 00:00:00,2019-11-07 15:43:21,38.0,ACTUAL_RESULT,,confirmed,UNCLASSIFIED_DOCUMENT,38,,,
event_classification,,,,POWERGRID_2019-12-31,POWERGRID,2019-12-31 00:00:00,2020-01-31 15:40:55,31.0,ACTUAL_RESULT,,confirmed,OK,31,,,
event_classification,,,,POWERGRID_2020-03-31,POWERGRID,2020-03-31 00:00:00,2020-06-20 19:11:45,81.0,ACTUAL_RESULT,,confirmed,OK,81,,,
event_classification,,,,POWERGRID_2020-06-30,POWERGRID,2020-06-30 00:00:00,2020-08-10 19:05:28,41.0,ACTUAL_RESULT,,confirmed,OK,41,,,
event_classification,,,,POWERGRID_2020-09-30,POWERGRID,2020-09-30 00:00:00,2020-11-11 18:37:23,42.0,ACTUAL_RESULT,,confirmed,OK,42,,,
event_classification,,,,POWERGRID_2020-12-31,POWERGRID,2020-12-31 00:00:00,2021-02-11 17:49:54,42.0,ACTUAL_RESULT,,confirmed,OK,42,,,
event_classification,,,,POWERGRID_2021-03-31,POWERGRID,2021-03-31 00:00:00,2021-06-17 18:28:27,78.0,ACTUAL_RESULT,,confirmed,OK,78,,,
event_classification,,,,POWERGRID_2021-06-30,POWERGRID,2021-06-30 00:00:00,2021-08-10 18:19:51,41.0,ACTUAL_RESULT,,confirmed,OK,41,,,
event_classification,,,,POWERGRID_2021-09-30,POWERGRID,2021-09-30 00:00:00,2021-11-09 18:11:25,40.0,ACTUAL_RESULT,,confirmed,OK,40,,,
event_classification,,,,POWERGRID_2021-12-31,POWERGRID,2021-12-31 00:00:00,2022-02-09 16:42:04,40.0,ACTUAL_RESULT,,confirmed,OK,40,,,
event_classification,,,,POWERGRID_2022-03-31,POWERGRID,2022-03-31 00:00:00,2022-05-21 17:34:41,51.0,ACTUAL_RESULT,,confirmed,OK,51,,,
event_classification,,,,POWERGRID_2022-06-30,POWERGRID,2022-06-30 00:00:00,NaT,,UNCERTAIN,,no_primary_result,MISSING_RESULT,,,,
event_classification,,,,POWERGRID_2022-09-30,POWERGRID,2022-09-30 00:00:00,NaT,,UNCERTAIN,,no_primary_result,MISSING_RESULT,,,,
event_classification,,,,POWERGRID_2022-12-31,POWERGRID,2022-12-31 00:00:00,2023-01-31 20:04:32,31.0,ACTUAL_RESULT,,confirmed,OK,31,,,
event_classification,,,,POWERGRID_2023-03-31,POWERGRID,2023-03-31 00:00:00,2023-05-19 17:50:41,49.0,ACTUAL_RESULT,,confirmed,OK,49,,,
event_classification,,,,POWERGRID_2023-06-30,POWERGRID,2023-06-30 00:00:00,2023-07-31 19:43:40,31.0,ACTUAL_RESULT,,confirmed,OK,31,,,
event_classification,,,,POWERGRID_2023-09-30,POWERGRID,2023-09-30 00:00:00,2023-11-07 18:07:05,38.0,ACTUAL_RESULT,,confirmed,OK,38,,,
event_classification,,,,POWERGRID_2023-12-31,POWERGRID,2023-12-31 00:00:00,2024-02-07 15:29:40,38.0,ACTUAL_RESULT,,confirmed,OK,38,,,
event_classification,,,,POWERGRID_2024-03-31,POWERGRID,2024-03-31 00:00:00,2024-05-22 18:45:18,52.0,ACTUAL_RESULT,,confirmed,OK,52,,,
event_classification,,,,POWERGRID_2024-06-30,POWERGRID,2024-06-30 00:00:00,2024-07-26 20:21:28,26.0,ACTUAL_RESULT,,confirmed,OK,26,,,
event_classification,,,,POWERGRID_2024-09-30,POWERGRID,2024-09-30 00:00:00,2024-11-06 16:36:54,37.0,ACTUAL_RESULT,,confirmed,OK,37,,,
event_classification,,,,POWERGRID_2024-12-31,POWERGRID,2024-12-31 00:00:00,2025-02-03 20:22:55,34.0,ACTUAL_RESULT,,confirmed,OK,34,,,
event_classification,,,,POWERGRID_2025-03-31,POWERGRID,2025-03-31 00:00:00,2025-05-19 19:45:44,49.0,ACTUAL_RESULT,,confirmed,OK,49,,,
event_classification,,,,POWERGRID_2025-06-30,POWERGRID,2025-06-30 00:00:00,2025-07-30 14:54:12,30.0,ACTUAL_RESULT,,confirmed,OK,30,,,
event_classification,,,,POWERGRID_2025-09-30,POWERGRID,2025-09-30 00:00:00,2025-11-03 18:19:24,34.0,ACTUAL_RESULT,,confirmed,OK,34,,,
event_classification,,,,POWERGRID_2025-12-31,POWERGRID,2025-12-31 00:00:00,NaT,,UNCERTAIN,,no_primary_result,MISSING_RESULT,,,,
event_classification,,,,POWERGRID_2026-03-31,POWERGRID,2026-03-31 00:00:00,2026-05-15 19:46:24,45.0,ACTUAL_RESULT,,confirmed,MANY_PRE_ANNOUNCEMENTS,45,,,
event_classification,,,,POWERGRID_2026-06-30,POWERGRID,2026-06-30 00:00:00,2026-08-05 22:43:02,36.0,ACTUAL_RESULT,,confirmed,MANY_PRE_ANNOUNCEMENTS,36,,,
event_classification,,,,POWERGRID_2026-09-30,POWERGRID,2026-09-30 00:00:00,NaT,,UNCERTAIN,,no_primary_result,MISSING_RESULT,,,,
event_classification,,,,RELIANCE_2004-12-31,RELIANCE,2004-12-31 00:00:00,NaT,,UNCERTAIN,,no_primary_result,MISSING_RESULT|DUPLICATE_DOCUMENT,,,,
event_classification,,,,RELIANCE_2005-03-31,RELIANCE,2005-03-31 00:00:00,2005-04-27 00:00:00,27.0,ACTUAL_RESULT,,confirmed,OK,27,,,
event_classification,,,,RELIANCE_2005-06-30,RELIANCE,2005-06-30 00:00:00,NaT,,UNCERTAIN,,no_primary_result,MISSING_RESULT|DUPLICATE_DOCUMENT,,,,
event_classification,,,,RELIANCE_2005-09-30,RELIANCE,2005-09-30 00:00:00,2005-11-16 00:00:00,47.0,ACTUAL_RESULT,,confirmed,DUPLICATE_DOCUMENT,47,,,
event_classification,,,,RELIANCE_2005-12-31,RELIANCE,2005-12-31 00:00:00,NaT,,UNCERTAIN,,no_primary_result,MISSING_RESULT|DUPLICATE_DOCUMENT,,,,
event_classification,,,,RELIANCE_2006-03-31,RELIANCE,2006-03-31 00:00:00,NaT,,UNCERTAIN,,no_primary_result,MISSING_RESULT|DUPLICATE_DOCUMENT,,,,
event_classification,,,,RELIANCE_2006-06-30,RELIANCE,2006-06-30 00:00:00,NaT,,UNCERTAIN,,no_primary_result,MISSING_RESULT|DUPLICATE_DOCUMENT,,,,
event_classification,,,,RELIANCE_2006-09-30,RELIANCE,2006-09-30 00:00:00,NaT,,UNCERTAIN,,no_primary_result,MISSING_RESULT,,,,
event_classification,,,,RELIANCE_2006-12-31,RELIANCE,2006-12-31 00:00:00,NaT,,UNCERTAIN,,no_primary_result,MISSING_RESULT|DUPLICATE_DOCUMENT|MANY_PRE_ANNOUNCEMENTS,,,,
event_classification,,,,RELIANCE_2007-03-31,RELIANCE,2007-03-31 00:00:00,2007-09-10 17:11:00,163.0,UNCERTAIN,,confirmed,MULTIPLE_HUMAN_PRIMARY_RESULTS|VERY_LATE_FILING|DUPLICATE_DOCUMENT|MANY_PRE_ANNOUNCEMENTS,163,,,
event_classification,,,,RELIANCE_2007-06-30,RELIANCE,2007-06-30 00:00:00,2007-07-28 17:59:00,28.0,ACTUAL_RESULT,,confirmed,DUPLICATE_DOCUMENT,28,,,
event_classification,,,,RELIANCE_2007-09-30,RELIANCE,2007-09-30 00:00:00,2007-10-18 17:39:00,18.0,ACTUAL_RESULT,,confirmed,DUPLICATE_DOCUMENT,18,,,
event_classification,,,,RELIANCE_2007-12-31,RELIANCE,2007-12-31 00:00:00,2008-01-17 10:39:00,17.0,ACTUAL_RESULT,,confirmed,DUPLICATE_DOCUMENT|MANY_PRE_ANNOUNCEMENTS,17,,,
event_classification,,,,RELIANCE_2008-03-31,RELIANCE,2008-03-31 00:00:00,2008-04-21 16:57:00,21.0,ACTUAL_RESULT,,confirmed,MULTIPLE_HUMAN_PRIMARY_RESULTS|DUPLICATE_DOCUMENT,21,,,
event_classification,,,,RELIANCE_2008-06-30,RELIANCE,2008-06-30 00:00:00,2008-07-24 16:57:00,24.0,ACTUAL_RESULT,,confirmed,DUPLICATE_DOCUMENT,24,,,
event_classification,,,,RELIANCE_2008-09-30,RELIANCE,2008-09-30 00:00:00,2008-10-23 16:37:00,23.0,ACTUAL_RESULT,,confirmed,DUPLICATE_DOCUMENT,23,,,
event_classification,,,,RELIANCE_2008-12-31,RELIANCE,2008-12-31 00:00:00,2009-01-22 16:30:00,22.0,ACTUAL_RESULT,,confirmed,DUPLICATE_DOCUMENT,22,,,
event_classification,,,,RELIANCE_2009-03-31,RELIANCE,2009-03-31 00:00:00,2009-10-07 17:08:00,190.0,UNCERTAIN,,confirmed,MULTIPLE_HUMAN_PRIMARY_RESULTS|VERY_LATE_FILING|DUPLICATE_DOCUMENT,190,,,
event_classification,,,,RELIANCE_2009-06-30,RELIANCE,2009-06-30 00:00:00,2009-07-24 17:04:00,24.0,ACTUAL_RESULT,,confirmed,DUPLICATE_DOCUMENT,24,,,
event_classification,,,,RELIANCE_2009-09-30,RELIANCE,2009-09-30 00:00:00,2009-10-29 17:19:00,29.0,ACTUAL_RESULT,,confirmed,DUPLICATE_DOCUMENT,29,,,
event_classification,,,,RELIANCE_2009-12-31,RELIANCE,2009-12-31 00:00:00,2010-01-22 11:30:00,22.0,ACTUAL_RESULT,,confirmed,DUPLICATE_DOCUMENT|MANY_PRE_ANNOUNCEMENTS,22,,,
event_classification,,,,RELIANCE_2010-03-31,RELIANCE,2010-03-31 00:00:00,2010-04-23 17:51:00,23.0,ACTUAL_RESULT,,confirmed,MULTIPLE_HUMAN_PRIMARY_RESULTS|DUPLICATE_DOCUMENT|UNCLASSIFIED_DOCUMENT,23,,,
event_classification,,,,RELIANCE_2010-06-30,RELIANCE,2010-06-30 00:00:00,2010-07-27 17:43:00,27.0,ACTUAL_RESULT,,confirmed,DUPLICATE_DOCUMENT|MANY_PRE_ANNOUNCEMENTS,27,,,
event_classification,,,,RELIANCE_2010-09-30,RELIANCE,2010-09-30 00:00:00,2010-10-30 12:48:00,30.0,ACTUAL_RESULT,,confirmed,MULTIPLE_HUMAN_PRIMARY_RESULTS,30,,,
event_classification,,,,RELIANCE_2010-12-31,RELIANCE,2010-12-31 00:00:00,2011-01-21 17:04:00,21.0,ACTUAL_RESULT,,confirmed,MULTIPLE_HUMAN_PRIMARY_RESULTS,21,,,
event_classification,,,,RELIANCE_2011-03-31,RELIANCE,2011-03-31 00:00:00,2011-04-21 17:37:00,21.0,ACTUAL_RESULT,,confirmed,MULTIPLE_HUMAN_PRIMARY_RESULTS|DUPLICATE_DOCUMENT,21,,,
event_classification,,,,RELIANCE_2011-06-30,RELIANCE,2011-06-30 00:00:00,2011-07-25 17:22:00,25.0,ACTUAL_RESULT,,confirmed,MULTIPLE_HUMAN_PRIMARY_RESULTS,25,,,
event_classification,,,,RELIANCE_2011-09-30,RELIANCE,2011-09-30 00:00:00,2011-10-15 16:03:00,15.0,ACTUAL_RESULT,,confirmed,MULTIPLE_HUMAN_PRIMARY_RESULTS|DUPLICATE_DOCUMENT,15,,,
event_classification,,,,RELIANCE_2011-12-31,RELIANCE,2011-12-31 00:00:00,2012-01-20 17:46:00,20.0,ACTUAL_RESULT,,confirmed,MULTIPLE_HUMAN_PRIMARY_RESULTS|DUPLICATE_DOCUMENT,20,,,
event_classification,,,,RELIANCE_2012-03-31,RELIANCE,2012-03-31 00:00:00,2012-04-20 17:17:00,20.0,ACTUAL_RESULT,,confirmed,MULTIPLE_HUMAN_PRIMARY_RESULTS|DUPLICATE_DOCUMENT,20,,,
event_classification,,,,RELIANCE_2012-06-30,RELIANCE,2012-06-30 00:00:00,2012-07-20 17:49:00,20.0,ACTUAL_RESULT,,confirmed,MULTIPLE_HUMAN_PRIMARY_RESULTS,20,,,
event_classification,,,,RELIANCE_2012-09-30,RELIANCE,2012-09-30 00:00:00,2012-10-15 17:55:45,15.0,ACTUAL_RESULT,,confirmed,OK,15,,,
event_classification,,,,RELIANCE_2012-12-31,RELIANCE,2012-12-31 00:00:00,2013-01-18 18:01:00,18.0,ACTUAL_RESULT,,confirmed,MULTIPLE_HUMAN_PRIMARY_RESULTS|MANY_PRE_ANNOUNCEMENTS,18,,,
event_classification,,,,RELIANCE_2013-03-31,RELIANCE,2013-03-31 00:00:00,2013-04-16 17:19:00,16.0,ACTUAL_RESULT,,confirmed,MULTIPLE_HUMAN_PRIMARY_RESULTS|DUPLICATE_DOCUMENT,16,,,
event_classification,,,,RELIANCE_2013-06-30,RELIANCE,2013-06-30 00:00:00,2013-07-19 17:48:00,19.0,ACTUAL_RESULT,,confirmed,MULTIPLE_HUMAN_PRIMARY_RESULTS,19,,,
event_classification,,,,RELIANCE_2013-09-30,RELIANCE,2013-09-30 00:00:00,2013-10-14 17:55:02,14.0,ACTUAL_RESULT,,confirmed,MULTIPLE_HUMAN_PRIMARY_RESULTS,14,,,
event_classification,,,,RELIANCE_2013-12-31,RELIANCE,2013-12-31 00:00:00,2014-01-17 17:19:02,17.0,ACTUAL_RESULT,,confirmed,MULTIPLE_HUMAN_PRIMARY_RESULTS,17,,,
event_classification,,,,RELIANCE_2014-03-31,RELIANCE,2014-03-31 00:00:00,2014-04-18 18:07:03,18.0,ACTUAL_RESULT,,confirmed,MULTIPLE_HUMAN_PRIMARY_RESULTS|MANY_PRE_ANNOUNCEMENTS,18,,,
event_classification,,,,RELIANCE_2014-06-30,RELIANCE,2014-06-30 00:00:00,2014-07-19 16:55:02,19.0,ACTUAL_RESULT,,confirmed,MANY_PRE_ANNOUNCEMENTS,19,,,
event_classification,,,,RELIANCE_2014-09-30,RELIANCE,2014-09-30 00:00:00,2014-10-13 18:19:02,13.0,ACTUAL_RESULT,,confirmed,OK,13,,,
event_classification,,,,RELIANCE_2014-12-31,RELIANCE,2014-12-31 00:00:00,2015-01-16 18:23:02,16.0,ACTUAL_RESULT,,confirmed,MANY_PRE_ANNOUNCEMENTS,16,,,
event_classification,,,,RELIANCE_2015-03-31,RELIANCE,2015-03-31 00:00:00,2015-04-17 16:03:02,17.0,ACTUAL_RESULT,,confirmed,MANY_PRE_ANNOUNCEMENTS,17,,,
event_classification,,,,RELIANCE_2015-06-30,RELIANCE,2015-06-30 00:00:00,2015-07-24 16:29:53,24.0,ACTUAL_RESULT,,confirmed,OK,24,,,
event_classification,,,,RELIANCE_2015-09-30,RELIANCE,2015-09-30 00:00:00,2015-10-16 16:23:34,16.0,ACTUAL_RESULT,,confirmed,OK,16,,,
event_classification,,,,RELIANCE_2015-12-31,RELIANCE,2015-12-31 00:00:00,2016-01-19 16:45:05,19.0,ACTUAL_RESULT,,confirmed,MULTIPLE_HUMAN_PRIMARY_RESULTS,19,,,
event_classification,,,,RELIANCE_2016-03-31,RELIANCE,2016-03-31 00:00:00,2016-04-22 17:27:22,22.0,ACTUAL_RESULT,,confirmed,MULTIPLE_HUMAN_PRIMARY_RESULTS,22,,,
event_classification,,,,RELIANCE_2016-06-30,RELIANCE,2016-06-30 00:00:00,2016-07-15 17:07:23,15.0,ACTUAL_RESULT,,confirmed,MULTIPLE_HUMAN_PRIMARY_RESULTS,15,,,
event_classification,,,,RELIANCE_2016-09-30,RELIANCE,2016-09-30 00:00:00,2016-10-20 17:12:11,20.0,ACTUAL_RESULT,,confirmed,MANY_PRE_ANNOUNCEMENTS,20,,,
event_classification,,,,RELIANCE_2016-12-31,RELIANCE,2016-12-31 00:00:00,2017-01-16 17:26:46,16.0,ACTUAL_RESULT,,confirmed,MANY_PRE_ANNOUNCEMENTS,16,,,
event_classification,,,,RELIANCE_2017-03-31,RELIANCE,2017-03-31 00:00:00,2017-04-24 17:07:49,24.0,ACTUAL_RESULT,,confirmed,MANY_PRE_ANNOUNCEMENTS,24,,,
event_classification,,,,RELIANCE_2017-06-30,RELIANCE,2017-06-30 00:00:00,2017-07-20 17:44:16,20.0,ACTUAL_RESULT,,confirmed,OK,20,,,
event_classification,,,,RELIANCE_2017-09-30,RELIANCE,2017-09-30 00:00:00,2017-10-13 17:16:47,13.0,ACTUAL_RESULT,,confirmed,OK,13,,,
event_classification,,,,RELIANCE_2017-12-31,RELIANCE,2017-12-31 00:00:00,2018-01-19 18:15:45,19.0,ACTUAL_RESULT,,confirmed,OK,19,,,
event_classification,,,,RELIANCE_2018-03-31,RELIANCE,2018-03-31 00:00:00,2018-04-27 18:24:35,27.0,ACTUAL_RESULT,,confirmed,MANY_PRE_ANNOUNCEMENTS,27,,,
event_classification,,,,RELIANCE_2018-06-30,RELIANCE,2018-06-30 00:00:00,2018-07-27 18:11:59,27.0,ACTUAL_RESULT,,confirmed,MANY_PRE_ANNOUNCEMENTS,27,,,
event_classification,,,,RELIANCE_2018-09-30,RELIANCE,2018-09-30 00:00:00,2018-10-17 18:47:13,17.0,ACTUAL_RESULT,,confirmed,OK,17,,,
event_classification,,,,RELIANCE_2018-12-31,RELIANCE,2018-12-31 00:00:00,2019-01-17 18:16:26,17.0,ACTUAL_RESULT,,confirmed,OK,17,,,
event_classification,,,,RELIANCE_2019-03-31,RELIANCE,2019-03-31 00:00:00,2019-04-18 18:15:31,18.0,ACTUAL_RESULT,,confirmed,OK,18,,,
event_classification,,,,RELIANCE_2019-06-30,RELIANCE,2019-06-30 00:00:00,2019-07-19 18:23:55,19.0,ACTUAL_RESULT,,confirmed,OK,19,,,
event_classification,,,,RELIANCE_2019-09-30,RELIANCE,2019-09-30 00:00:00,2019-10-18 18:35:40,18.0,ACTUAL_RESULT,,confirmed,OK,18,,,
event_classification,,,,RELIANCE_2019-12-31,RELIANCE,2019-12-31 00:00:00,2020-01-17 18:46:47,17.0,ACTUAL_RESULT,,confirmed,MANY_PRE_ANNOUNCEMENTS,17,,,
event_classification,,,,RELIANCE_2020-03-31,RELIANCE,2020-03-31 00:00:00,2020-04-30 18:32:41,30.0,ACTUAL_RESULT,,confirmed,OK,30,,,
event_classification,,,,RELIANCE_2020-06-30,RELIANCE,2020-06-30 00:00:00,2020-07-30 19:18:06,30.0,ACTUAL_RESULT,,confirmed,MANY_PRE_ANNOUNCEMENTS,30,,,
event_classification,,,,RELIANCE_2020-09-30,RELIANCE,2020-09-30 00:00:00,2020-10-30 20:02:38,30.0,ACTUAL_RESULT,,confirmed,MANY_PRE_ANNOUNCEMENTS,30,,,
event_classification,,,,RELIANCE_2020-12-31,RELIANCE,2020-12-31 00:00:00,2021-01-22 19:50:19,22.0,ACTUAL_RESULT,,confirmed,MANY_PRE_ANNOUNCEMENTS,22,,,
event_classification,,,,RELIANCE_2021-03-31,RELIANCE,2021-03-31 00:00:00,2021-04-30 19:34:56,30.0,ACTUAL_RESULT,,confirmed,MANY_PRE_ANNOUNCEMENTS,30,,,
event_classification,,,,RELIANCE_2021-06-30,RELIANCE,2021-06-30 00:00:00,2021-07-23 19:37:56,23.0,ACTUAL_RESULT,,confirmed,MANY_PRE_ANNOUNCEMENTS,23,,,
event_classification,,,,RELIANCE_2021-09-30,RELIANCE,2021-09-30 00:00:00,2021-10-22 20:17:39,22.0,ACTUAL_RESULT,,confirmed,OK,22,,,
event_classification,,,,RELIANCE_2021-12-31,RELIANCE,2021-12-31 00:00:00,2022-01-21 19:48:07,21.0,ACTUAL_RESULT,,confirmed,MANY_PRE_ANNOUNCEMENTS,21,,,
event_classification,,,,RELIANCE_2022-03-31,RELIANCE,2022-03-31 00:00:00,2022-05-06 19:44:28,36.0,ACTUAL_RESULT,,confirmed,MANY_PRE_ANNOUNCEMENTS,36,,,
event_classification,,,,RELIANCE_2022-06-30,RELIANCE,2022-06-30 00:00:00,2022-07-22 19:35:39,22.0,ACTUAL_RESULT,,confirmed,OK,22,,,
event_classification,,,,RELIANCE_2022-09-30,RELIANCE,2022-09-30 00:00:00,2022-10-21 19:38:09,21.0,ACTUAL_RESULT,,confirmed,OK,21,,,
event_classification,,,,RELIANCE_2022-12-31,RELIANCE,2022-12-31 00:00:00,2023-01-20 19:07:53,20.0,ACTUAL_RESULT,,confirmed,MANY_PRE_ANNOUNCEMENTS,20,,,
event_classification,,,,RELIANCE_2023-03-31,RELIANCE,2023-03-31 00:00:00,2023-04-21 19:24:25,21.0,ACTUAL_RESULT,,confirmed,MANY_PRE_ANNOUNCEMENTS,21,,,
event_classification,,,,RELIANCE_2023-06-30,RELIANCE,2023-06-30 00:00:00,2023-07-21 19:39:21,21.0,ACTUAL_RESULT,,confirmed,OK,21,,,
event_classification,,,,RELIANCE_2023-09-30,RELIANCE,2023-09-30 00:00:00,2023-10-27 19:25:53,27.0,ACTUAL_RESULT,,confirmed,MANY_PRE_ANNOUNCEMENTS,27,,,
event_classification,,,,RELIANCE_2023-12-31,RELIANCE,2023-12-31 00:00:00,2024-01-19 18:13:53,19.0,ACTUAL_RESULT,,confirmed,MULTIPLE_HUMAN_PRIMARY_RESULTS,19,,,
event_classification,,,,RELIANCE_2024-03-31,RELIANCE,2024-03-31 00:00:00,2024-04-22 19:01:25,22.0,ACTUAL_RESULT,,confirmed,OK,22,,,
event_classification,,,,RELIANCE_2024-06-30,RELIANCE,2024-06-30 00:00:00,2024-07-19 19:16:04,19.0,ACTUAL_RESULT,,confirmed,OK,19,,,
event_classification,,,,RELIANCE_2024-09-30,RELIANCE,2024-09-30 00:00:00,2024-10-14 19:02:31,14.0,ACTUAL_RESULT,,confirmed,OK,14,,,
event_classification,,,,RELIANCE_2024-12-31,RELIANCE,2024-12-31 00:00:00,2025-01-16 19:25:42,16.0,ACTUAL_RESULT,,confirmed,OK,16,,,
event_classification,,,,RELIANCE_2025-03-31,RELIANCE,2025-03-31 00:00:00,2025-04-25 20:05:15,25.0,ACTUAL_RESULT,,confirmed,MULTIPLE_HUMAN_PRIMARY_RESULTS,25,,,
event_classification,,,,RELIANCE_2025-06-30,RELIANCE,2025-06-30 00:00:00,2025-07-18 19:31:34,18.0,ACTUAL_RESULT,,confirmed,OK,18,,,
event_classification,,,,RELIANCE_2025-09-30,RELIANCE,2025-09-30 00:00:00,2025-10-17 19:01:21,17.0,ACTUAL_RESULT,,confirmed,OK,17,,,
event_classification,,,,RELIANCE_2025-12-31,RELIANCE,2025-12-31 00:00:00,2026-01-16 19:09:20,16.0,ACTUAL_RESULT,,confirmed,OK,16,,,
event_classification,,,,RELIANCE_2026-03-31,RELIANCE,2026-03-31 00:00:00,2026-04-24 19:26:28,24.0,ACTUAL_RESULT,,confirmed,MULTIPLE_HUMAN_PRIMARY_RESULTS|MANY_PRE_ANNOUNCEMENTS,24,,,
event_classification,,,,RELIANCE_2026-06-30,RELIANCE,2026-06-30 00:00:00,2026-07-17 19:07:44,17.0,ACTUAL_RESULT,,confirmed,OK,17,,,
event_classification,,,,RELIANCE_2026-09-30,RELIANCE,2026-09-30 00:00:00,NaT,,UNCERTAIN,,no_primary_result,MISSING_RESULT,,,,
event_classification,,,,SBILIFE_2017-09-30,SBILIFE,2017-09-30 00:00:00,2017-10-31 14:11:42,31.0,ACTUAL_RESULT,,confirmed,OK,31,,,
event_classification,,,,SBILIFE_2017-12-31,SBILIFE,2017-12-31 00:00:00,2018-01-30 13:34:22,30.0,ACTUAL_RESULT,,confirmed,OK,30,,,
event_classification,,,,SBILIFE_2018-03-31,SBILIFE,2018-03-31 00:00:00,2018-04-26 15:10:06,26.0,ACTUAL_RESULT,,confirmed,OK,26,,,
event_classification,,,,SBILIFE_2018-06-30,SBILIFE,2018-06-30 00:00:00,2018-07-26 14:54:27,26.0,ACTUAL_RESULT,,confirmed,OK,26,,,
event_classification,,,,SBILIFE_2018-09-30,SBILIFE,2018-09-30 00:00:00,2018-10-19 19:25:05,19.0,ACTUAL_RESULT,,confirmed,OK,19,,,
event_classification,,,,SBILIFE_2018-12-31,SBILIFE,2018-12-31 00:00:00,2019-01-18 18:19:43,18.0,ACTUAL_RESULT,,confirmed,OK,18,,,
event_classification,,,,SBILIFE_2019-03-31,SBILIFE,2019-03-31 00:00:00,2019-04-25 20:24:51,25.0,ACTUAL_RESULT,,confirmed,OK,25,,,
event_classification,,,,SBILIFE_2019-06-30,SBILIFE,2019-06-30 00:00:00,2019-07-23 18:20:56,23.0,ACTUAL_RESULT,,confirmed,OK,23,,,
event_classification,,,,SBILIFE_2019-09-30,SBILIFE,2019-09-30 00:00:00,2019-10-15 19:37:02,15.0,ACTUAL_RESULT,,confirmed,OK,15,,,
event_classification,,,,SBILIFE_2019-12-31,SBILIFE,2019-12-31 00:00:00,2020-01-22 14:59:11,22.0,ACTUAL_RESULT,,confirmed,OK,22,,,
event_classification,,,,SBILIFE_2020-03-31,SBILIFE,2020-03-31 00:00:00,2020-05-05 15:00:29,35.0,ACTUAL_RESULT,,confirmed,OK,35,,,
event_classification,,,,SBILIFE_2020-06-30,SBILIFE,2020-06-30 00:00:00,2020-07-21 14:10:50,21.0,ACTUAL_RESULT,,confirmed,OK,21,,,
event_classification,,,,SBILIFE_2020-09-30,SBILIFE,2020-09-30 00:00:00,2020-10-26 14:34:13,26.0,ACTUAL_RESULT,,confirmed,OK,26,,,
event_classification,,,,SBILIFE_2020-12-31,SBILIFE,2020-12-31 00:00:00,2021-01-22 14:12:11,22.0,ACTUAL_RESULT,,confirmed,OK,22,,,
event_classification,,,,SBILIFE_2021-03-31,SBILIFE,2021-03-31 00:00:00,2021-05-03 14:53:20,33.0,ACTUAL_RESULT,,confirmed,OK,33,,,
event_classification,,,,SBILIFE_2021-06-30,SBILIFE,2021-06-30 00:00:00,2021-07-26 15:16:13,26.0,ACTUAL_RESULT,,confirmed,OK,26,,,
event_classification,,,,SBILIFE_2021-09-30,SBILIFE,2021-09-30 00:00:00,2021-10-28 13:20:33,28.0,ACTUAL_RESULT,,confirmed,OK,28,,,
event_classification,,,,SBILIFE_2021-12-31,SBILIFE,2021-12-31 00:00:00,2022-01-21 15:08:01,21.0,ACTUAL_RESULT,,confirmed,OK,21,,,
event_classification,,,,SBILIFE_2022-03-31,SBILIFE,2022-03-31 00:00:00,2022-04-28 15:14:08,28.0,ACTUAL_RESULT,,confirmed,UNCLASSIFIED_DOCUMENT,28,,,
event_classification,,,,SBILIFE_2022-06-30,SBILIFE,2022-06-30 00:00:00,NaT,,UNCERTAIN,,no_primary_result,MISSING_RESULT,,,,
event_classification,,,,SBILIFE_2022-09-30,SBILIFE,2022-09-30 00:00:00,NaT,,UNCERTAIN,,no_primary_result,MISSING_RESULT,,,,
event_classification,,,,SBILIFE_2022-12-31,SBILIFE,2022-12-31 00:00:00,2023-01-21 17:32:05,21.0,ACTUAL_RESULT,,confirmed,OK,21,,,
event_classification,,,,SBILIFE_2023-03-31,SBILIFE,2023-03-31 00:00:00,2023-04-26 19:15:42,26.0,ACTUAL_RESULT,,confirmed,OK,26,,,
event_classification,,,,SBILIFE_2023-06-30,SBILIFE,2023-06-30 00:00:00,2023-07-25 18:47:27,25.0,ACTUAL_RESULT,,confirmed,OK,25,,,
event_classification,,,,SBILIFE_2023-09-30,SBILIFE,2023-09-30 00:00:00,2023-10-27 14:50:50,27.0,ACTUAL_RESULT,,confirmed,OK,27,,,
event_classification,,,,SBILIFE_2023-12-31,SBILIFE,2023-12-31 00:00:00,2024-01-25 14:26:32,25.0,ACTUAL_RESULT,,confirmed,OK,25,,,
event_classification,,,,SBILIFE_2024-03-31,SBILIFE,2024-03-31 00:00:00,2024-04-26 15:48:48,26.0,ACTUAL_RESULT,,confirmed,OK,26,,,
event_classification,,,,SBILIFE_2024-06-30,SBILIFE,2024-06-30 00:00:00,2024-07-24 18:50:21,24.0,ACTUAL_RESULT,,confirmed,OK,24,,,
event_classification,,,,SBILIFE_2024-09-30,SBILIFE,2024-09-30 00:00:00,2024-10-23 14:40:42,23.0,ACTUAL_RESULT,,confirmed,OK,23,,,
event_classification,,,,SBILIFE_2024-12-31,SBILIFE,2024-12-31 00:00:00,2025-01-17 14:35:42,17.0,ACTUAL_RESULT,,confirmed,OK,17,,,
event_classification,,,,SBILIFE_2025-03-31,SBILIFE,2025-03-31 00:00:00,NaT,,UNCERTAIN,,no_primary_result,MISSING_RESULT,,,,
event_classification,,,,SBILIFE_2025-06-30,SBILIFE,2025-06-30 00:00:00,2025-07-24 15:22:36,24.0,ACTUAL_RESULT,,confirmed,OK,24,,,
event_classification,,,,SBILIFE_2025-09-30,SBILIFE,2025-09-30 00:00:00,2025-10-24 15:27:47,24.0,ACTUAL_RESULT,,confirmed,OK,24,,,
event_classification,,,,SBILIFE_2025-12-31,SBILIFE,2025-12-31 00:00:00,2026-01-28 14:43:29,28.0,ACTUAL_RESULT,,confirmed,OK,28,,,
event_classification,,,,SBILIFE_2026-03-31,SBILIFE,2026-03-31 00:00:00,2026-04-22 15:31:56,22.0,ACTUAL_RESULT,,confirmed,OK,22,,,
event_classification,,,,SBILIFE_2026-06-30,SBILIFE,2026-06-30 00:00:00,2026-07-24 14:40:58,24.0,ACTUAL_RESULT,,confirmed,OK,24,,,
event_classification,,,,SBIN_2004-06-30,SBIN,2004-06-30 00:00:00,NaT,,UNCERTAIN,,no_primary_result,MISSING_RESULT,,,,
event_classification,,,,SBIN_2004-09-30,SBIN,2004-09-30 00:00:00,NaT,,UNCERTAIN,,no_primary_result,MISSING_RESULT,,,,
event_classification,,,,SBIN_2004-12-31,SBIN,2004-12-31 00:00:00,NaT,,UNCERTAIN,,no_primary_result,MISSING_RESULT,,,,
event_classification,,,,SBIN_2005-06-30,SBIN,2005-06-30 00:00:00,NaT,,UNCERTAIN,,no_primary_result,MISSING_RESULT,,,,
event_classification,,,,SBIN_2005-09-30,SBIN,2005-09-30 00:00:00,NaT,,UNCERTAIN,,no_primary_result,MISSING_RESULT,,,,
event_classification,,,,SBIN_2005-12-31,SBIN,2005-12-31 00:00:00,NaT,,UNCERTAIN,,no_primary_result,MISSING_RESULT,,,,
event_classification,,,,SBIN_2006-06-30,SBIN,2006-06-30 00:00:00,NaT,,UNCERTAIN,,no_primary_result,MISSING_RESULT,,,,
event_classification,,,,SBIN_2006-09-30,SBIN,2006-09-30 00:00:00,NaT,,UNCERTAIN,,no_primary_result,MISSING_RESULT,,,,
event_classification,,,,SBIN_2006-12-31,SBIN,2006-12-31 00:00:00,2008-02-04 19:27:00,400.0,UNCERTAIN,,confirmed,VERY_LATE_FILING|DUPLICATE_DOCUMENT,400,,,
event_classification,,,,SBIN_2007-06-30,SBIN,2007-06-30 00:00:00,2007-07-28 12:17:00,28.0,ACTUAL_RESULT,,confirmed,MULTIPLE_HUMAN_PRIMARY_RESULTS|DUPLICATE_DOCUMENT|UNCLASSIFIED_DOCUMENT,28,,,
event_classification,,,,SBIN_2007-09-30,SBIN,2007-09-30 00:00:00,2007-10-27 16:43:00,27.0,ACTUAL_RESULT,,confirmed,MULTIPLE_HUMAN_PRIMARY_RESULTS|DUPLICATE_DOCUMENT,27,,,
event_classification,,,,SBIN_2007-12-31,SBIN,2007-12-31 00:00:00,2008-01-24 20:04:00,24.0,ACTUAL_RESULT,,confirmed,MULTIPLE_HUMAN_PRIMARY_RESULTS|DUPLICATE_DOCUMENT,24,,,
event_classification,,,,SBIN_2008-03-31,SBIN,2008-03-31 00:00:00,2008-05-02 16:05:00,32.0,ACTUAL_RESULT,,confirmed,MULTIPLE_HUMAN_PRIMARY_RESULTS|DUPLICATE_DOCUMENT|UNCLASSIFIED_DOCUMENT,32,,,
event_classification,,,,SBIN_2008-06-30,SBIN,2008-06-30 00:00:00,2008-07-26 13:28:00,26.0,ACTUAL_RESULT,,confirmed,MULTIPLE_HUMAN_PRIMARY_RESULTS|DUPLICATE_DOCUMENT,26,,,
event_classification,,,,SBIN_2008-09-30,SBIN,2008-09-30 00:00:00,2008-10-27 09:47:00,27.0,ACTUAL_RESULT,,confirmed,MULTIPLE_HUMAN_PRIMARY_RESULTS|DUPLICATE_DOCUMENT,27,,,
event_classification,,,,SBIN_2008-12-31,SBIN,2008-12-31 00:00:00,2009-01-24 13:09:00,24.0,ACTUAL_RESULT,,confirmed,MULTIPLE_HUMAN_PRIMARY_RESULTS|DUPLICATE_DOCUMENT,24,,,
event_classification,,,,SBIN_2009-03-31,SBIN,2009-03-31 00:00:00,2009-05-10 22:37:00,40.0,ACTUAL_RESULT,,confirmed,MULTIPLE_HUMAN_PRIMARY_RESULTS|DUPLICATE_DOCUMENT|UNCLASSIFIED_DOCUMENT,40,,,
event_classification,,,,SBIN_2009-06-30,SBIN,2009-06-30 00:00:00,2009-07-30 13:01:00,30.0,ACTUAL_RESULT,,confirmed,OK,30,,,
event_classification,,,,SBIN_2009-09-30,SBIN,2009-09-30 00:00:00,2009-10-31 13:02:00,31.0,ACTUAL_RESULT,,confirmed,MULTIPLE_HUMAN_PRIMARY_RESULTS|DUPLICATE_DOCUMENT|UNCLASSIFIED_DOCUMENT,31,,,
event_classification,,,,SBIN_2009-12-31,SBIN,2009-12-31 00:00:00,2010-01-25 16:37:00,25.0,ACTUAL_RESULT,,confirmed,MULTIPLE_HUMAN_PRIMARY_RESULTS|DUPLICATE_DOCUMENT,25,,,
event_classification,,,,SBIN_2010-03-31,SBIN,2010-03-31 00:00:00,2010-05-14 13:59:00,44.0,ACTUAL_RESULT,,confirmed,MULTIPLE_HUMAN_PRIMARY_RESULTS|DUPLICATE_DOCUMENT|UNCLASSIFIED_DOCUMENT,44,,,
event_classification,,,,SBIN_2010-06-30,SBIN,2010-06-30 00:00:00,2010-08-12 12:49:00,43.0,ACTUAL_RESULT,,confirmed,MULTIPLE_HUMAN_PRIMARY_RESULTS|DUPLICATE_DOCUMENT,43,,,
event_classification,,,,SBIN_2010-09-30,SBIN,2010-09-30 00:00:00,2010-11-08 17:02:00,39.0,ACTUAL_RESULT,,confirmed,MULTIPLE_HUMAN_PRIMARY_RESULTS,39,,,
event_classification,,,,SBIN_2010-12-31,SBIN,2010-12-31 00:00:00,2011-01-22 13:40:00,22.0,ACTUAL_RESULT,,confirmed,MULTIPLE_HUMAN_PRIMARY_RESULTS|DUPLICATE_DOCUMENT|UNCLASSIFIED_DOCUMENT,22,,,
event_classification,,,,SBIN_2011-03-31,SBIN,2011-03-31 00:00:00,2011-05-17 13:04:00,47.0,ACTUAL_RESULT,,confirmed,MULTIPLE_HUMAN_PRIMARY_RESULTS|DUPLICATE_DOCUMENT|UNCLASSIFIED_DOCUMENT,47,,,
event_classification,,,,SBIN_2011-06-30,SBIN,2011-06-30 00:00:00,2011-08-13 13:25:10,44.0,ACTUAL_RESULT,,confirmed,OK,44,,,
event_classification,,,,SBIN_2011-09-30,SBIN,2011-09-30 00:00:00,2011-11-09 11:50:00,40.0,ACTUAL_RESULT,,confirmed,MULTIPLE_HUMAN_PRIMARY_RESULTS|DUPLICATE_DOCUMENT|UNCLASSIFIED_DOCUMENT,40,,,
event_classification,,,,SBIN_2011-12-31,SBIN,2011-12-31 00:00:00,2012-02-13 14:09:00,44.0,ACTUAL_RESULT,,confirmed,MULTIPLE_HUMAN_PRIMARY_RESULTS,44,,,
event_classification,,,,SBIN_2012-03-31,SBIN,2012-03-31 00:00:00,2012-05-18 12:21:00,48.0,ACTUAL_RESULT,,confirmed,MULTIPLE_HUMAN_PRIMARY_RESULTS|DUPLICATE_DOCUMENT|UNCLASSIFIED_DOCUMENT,48,,,
event_classification,,,,SBIN_2012-06-30,SBIN,2012-06-30 00:00:00,2012-08-10 12:45:20,41.0,ACTUAL_RESULT,,confirmed,OK,41,,,
event_classification,,,,SBIN_2012-09-30,SBIN,2012-09-30 00:00:00,2012-11-09 12:52:00,40.0,ACTUAL_RESULT,,confirmed,MULTIPLE_HUMAN_PRIMARY_RESULTS|DUPLICATE_DOCUMENT,40,,,
event_classification,,,,SBIN_2012-12-31,SBIN,2012-12-31 00:00:00,2013-02-14 13:29:00,45.0,ACTUAL_RESULT,,confirmed,MULTIPLE_HUMAN_PRIMARY_RESULTS|DUPLICATE_DOCUMENT,45,,,
event_classification,,,,SBIN_2013-03-31,SBIN,2013-03-31 00:00:00,2013-05-23 13:11:00,53.0,ACTUAL_RESULT,,confirmed,MULTIPLE_HUMAN_PRIMARY_RESULTS|DUPLICATE_DOCUMENT|UNCLASSIFIED_DOCUMENT,53,,,
event_classification,,,,SBIN_2013-06-30,SBIN,2013-06-30 00:00:00,2013-08-12 12:46:47,43.0,ACTUAL_RESULT,,confirmed,OK,43,,,
event_classification,,,,SBIN_2013-09-30,SBIN,2013-09-30 00:00:00,2013-11-13 12:35:02,44.0,ACTUAL_RESULT,,confirmed,OK,44,,,
event_classification,,,,SBIN_2013-12-31,SBIN,2013-12-31 00:00:00,2014-02-14 13:07:02,45.0,ACTUAL_RESULT,,confirmed,MULTIPLE_HUMAN_PRIMARY_RESULTS,45,,,
event_classification,,,,SBIN_2014-03-31,SBIN,2014-03-31 00:00:00,2014-05-23 12:55:02,53.0,ACTUAL_RESULT,,confirmed,MULTIPLE_HUMAN_PRIMARY_RESULTS|DUPLICATE_DOCUMENT,53,,,
event_classification,,,,SBIN_2014-06-30,SBIN,2014-06-30 00:00:00,2014-08-08 12:55:02,39.0,ACTUAL_RESULT,,confirmed,OK,39,,,
event_classification,,,,SBIN_2014-09-30,SBIN,2014-09-30 00:00:00,2014-11-14 12:35:02,45.0,ACTUAL_RESULT,,confirmed,OK,45,,,
event_classification,,,,SBIN_2014-12-31,SBIN,2014-12-31 00:00:00,2015-02-13 11:59:02,44.0,ACTUAL_RESULT,,confirmed,MULTIPLE_HUMAN_PRIMARY_RESULTS|DUPLICATE_DOCUMENT,44,,,
event_classification,,,,SBIN_2015-03-31,SBIN,2015-03-31 00:00:00,2015-05-22 13:27:02,52.0,ACTUAL_RESULT,,confirmed,OK,52,,,
event_classification,,,,SBIN_2015-06-30,SBIN,2015-06-30 00:00:00,2015-08-11 12:26:27,42.0,ACTUAL_RESULT,,confirmed,OK,42,,,
event_classification,,,,SBIN_2015-09-30,SBIN,2015-09-30 00:00:00,2015-11-06 12:06:19,37.0,ACTUAL_RESULT,,confirmed,OK,37,,,
event_classification,,,,SBIN_2015-12-31,SBIN,2015-12-31 00:00:00,2016-02-11 13:04:13,42.0,ACTUAL_RESULT,,confirmed,OK,42,,,
event_classification,,,,SBIN_2016-03-31,SBIN,2016-03-31 00:00:00,2016-05-27 13:03:48,57.0,ACTUAL_RESULT,,confirmed,MULTIPLE_HUMAN_PRIMARY_RESULTS,57,,,
event_classification,,,,SBIN_2016-06-30,SBIN,2016-06-30 00:00:00,2016-08-12 12:31:24,43.0,ACTUAL_RESULT,,confirmed,OK,43,,,
event_classification,,,,SBIN_2016-09-30,SBIN,2016-09-30 00:00:00,2016-11-11 12:41:16,42.0,ACTUAL_RESULT,,confirmed,OK,42,,,
event_classification,,,,SBIN_2016-12-31,SBIN,2016-12-31 00:00:00,2017-02-10 12:55:55,41.0,ACTUAL_RESULT,,confirmed,OK,41,,,
event_classification,,,,SBIN_2017-03-31,SBIN,2017-03-31 00:00:00,2017-05-19 12:08:20,49.0,ACTUAL_RESULT,,confirmed,OK,49,,,
event_classification,,,,SBIN_2017-06-30,SBIN,2017-06-30 00:00:00,2017-08-11 13:04:57,42.0,ACTUAL_RESULT,,confirmed,OK,42,,,
event_classification,,,,SBIN_2017-09-30,SBIN,2017-09-30 00:00:00,2017-11-10 12:55:33,41.0,ACTUAL_RESULT,,confirmed,OK,41,,,
event_classification,,,,SBIN_2017-12-31,SBIN,2017-12-31 00:00:00,2018-02-09 17:49:41,40.0,ACTUAL_RESULT,,confirmed,OK,40,,,
event_classification,,,,SBIN_2018-03-31,SBIN,2018-03-31 00:00:00,2018-05-22 14:10:59,52.0,ACTUAL_RESULT,,confirmed,MULTIPLE_HUMAN_PRIMARY_RESULTS,52,,,
event_classification,,,,SBIN_2018-06-30,SBIN,2018-06-30 00:00:00,2018-08-10 14:01:03,41.0,ACTUAL_RESULT,,confirmed,OK,41,,,
event_classification,,,,SBIN_2018-09-30,SBIN,2018-09-30 00:00:00,2018-11-05 15:21:36,36.0,ACTUAL_RESULT,,confirmed,OK,36,,,
event_classification,,,,SBIN_2018-12-31,SBIN,2018-12-31 00:00:00,2019-02-01 13:40:49,32.0,ACTUAL_RESULT,,confirmed,OK,32,,,
event_classification,,,,SBIN_2019-03-31,SBIN,2019-03-31 00:00:00,2019-05-10 13:46:54,40.0,ACTUAL_RESULT,,confirmed,OK,40,,,
event_classification,,,,SBIN_2019-06-30,SBIN,2019-06-30 00:00:00,2019-08-02 13:48:28,33.0,ACTUAL_RESULT,,confirmed,OK,33,,,
event_classification,,,,SBIN_2019-09-30,SBIN,2019-09-30 00:00:00,2019-10-25 13:52:07,25.0,ACTUAL_RESULT,,confirmed,OK,25,,,
event_classification,,,,SBIN_2019-12-31,SBIN,2019-12-31 00:00:00,2020-01-31 13:41:29,31.0,ACTUAL_RESULT,,confirmed,OK,31,,,
event_classification,,,,SBIN_2020-03-31,SBIN,2020-03-31 00:00:00,2020-06-05 14:09:12,66.0,ACTUAL_RESULT,,confirmed,OK,66,,,
event_classification,,,,SBIN_2020-06-30,SBIN,2020-06-30 00:00:00,2020-07-31 13:38:51,31.0,ACTUAL_RESULT,,confirmed,OK,31,,,
event_classification,,,,SBIN_2020-09-30,SBIN,2020-09-30 00:00:00,2020-11-04 19:03:35,35.0,ACTUAL_RESULT,,confirmed,MULTIPLE_HUMAN_PRIMARY_RESULTS,35,,,
event_classification,,,,SBIN_2020-12-31,SBIN,2020-12-31 00:00:00,2021-02-04 13:34:46,35.0,ACTUAL_RESULT,,confirmed,OK,35,,,
event_classification,,,,SBIN_2021-03-31,SBIN,2021-03-31 00:00:00,2021-05-21 14:12:10,51.0,ACTUAL_RESULT,,confirmed,OK,51,,,
event_classification,,,,SBIN_2021-06-30,SBIN,2021-06-30 00:00:00,2021-08-04 13:33:13,35.0,ACTUAL_RESULT,,confirmed,OK,35,,,
event_classification,,,,SBIN_2021-09-30,SBIN,2021-09-30 00:00:00,2021-11-03 13:42:53,34.0,ACTUAL_RESULT,,confirmed,OK,34,,,
event_classification,,,,SBIN_2021-12-31,SBIN,2021-12-31 00:00:00,2022-02-05 13:32:40,36.0,ACTUAL_RESULT,,confirmed,OK,36,,,
event_classification,,,,SBIN_2022-03-31,SBIN,2022-03-31 00:00:00,2022-05-13 13:20:15,43.0,ACTUAL_RESULT,,confirmed,OK,43,,,
event_classification,,,,SBIN_2022-06-30,SBIN,2022-06-30 00:00:00,NaT,,UNCERTAIN,,no_primary_result,MISSING_RESULT,,,,
event_classification,,,,SBIN_2022-09-30,SBIN,2022-09-30 00:00:00,NaT,,UNCERTAIN,,no_primary_result,MISSING_RESULT,,,,
event_classification,,,,SBIN_2022-12-31,SBIN,2022-12-31 00:00:00,2023-02-03 17:09:13,34.0,ACTUAL_RESULT,,confirmed,MANY_PRE_ANNOUNCEMENTS,34,,,
event_classification,,,,SBIN_2023-03-31,SBIN,2023-03-31 00:00:00,2023-05-18 13:42:34,48.0,ACTUAL_RESULT,,confirmed,MULTIPLE_HUMAN_PRIMARY_RESULTS,48,,,
event_classification,,,,SBIN_2023-06-30,SBIN,2023-06-30 00:00:00,2023-08-04 13:24:00,35.0,ACTUAL_RESULT,,confirmed,OK,35,,,
event_classification,,,,SBIN_2023-09-30,SBIN,2023-09-30 00:00:00,2023-11-04 13:55:48,35.0,ACTUAL_RESULT,,confirmed,OK,35,,,
event_classification,,,,SBIN_2023-12-31,SBIN,2023-12-31 00:00:00,2024-02-03 13:35:05,34.0,ACTUAL_RESULT,,confirmed,OK,34,,,
event_classification,,,,SBIN_2024-03-31,SBIN,2024-03-31 00:00:00,2024-05-09 13:46:08,39.0,ACTUAL_RESULT,,confirmed,OK,39,,,
event_classification,,,,SBIN_2024-06-30,SBIN,2024-06-30 00:00:00,2024-08-03 13:33:29,34.0,ACTUAL_RESULT,,confirmed,MULTIPLE_HUMAN_PRIMARY_RESULTS,34,,,
event_classification,,,,SBIN_2024-09-30,SBIN,2024-09-30 00:00:00,2024-11-08 13:41:03,39.0,ACTUAL_RESULT,,confirmed,OK,39,,,
event_classification,,,,SBIN_2024-12-31,SBIN,2024-12-31 00:00:00,2025-02-06 14:23:58,37.0,ACTUAL_RESULT,,confirmed,OK,37,,,
event_classification,,,,SBIN_2025-06-30,SBIN,2025-06-30 00:00:00,2025-08-08 13:48:23,39.0,ACTUAL_RESULT,,confirmed,MULTIPLE_HUMAN_PRIMARY_RESULTS|HUMAN_PRIMARY_RESULT_BEFORE_PERIOD_END|MANY_PRE_ANNOUNCEMENTS,39,,,
event_classification,,,,SBIN_2025-09-30,SBIN,2025-09-30 00:00:00,2025-11-04 13:26:22,35.0,ACTUAL_RESULT,,confirmed,OK,35,,,
event_classification,,,,SBIN_2025-12-31,SBIN,2025-12-31 00:00:00,2026-02-07 13:30:39,38.0,ACTUAL_RESULT,,confirmed,OK,38,,,
event_classification,,,,SBIN_2026-03-31,SBIN,2026-03-31 00:00:00,2026-05-08 14:01:38,38.0,ACTUAL_RESULT,,confirmed,OK,38,,,
event_classification,,,,SBIN_2026-06-30,SBIN,2026-06-30 00:00:00,2026-08-07 13:44:20,38.0,ACTUAL_RESULT,,confirmed,OK,38,,,
event_classification,,,,SBIN_2026-09-30,SBIN,2026-09-30 00:00:00,NaT,,UNCERTAIN,,no_primary_result,MISSING_RESULT,,,,
event_classification,,,,SHRIRAMFIN_2005-03-31,SHRIRAMFIN,2005-03-31 00:00:00,NaT,,UNCERTAIN,,no_primary_result,MISSING_RESULT,,,,
event_classification,,,,SHRIRAMFIN_2005-09-30,SHRIRAMFIN,2005-09-30 00:00:00,NaT,,UNCERTAIN,,no_primary_result,MISSING_RESULT,,,,
event_classification,,,,SHRIRAMFIN_2006-03-31,SHRIRAMFIN,2006-03-31 00:00:00,NaT,,UNCERTAIN,,no_primary_result,MISSING_RESULT|DUPLICATE_DOCUMENT,,,,
event_classification,,,,SHRIRAMFIN_2006-12-31,SHRIRAMFIN,2006-12-31 00:00:00,NaT,,UNCERTAIN,,no_primary_result,MISSING_RESULT|DUPLICATE_DOCUMENT,,,,
event_classification,,,,SHRIRAMFIN_2007-03-31,SHRIRAMFIN,2007-03-31 00:00:00,2007-04-11 18:00:00,11.0,ACTUAL_RESULT,,confirmed,DUPLICATE_DOCUMENT,11,,,
event_classification,,,,SHRIRAMFIN_2007-12-31,SHRIRAMFIN,2007-12-31 00:00:00,NaT,,UNCERTAIN,,no_primary_result,MISSING_RESULT|DUPLICATE_DOCUMENT,,,,
event_classification,,,,SHRIRAMFIN_2008-03-31,SHRIRAMFIN,2008-03-31 00:00:00,2008-04-02 15:20:00,2.0,ACTUAL_RESULT,,confirmed,DUPLICATE_DOCUMENT,2,,,
event_classification,,,,SHRIRAMFIN_2008-09-30,SHRIRAMFIN,2008-09-30 00:00:00,NaT,,UNCERTAIN,,no_primary_result,MISSING_RESULT,,,,
event_classification,,,,SHRIRAMFIN_2008-12-31,SHRIRAMFIN,2008-12-31 00:00:00,NaT,,UNCERTAIN,,no_primary_result,MISSING_RESULT|DUPLICATE_DOCUMENT,,,,
event_classification,,,,SHRIRAMFIN_2009-03-31,SHRIRAMFIN,2009-03-31 00:00:00,2009-04-01 15:48:00,1.0,ACTUAL_RESULT,,confirmed,DUPLICATE_DOCUMENT,1,,,
event_classification,,,,SHRIRAMFIN_2009-09-30,SHRIRAMFIN,2009-09-30 00:00:00,NaT,,UNCERTAIN,,no_primary_result,MISSING_RESULT,,,,
event_classification,,,,SHRIRAMFIN_2009-12-31,SHRIRAMFIN,2009-12-31 00:00:00,NaT,,UNCERTAIN,,no_primary_result,MISSING_RESULT|DUPLICATE_DOCUMENT,,,,
event_classification,,,,SHRIRAMFIN_2010-03-31,SHRIRAMFIN,2010-03-31 00:00:00,2010-04-12 12:03:00,12.0,ACTUAL_RESULT,,confirmed,DUPLICATE_DOCUMENT,12,,,
event_classification,,,,SHRIRAMFIN_2010-09-30,SHRIRAMFIN,2010-09-30 00:00:00,2010-10-27 13:04:00,27.0,ACTUAL_RESULT,,confirmed,OK,27,,,
event_classification,,,,SHRIRAMFIN_2010-12-31,SHRIRAMFIN,2010-12-31 00:00:00,2011-01-31 11:29:28,31.0,ACTUAL_RESULT,,confirmed,OK,31,,,
event_classification,,,,SHRIRAMFIN_2011-03-31,SHRIRAMFIN,2011-03-31 00:00:00,2011-04-29 13:46:16,29.0,ACTUAL_RESULT,,confirmed,MULTIPLE_HUMAN_PRIMARY_RESULTS,29,,,
event_classification,,,,SHRIRAMFIN_2011-06-30,SHRIRAMFIN,2011-06-30 00:00:00,2011-07-26 11:45:08,26.0,ACTUAL_RESULT,,confirmed,OK,26,,,
event_classification,,,,SHRIRAMFIN_2011-09-30,SHRIRAMFIN,2011-09-30 00:00:00,2011-11-09 17:15:36,40.0,ACTUAL_RESULT,,confirmed,OK,40,,,
event_classification,,,,SHRIRAMFIN_2011-12-31,SHRIRAMFIN,2011-12-31 00:00:00,2012-02-10 14:34:00,41.0,ACTUAL_RESULT,,confirmed,MULTIPLE_HUMAN_PRIMARY_RESULTS|DUPLICATE_DOCUMENT,41,,,
event_classification,,,,SHRIRAMFIN_2012-03-31,SHRIRAMFIN,2012-03-31 00:00:00,2012-05-08 14:26:00,38.0,ACTUAL_RESULT,,confirmed,MULTIPLE_HUMAN_PRIMARY_RESULTS|DUPLICATE_DOCUMENT,38,,,
event_classification,,,,SHRIRAMFIN_2012-06-30,SHRIRAMFIN,2012-06-30 00:00:00,2012-07-24 12:50:06,24.0,ACTUAL_RESULT,,confirmed,OK,24,,,
event_classification,,,,SHRIRAMFIN_2012-09-30,SHRIRAMFIN,2012-09-30 00:00:00,2012-10-30 14:06:00,30.0,ACTUAL_RESULT,,confirmed,MULTIPLE_HUMAN_PRIMARY_RESULTS|DUPLICATE_DOCUMENT,30,,,
event_classification,,,,SHRIRAMFIN_2012-12-31,SHRIRAMFIN,2012-12-31 00:00:00,2013-01-25 14:59:00,25.0,ACTUAL_RESULT,,confirmed,MULTIPLE_HUMAN_PRIMARY_RESULTS|DUPLICATE_DOCUMENT,25,,,
event_classification,,,,SHRIRAMFIN_2013-03-31,SHRIRAMFIN,2013-03-31 00:00:00,2013-05-07 15:21:20,37.0,ACTUAL_RESULT,,confirmed,OK,37,,,
event_classification,,,,SHRIRAMFIN_2013-06-30,SHRIRAMFIN,2013-06-30 00:00:00,2013-07-23 14:10:27,23.0,ACTUAL_RESULT,,confirmed,OK,23,,,
event_classification,,,,SHRIRAMFIN_2013-09-30,SHRIRAMFIN,2013-09-30 00:00:00,2013-10-29 19:35:01,29.0,ACTUAL_RESULT,,confirmed,OK,29,,,
event_classification,,,,SHRIRAMFIN_2013-12-31,SHRIRAMFIN,2013-12-31 00:00:00,2014-01-29 14:35:02,29.0,ACTUAL_RESULT,,confirmed,OK,29,,,
event_classification,,,,SHRIRAMFIN_2014-03-31,SHRIRAMFIN,2014-03-31 00:00:00,2014-04-29 17:51:02,29.0,ACTUAL_RESULT,,confirmed,OK,29,,,
event_classification,,,,SHRIRAMFIN_2014-06-30,SHRIRAMFIN,2014-06-30 00:00:00,2014-07-25 13:23:02,25.0,ACTUAL_RESULT,,confirmed,OK,25,,,
event_classification,,,,SHRIRAMFIN_2014-09-30,SHRIRAMFIN,2014-09-30 00:00:00,2014-10-21 08:47:03,21.0,ACTUAL_RESULT,,confirmed,OK,21,,,
event_classification,,,,SHRIRAMFIN_2014-12-31,SHRIRAMFIN,2014-12-31 00:00:00,2015-01-27 08:15:03,27.0,ACTUAL_RESULT,,confirmed,DUPLICATE_DOCUMENT,27,,,
event_classification,,,,SHRIRAMFIN_2015-03-31,SHRIRAMFIN,2015-03-31 00:00:00,2015-04-30 16:19:03,30.0,ACTUAL_RESULT,,confirmed,OK,30,,,
event_classification,,,,SHRIRAMFIN_2015-06-30,SHRIRAMFIN,2015-06-30 00:00:00,2015-07-31 17:16:17,31.0,ACTUAL_RESULT,,confirmed,OK,31,,,
event_classification,,,,SHRIRAMFIN_2015-09-30,SHRIRAMFIN,2015-09-30 00:00:00,2015-10-29 13:45:42,29.0,ACTUAL_RESULT,,confirmed,OK,29,,,
event_classification,,,,SHRIRAMFIN_2015-12-31,SHRIRAMFIN,2015-12-31 00:00:00,2016-01-30 17:53:37,30.0,ACTUAL_RESULT,,confirmed,OK,30,,,
event_classification,,,,SHRIRAMFIN_2016-03-31,SHRIRAMFIN,2016-03-31 00:00:00,2016-04-29 15:31:52,29.0,ACTUAL_RESULT,,confirmed,UNCLASSIFIED_DOCUMENT,29,,,
event_classification,,,,SHRIRAMFIN_2016-06-30,SHRIRAMFIN,2016-06-30 00:00:00,2016-07-27 14:26:44,27.0,ACTUAL_RESULT,,confirmed,UNCLASSIFIED_DOCUMENT,27,,,
event_classification,,,,SHRIRAMFIN_2016-09-30,SHRIRAMFIN,2016-09-30 00:00:00,2016-10-25 14:02:40,25.0,ACTUAL_RESULT,,confirmed,DUPLICATE_DOCUMENT,25,,,
event_classification,,,,SHRIRAMFIN_2016-12-31,SHRIRAMFIN,2016-12-31 00:00:00,2017-01-31 14:57:40,31.0,ACTUAL_RESULT,,confirmed,OK,31,,,
event_classification,,,,SHRIRAMFIN_2017-03-31,SHRIRAMFIN,2017-03-31 00:00:00,2017-04-27 13:58:38,27.0,ACTUAL_RESULT,,confirmed,OK,27,,,
event_classification,,,,SHRIRAMFIN_2017-06-30,SHRIRAMFIN,2017-06-30 00:00:00,2017-07-31 13:21:02,31.0,ACTUAL_RESULT,,confirmed,OK,31,,,
event_classification,,,,SHRIRAMFIN_2017-09-30,SHRIRAMFIN,2017-09-30 00:00:00,2017-11-01 14:15:22,32.0,ACTUAL_RESULT,,confirmed,OK,32,,,
event_classification,,,,SHRIRAMFIN_2017-12-31,SHRIRAMFIN,2017-12-31 00:00:00,2018-01-27 13:25:16,27.0,ACTUAL_RESULT,,confirmed,OK,27,,,
event_classification,,,,SHRIRAMFIN_2018-03-31,SHRIRAMFIN,2018-03-31 00:00:00,2018-04-27 15:13:39,27.0,ACTUAL_RESULT,,confirmed,UNCLASSIFIED_DOCUMENT,27,,,
event_classification,,,,SHRIRAMFIN_2018-06-30,SHRIRAMFIN,2018-06-30 00:00:00,2018-07-26 16:06:01,26.0,ACTUAL_RESULT,,confirmed,OK,26,,,
event_classification,,,,SHRIRAMFIN_2018-09-30,SHRIRAMFIN,2018-09-30 00:00:00,2018-10-25 20:48:11,25.0,ACTUAL_RESULT,,confirmed,OK,25,,,
event_classification,,,,SHRIRAMFIN_2018-12-31,SHRIRAMFIN,2018-12-31 00:00:00,2019-01-28 13:29:13,28.0,ACTUAL_RESULT,,confirmed,OK,28,,,
event_classification,,,,SHRIRAMFIN_2019-03-31,SHRIRAMFIN,2019-03-31 00:00:00,2019-05-08 22:08:36,38.0,ACTUAL_RESULT,,confirmed,OK,38,,,
event_classification,,,,SHRIRAMFIN_2019-06-30,SHRIRAMFIN,2019-06-30 00:00:00,2019-07-24 19:05:45,24.0,ACTUAL_RESULT,,confirmed,OK,24,,,
event_classification,,,,SHRIRAMFIN_2019-09-30,SHRIRAMFIN,2019-09-30 00:00:00,2019-10-24 19:40:30,24.0,ACTUAL_RESULT,,confirmed,OK,24,,,
event_classification,,,,SHRIRAMFIN_2019-12-31,SHRIRAMFIN,2019-12-31 00:00:00,2020-02-03 18:28:20,34.0,ACTUAL_RESULT,,confirmed,OK,34,,,
event_classification,,,,SHRIRAMFIN_2020-03-31,SHRIRAMFIN,2020-03-31 00:00:00,2020-06-10 17:43:26,71.0,ACTUAL_RESULT,,confirmed,OK,71,,,
event_classification,,,,SHRIRAMFIN_2020-06-30,SHRIRAMFIN,2020-06-30 00:00:00,2020-08-13 18:39:24,44.0,ACTUAL_RESULT,,confirmed,OK,44,,,
event_classification,,,,SHRIRAMFIN_2020-09-30,SHRIRAMFIN,2020-09-30 00:00:00,2020-10-29 19:45:15,29.0,ACTUAL_RESULT,,confirmed,DUPLICATE_DOCUMENT,29,,,
event_classification,,,,SHRIRAMFIN_2020-12-31,SHRIRAMFIN,2020-12-31 00:00:00,2021-01-28 17:32:15,28.0,ACTUAL_RESULT,,confirmed,DUPLICATE_DOCUMENT,28,,,
event_classification,,,,SHRIRAMFIN_2021-03-31,SHRIRAMFIN,2021-03-31 00:00:00,2021-04-29 17:57:59,29.0,ACTUAL_RESULT,,confirmed,OK,29,,,
event_classification,,,,SHRIRAMFIN_2021-06-30,SHRIRAMFIN,2021-06-30 00:00:00,2021-07-30 17:46:04,30.0,ACTUAL_RESULT,,confirmed,DUPLICATE_DOCUMENT,30,,,
event_classification,,,,SHRIRAMFIN_2021-09-30,SHRIRAMFIN,2021-09-30 00:00:00,2021-10-29 17:52:52,29.0,ACTUAL_RESULT,,confirmed,DUPLICATE_DOCUMENT,29,,,
event_classification,,,,SHRIRAMFIN_2021-12-31,SHRIRAMFIN,2021-12-31 00:00:00,2022-01-24 16:41:13,24.0,ACTUAL_RESULT,,confirmed,DUPLICATE_DOCUMENT|MANY_PRE_ANNOUNCEMENTS,24,,,
event_classification,,,,SHRIRAMFIN_2022-03-31,SHRIRAMFIN,2022-03-31 00:00:00,2022-04-28 16:49:31,28.0,ACTUAL_RESULT,,confirmed,MANY_PRE_ANNOUNCEMENTS,28,,,
event_classification,,,,SHRIRAMFIN_2022-06-30,SHRIRAMFIN,2022-06-30 00:00:00,NaT,,UNCERTAIN,,no_primary_result,MISSING_RESULT,,,,
event_classification,,,,SHRIRAMFIN_2022-09-30,SHRIRAMFIN,2022-09-30 00:00:00,NaT,,UNCERTAIN,,no_primary_result,MISSING_RESULT|MANY_PRE_ANNOUNCEMENTS,,,,
event_classification,,,,SHRIRAMFIN_2022-12-31,SHRIRAMFIN,2022-12-31 00:00:00,2023-01-31 17:16:00,31.0,ACTUAL_RESULT,,confirmed,MANY_PRE_ANNOUNCEMENTS,31,,,
event_classification,,,,SHRIRAMFIN_2023-03-31,SHRIRAMFIN,2023-03-31 00:00:00,2023-04-27 18:23:19,27.0,ACTUAL_RESULT,,confirmed,OK,27,,,
event_classification,,,,SHRIRAMFIN_2023-06-30,SHRIRAMFIN,2023-06-30 00:00:00,2023-07-27 13:30:24,27.0,ACTUAL_RESULT,,confirmed,OK,27,,,
event_classification,,,,SHRIRAMFIN_2023-09-30,SHRIRAMFIN,2023-09-30 00:00:00,2023-10-26 15:10:44,26.0,ACTUAL_RESULT,,confirmed,OK,26,,,
event_classification,,,,SHRIRAMFIN_2023-12-31,SHRIRAMFIN,2023-12-31 00:00:00,2024-01-25 16:55:50,25.0,ACTUAL_RESULT,,confirmed,OK,25,,,
event_classification,,,,SHRIRAMFIN_2024-03-31,SHRIRAMFIN,2024-03-31 00:00:00,2024-04-26 14:37:54,26.0,ACTUAL_RESULT,,confirmed,OK,26,,,
event_classification,,,,SHRIRAMFIN_2024-06-30,SHRIRAMFIN,2024-06-30 00:00:00,2024-07-26 13:06:54,26.0,ACTUAL_RESULT,,confirmed,OK,26,,,
event_classification,,,,SHRIRAMFIN_2024-09-30,SHRIRAMFIN,2024-09-30 00:00:00,2024-10-25 15:54:21,25.0,ACTUAL_RESULT,,confirmed,OK,25,,,
event_classification,,,,SHRIRAMFIN_2024-12-31,SHRIRAMFIN,2024-12-31 00:00:00,2025-01-24 15:08:31,24.0,ACTUAL_RESULT,,confirmed,OK,24,,,
event_classification,,,,SHRIRAMFIN_2025-03-31,SHRIRAMFIN,2025-03-31 00:00:00,NaT,,UNCERTAIN,,no_primary_result,MISSING_RESULT,,,,
event_classification,,,,SHRIRAMFIN_2025-06-30,SHRIRAMFIN,2025-06-30 00:00:00,2025-07-25 13:43:56,25.0,ACTUAL_RESULT,,confirmed,MANY_PRE_ANNOUNCEMENTS,25,,,
event_classification,,,,SHRIRAMFIN_2025-09-30,SHRIRAMFIN,2025-09-30 00:00:00,2025-10-31 14:33:22,31.0,ACTUAL_RESULT,,confirmed,OK,31,,,
event_classification,,,,SHRIRAMFIN_2025-12-31,SHRIRAMFIN,2025-12-31 00:00:00,2026-01-23 14:09:50,23.0,ACTUAL_RESULT,,confirmed,OK,23,,,
event_classification,,,,SHRIRAMFIN_2026-03-31,SHRIRAMFIN,2026-03-31 00:00:00,2026-04-24 15:05:55,24.0,ACTUAL_RESULT,,confirmed,OK,24,,,
event_classification,,,,SHRIRAMFIN_2026-06-30,SHRIRAMFIN,2026-06-30 00:00:00,2026-07-24 13:50:47,24.0,ACTUAL_RESULT,,confirmed,OK,24,,,
event_classification,,,,SUNPHARMA_2004-12-31,SUNPHARMA,2004-12-31 00:00:00,NaT,,UNCERTAIN,,no_primary_result,MISSING_RESULT,,,,
event_classification,,,,SUNPHARMA_2005-03-31,SUNPHARMA,2005-03-31 00:00:00,NaT,,UNCERTAIN,,no_primary_result,MISSING_RESULT|DUPLICATE_DOCUMENT,,,,
event_classification,,,,SUNPHARMA_2006-03-31,SUNPHARMA,2006-03-31 00:00:00,NaT,,UNCERTAIN,,no_primary_result,MISSING_RESULT,,,,
event_classification,,,,SUNPHARMA_2006-12-31,SUNPHARMA,2006-12-31 00:00:00,NaT,,UNCERTAIN,,no_primary_result,MISSING_RESULT,,,,
event_classification,,,,SUNPHARMA_2007-03-31,SUNPHARMA,2007-03-31 00:00:00,NaT,,UNCERTAIN,,no_primary_result,MISSING_RESULT,,,,
event_classification,,,,SUNPHARMA_2007-06-30,SUNPHARMA,2007-06-30 00:00:00,2007-07-23 13:04:00,23.0,ACTUAL_RESULT,,confirmed,MULTIPLE_HUMAN_PRIMARY_RESULTS|DUPLICATE_DOCUMENT,23,,,
event_classification,,,,SUNPHARMA_2007-09-30,SUNPHARMA,2007-09-30 00:00:00,2007-10-25 18:51:00,25.0,ACTUAL_RESULT,,confirmed,MULTIPLE_HUMAN_PRIMARY_RESULTS|DUPLICATE_DOCUMENT,25,,,
event_classification,,,,SUNPHARMA_2007-12-31,SUNPHARMA,2007-12-31 00:00:00,2008-01-30 12:37:00,30.0,ACTUAL_RESULT,,confirmed,MULTIPLE_HUMAN_PRIMARY_RESULTS|DUPLICATE_DOCUMENT,30,,,
event_classification,,,,SUNPHARMA_2008-03-31,SUNPHARMA,2008-03-31 00:00:00,2008-05-30 17:33:00,60.0,ACTUAL_RESULT,,confirmed,MULTIPLE_HUMAN_PRIMARY_RESULTS|DUPLICATE_DOCUMENT|MANY_PRE_ANNOUNCEMENTS,60,,,
event_classification,,,,SUNPHARMA_2008-06-30,SUNPHARMA,2008-06-30 00:00:00,2008-07-28 18:22:00,28.0,ACTUAL_RESULT,,confirmed,DUPLICATE_DOCUMENT,28,,,
event_classification,,,,SUNPHARMA_2008-09-30,SUNPHARMA,2008-09-30 00:00:00,2008-10-25 14:25:00,25.0,ACTUAL_RESULT,,confirmed,MULTIPLE_HUMAN_PRIMARY_RESULTS|DUPLICATE_DOCUMENT,25,,,
event_classification,,,,SUNPHARMA_2008-12-31,SUNPHARMA,2008-12-31 00:00:00,2009-01-30 20:16:00,30.0,ACTUAL_RESULT,,confirmed,MULTIPLE_HUMAN_PRIMARY_RESULTS|DUPLICATE_DOCUMENT,30,,,
event_classification,,,,SUNPHARMA_2009-03-31,SUNPHARMA,2009-03-31 00:00:00,2009-05-30 15:33:00,60.0,ACTUAL_RESULT,,confirmed,MULTIPLE_HUMAN_PRIMARY_RESULTS|DUPLICATE_DOCUMENT,60,,,
event_classification,,,,SUNPHARMA_2009-06-30,SUNPHARMA,2009-06-30 00:00:00,2009-07-29 14:10:00,29.0,ACTUAL_RESULT,,confirmed,MULTIPLE_HUMAN_PRIMARY_RESULTS|DUPLICATE_DOCUMENT,29,,,
event_classification,,,,SUNPHARMA_2009-09-30,SUNPHARMA,2009-09-30 00:00:00,2009-10-28 14:16:00,28.0,ACTUAL_RESULT,,confirmed,MULTIPLE_HUMAN_PRIMARY_RESULTS|DUPLICATE_DOCUMENT|MANY_PRE_ANNOUNCEMENTS,28,,,
event_classification,,,,SUNPHARMA_2009-12-31,SUNPHARMA,2009-12-31 00:00:00,2010-01-29 19:00:00,29.0,ACTUAL_RESULT,,confirmed,MULTIPLE_HUMAN_PRIMARY_RESULTS|DUPLICATE_DOCUMENT|MANY_PRE_ANNOUNCEMENTS,29,,,
event_classification,,,,SUNPHARMA_2010-03-31,SUNPHARMA,2010-03-31 00:00:00,2010-05-24 14:51:00,54.0,ACTUAL_RESULT,,confirmed,MULTIPLE_HUMAN_PRIMARY_RESULTS|DUPLICATE_DOCUMENT,54,,,
event_classification,,,,SUNPHARMA_2010-06-30,SUNPHARMA,2010-06-30 00:00:00,2010-07-28 14:13:00,28.0,ACTUAL_RESULT,,confirmed,MULTIPLE_HUMAN_PRIMARY_RESULTS|DUPLICATE_DOCUMENT|MANY_PRE_ANNOUNCEMENTS,28,,,
event_classification,,,,SUNPHARMA_2010-09-30,SUNPHARMA,2010-09-30 00:00:00,2010-10-30 14:37:00,30.0,ACTUAL_RESULT,,confirmed,MULTIPLE_HUMAN_PRIMARY_RESULTS|DUPLICATE_DOCUMENT|MANY_PRE_ANNOUNCEMENTS,30,,,
event_classification,,,,SUNPHARMA_2010-12-31,SUNPHARMA,2010-12-31 00:00:00,2011-01-31 14:14:00,31.0,ACTUAL_RESULT,,confirmed,MULTIPLE_HUMAN_PRIMARY_RESULTS|DUPLICATE_DOCUMENT,31,,,
event_classification,,,,SUNPHARMA_2011-03-31,SUNPHARMA,2011-03-31 00:00:00,2011-05-28 18:31:31,58.0,ACTUAL_RESULT,,confirmed,OK,58,,,
event_classification,,,,SUNPHARMA_2011-06-30,SUNPHARMA,2011-06-30 00:00:00,2011-07-28 13:31:00,28.0,ACTUAL_RESULT,,confirmed,MULTIPLE_HUMAN_PRIMARY_RESULTS|DUPLICATE_DOCUMENT,28,,,
event_classification,,,,SUNPHARMA_2011-09-30,SUNPHARMA,2011-09-30 00:00:00,2011-11-14 08:22:15,45.0,ACTUAL_RESULT,,confirmed,OK,45,,,
event_classification,,,,SUNPHARMA_2011-12-31,SUNPHARMA,2011-12-31 00:00:00,2012-02-13 13:51:00,44.0,ACTUAL_RESULT,,confirmed,MULTIPLE_HUMAN_PRIMARY_RESULTS|DUPLICATE_DOCUMENT,44,,,
event_classification,,,,SUNPHARMA_2012-03-31,SUNPHARMA,2012-03-31 00:00:00,2012-05-29 17:16:00,59.0,ACTUAL_RESULT,,confirmed,MULTIPLE_HUMAN_PRIMARY_RESULTS|DUPLICATE_DOCUMENT|UNCLASSIFIED_DOCUMENT,59,,,
event_classification,,,,SUNPHARMA_2012-06-30,SUNPHARMA,2012-06-30 00:00:00,2012-08-10 14:47:00,41.0,ACTUAL_RESULT,,confirmed,MULTIPLE_HUMAN_PRIMARY_RESULTS,41,,,
event_classification,,,,SUNPHARMA_2012-09-30,SUNPHARMA,2012-09-30 00:00:00,2012-11-08 15:19:29,39.0,ACTUAL_RESULT,,confirmed,OK,39,,,
event_classification,,,,SUNPHARMA_2012-12-31,SUNPHARMA,2012-12-31 00:00:00,2013-02-08 11:13:00,39.0,ACTUAL_RESULT,,confirmed,MULTIPLE_HUMAN_PRIMARY_RESULTS|DUPLICATE_DOCUMENT,39,,,
event_classification,,,,SUNPHARMA_2013-03-31,SUNPHARMA,2013-03-31 00:00:00,2013-05-28 16:31:41,58.0,ACTUAL_RESULT,,confirmed,OK,58,,,
event_classification,,,,SUNPHARMA_2013-06-30,SUNPHARMA,2013-06-30 00:00:00,2013-08-12 09:50:06,43.0,ACTUAL_RESULT,,confirmed,OK,43,,,
event_classification,,,,SUNPHARMA_2013-09-30,SUNPHARMA,2013-09-30 00:00:00,2013-11-13 19:55:02,44.0,ACTUAL_RESULT,,confirmed,OK,44,,,
event_classification,,,,SUNPHARMA_2013-12-31,SUNPHARMA,2013-12-31 00:00:00,2014-02-13 14:59:02,44.0,ACTUAL_RESULT,,confirmed,OK,44,,,
event_classification,,,,SUNPHARMA_2014-03-31,SUNPHARMA,2014-03-31 00:00:00,2014-05-29 15:15:03,59.0,ACTUAL_RESULT,,confirmed,OK,59,,,
event_classification,,,,SUNPHARMA_2014-06-30,SUNPHARMA,2014-06-30 00:00:00,2014-08-13 08:07:03,44.0,ACTUAL_RESULT,,confirmed,OK,44,,,
event_classification,,,,SUNPHARMA_2014-09-30,SUNPHARMA,2014-09-30 00:00:00,2014-11-13 16:19:03,44.0,ACTUAL_RESULT,,confirmed,OK,44,,,
event_classification,,,,SUNPHARMA_2014-12-31,SUNPHARMA,2014-12-31 00:00:00,2015-02-14 14:55:03,45.0,ACTUAL_RESULT,,confirmed,OK,45,,,
event_classification,,,,SUNPHARMA_2015-03-31,SUNPHARMA,2015-03-31 00:00:00,2015-05-29 18:47:03,59.0,ACTUAL_RESULT,,confirmed,OK,59,,,
event_classification,,,,SUNPHARMA_2015-06-30,SUNPHARMA,2015-06-30 00:00:00,2015-08-11 17:05:34,42.0,ACTUAL_RESULT,,confirmed,OK,42,,,
event_classification,,,,SUNPHARMA_2015-09-30,SUNPHARMA,2015-09-30 00:00:00,2015-11-07 17:27:31,38.0,ACTUAL_RESULT,,confirmed,OK,38,,,
event_classification,,,,SUNPHARMA_2015-12-31,SUNPHARMA,2015-12-31 00:00:00,2016-02-12 14:46:40,43.0,ACTUAL_RESULT,,confirmed,OK,43,,,
event_classification,,,,SUNPHARMA_2016-03-31,SUNPHARMA,2016-03-31 00:00:00,2016-05-30 22:03:09,60.0,ACTUAL_RESULT,,confirmed,MULTIPLE_HUMAN_PRIMARY_RESULTS,60,,,
event_classification,,,,SUNPHARMA_2016-06-30,SUNPHARMA,2016-06-30 00:00:00,2016-08-12 14:14:47,43.0,ACTUAL_RESULT,,confirmed,OK,43,,,
event_classification,,,,SUNPHARMA_2016-09-30,SUNPHARMA,2016-09-30 00:00:00,2016-11-10 15:47:28,41.0,ACTUAL_RESULT,,confirmed,OK,41,,,
event_classification,,,,SUNPHARMA_2016-12-31,SUNPHARMA,2016-12-31 00:00:00,2017-02-14 16:30:58,45.0,ACTUAL_RESULT,,confirmed,MANY_PRE_ANNOUNCEMENTS,45,,,
event_classification,,,,SUNPHARMA_2017-03-31,SUNPHARMA,2017-03-31 00:00:00,2017-05-29 13:08:33,59.0,ACTUAL_RESULT,,confirmed,OK,59,,,
event_classification,,,,SUNPHARMA_2017-06-30,SUNPHARMA,2017-06-30 00:00:00,2017-08-11 15:36:07,42.0,ACTUAL_RESULT,,confirmed,OK,42,,,
event_classification,,,,SUNPHARMA_2017-09-30,SUNPHARMA,2017-09-30 00:00:00,2017-11-14 15:53:04,45.0,ACTUAL_RESULT,,confirmed,OK,45,,,
event_classification,,,,SUNPHARMA_2017-12-31,SUNPHARMA,2017-12-31 00:00:00,2018-02-14 15:54:36,45.0,ACTUAL_RESULT,,confirmed,OK,45,,,
event_classification,,,,SUNPHARMA_2018-03-31,SUNPHARMA,2018-03-31 00:00:00,2018-05-25 16:32:13,55.0,ACTUAL_RESULT,,confirmed,MULTIPLE_HUMAN_PRIMARY_RESULTS,55,,,
event_classification,,,,SUNPHARMA_2018-06-30,SUNPHARMA,2018-06-30 00:00:00,2018-08-14 14:20:45,45.0,ACTUAL_RESULT,,confirmed,OK,45,,,
event_classification,,,,SUNPHARMA_2018-09-30,SUNPHARMA,2018-09-30 00:00:00,2018-11-13 16:31:08,44.0,ACTUAL_RESULT,,confirmed,MANY_PRE_ANNOUNCEMENTS,44,,,
event_classification,,,,SUNPHARMA_2018-12-31,SUNPHARMA,2018-12-31 00:00:00,2019-02-12 16:28:59,43.0,ACTUAL_RESULT,,confirmed,OK,43,,,
event_classification,,,,SUNPHARMA_2019-03-31,SUNPHARMA,2019-03-31 00:00:00,2019-05-28 17:19:46,58.0,ACTUAL_RESULT,,confirmed,OK,58,,,
event_classification,,,,SUNPHARMA_2019-06-30,SUNPHARMA,2019-06-30 00:00:00,2019-08-13 19:33:33,44.0,ACTUAL_RESULT,,confirmed,OK,44,,,
event_classification,,,,SUNPHARMA_2019-09-30,SUNPHARMA,2019-09-30 00:00:00,2019-11-07 14:50:10,38.0,ACTUAL_RESULT,,confirmed,OK,38,,,
event_classification,,,,SUNPHARMA_2019-12-31,SUNPHARMA,2019-12-31 00:00:00,2020-02-06 15:05:06,37.0,ACTUAL_RESULT,,confirmed,OK,37,,,
event_classification,,,,SUNPHARMA_2020-03-31,SUNPHARMA,2020-03-31 00:00:00,2020-05-27 15:01:06,57.0,ACTUAL_RESULT,,confirmed,UNCLASSIFIED_DOCUMENT|MANY_PRE_ANNOUNCEMENTS,57,,,
event_classification,,,,SUNPHARMA_2020-06-30,SUNPHARMA,2020-06-30 00:00:00,2020-07-31 14:46:05,31.0,ACTUAL_RESULT,,confirmed,OK,31,,,
event_classification,,,,SUNPHARMA_2020-09-30,SUNPHARMA,2020-09-30 00:00:00,2020-11-03 14:58:38,34.0,ACTUAL_RESULT,,confirmed,OK,34,,,
event_classification,,,,SUNPHARMA_2020-12-31,SUNPHARMA,2020-12-31 00:00:00,2021-01-29 14:06:41,29.0,ACTUAL_RESULT,,confirmed,OK,29,,,
event_classification,,,,SUNPHARMA_2021-03-31,SUNPHARMA,2021-03-31 00:00:00,2021-05-27 15:53:24,57.0,ACTUAL_RESULT,,confirmed,OK,57,,,
event_classification,,,,SUNPHARMA_2021-06-30,SUNPHARMA,2021-06-30 00:00:00,2021-07-30 13:55:15,30.0,ACTUAL_RESULT,,confirmed,OK,30,,,
event_classification,,,,SUNPHARMA_2021-09-30,SUNPHARMA,2021-09-30 00:00:00,2021-11-02 13:17:26,33.0,ACTUAL_RESULT,,confirmed,OK,33,,,
event_classification,,,,SUNPHARMA_2021-12-31,SUNPHARMA,2021-12-31 00:00:00,2022-01-31 13:41:21,31.0,ACTUAL_RESULT,,confirmed,OK,31,,,
event_classification,,,,SUNPHARMA_2022-03-31,SUNPHARMA,2022-03-31 00:00:00,2022-05-31 12:24:20,61.0,ACTUAL_RESULT,,confirmed,OK,61,,,
event_classification,,,,SUNPHARMA_2022-06-30,SUNPHARMA,2022-06-30 00:00:00,NaT,,UNCERTAIN,,no_primary_result,MISSING_RESULT,,,,
event_classification,,,,SUNPHARMA_2022-09-30,SUNPHARMA,2022-09-30 00:00:00,NaT,,UNCERTAIN,,no_primary_result,MISSING_RESULT,,,,
event_classification,,,,SUNPHARMA_2022-12-31,SUNPHARMA,2022-12-31 00:00:00,2023-01-31 13:28:17,31.0,ACTUAL_RESULT,,confirmed,OK,31,,,
event_classification,,,,SUNPHARMA_2023-03-31,SUNPHARMA,2023-03-31 00:00:00,2023-05-26 14:47:35,56.0,ACTUAL_RESULT,,confirmed,OK,56,,,
event_classification,,,,SUNPHARMA_2023-06-30,SUNPHARMA,2023-06-30 00:00:00,2023-08-03 14:05:07,34.0,ACTUAL_RESULT,,confirmed,OK,34,,,
event_classification,,,,SUNPHARMA_2023-09-30,SUNPHARMA,2023-09-30 00:00:00,2023-11-01 13:22:45,32.0,ACTUAL_RESULT,,confirmed,OK,32,,,
event_classification,,,,SUNPHARMA_2023-12-31,SUNPHARMA,2023-12-31 00:00:00,2024-01-31 14:13:24,31.0,ACTUAL_RESULT,,confirmed,OK,31,,,
event_classification,,,,SUNPHARMA_2024-03-31,SUNPHARMA,2024-03-31 00:00:00,2024-05-22 15:05:11,52.0,ACTUAL_RESULT,,confirmed,OK,52,,,
event_classification,,,,SUNPHARMA_2024-06-30,SUNPHARMA,2024-06-30 00:00:00,2024-08-01 14:12:02,32.0,ACTUAL_RESULT,,confirmed,OK,32,,,
event_classification,,,,SUNPHARMA_2024-09-30,SUNPHARMA,2024-09-30 00:00:00,2024-10-28 14:37:52,28.0,ACTUAL_RESULT,,confirmed,MANY_PRE_ANNOUNCEMENTS,28,,,
event_classification,,,,SUNPHARMA_2024-12-31,SUNPHARMA,2024-12-31 00:00:00,2025-01-31 15:11:53,31.0,ACTUAL_RESULT,,confirmed,OK,31,,,
event_classification,,,,SUNPHARMA_2025-03-31,SUNPHARMA,2025-03-31 00:00:00,2025-05-22 16:51:07,52.0,ACTUAL_RESULT,,confirmed,OK,52,,,
event_classification,,,,SUNPHARMA_2025-06-30,SUNPHARMA,2025-06-30 00:00:00,2025-07-31 14:22:11,31.0,ACTUAL_RESULT,,confirmed,OK,31,,,
event_classification,,,,SUNPHARMA_2025-09-30,SUNPHARMA,2025-09-30 00:00:00,2025-11-05 16:05:32,36.0,ACTUAL_RESULT,,confirmed,OK,36,,,
event_classification,,,,SUNPHARMA_2025-12-31,SUNPHARMA,2025-12-31 00:00:00,2026-01-31 14:28:16,31.0,ACTUAL_RESULT,,confirmed,OK,31,,,
event_classification,,,,SUNPHARMA_2026-03-31,SUNPHARMA,2026-03-31 00:00:00,2026-05-22 14:43:51,52.0,ACTUAL_RESULT,,confirmed,OK,52,,,
event_classification,,,,SUNPHARMA_2026-06-30,SUNPHARMA,2026-06-30 00:00:00,NaT,,UNCERTAIN,,no_primary_result,MISSING_RESULT,,,,
event_classification,,,,SUNPHARMA_2026-09-30,SUNPHARMA,2026-09-30 00:00:00,2026-07-31 14:30:19,-61.0,BOARD_EVENT,,confirmed,ANNOUNCEMENT_BEFORE_PERIOD_END|HUMAN_PRIMARY_RESULT_BEFORE_PERIOD_END|MANY_PRE_ANNOUNCEMENTS,-61,,,
event_classification,,,,TATACONSUM_2004-12-31,TATACONSUM,2004-12-31 00:00:00,NaT,,UNCERTAIN,,no_primary_result,MISSING_RESULT,,,,
event_classification,,,,TATACONSUM_2005-03-31,TATACONSUM,2005-03-31 00:00:00,NaT,,UNCERTAIN,,no_primary_result,MISSING_RESULT,,,,
event_classification,,,,TATACONSUM_2005-06-30,TATACONSUM,2005-06-30 00:00:00,NaT,,UNCERTAIN,,no_primary_result,MISSING_RESULT|DUPLICATE_DOCUMENT,,,,
event_classification,,,,TATACONSUM_2006-09-30,TATACONSUM,2006-09-30 00:00:00,NaT,,UNCERTAIN,,no_primary_result,MISSING_RESULT,,,,
event_classification,,,,TATACONSUM_2006-12-31,TATACONSUM,2006-12-31 00:00:00,NaT,,UNCERTAIN,,no_primary_result,MISSING_RESULT|DUPLICATE_DOCUMENT,,,,
event_classification,,,,TATACONSUM_2007-03-31,TATACONSUM,2007-03-31 00:00:00,2007-04-26 18:25:00,26.0,ACTUAL_RESULT,,confirmed,OK,26,,,
event_classification,,,,TATACONSUM_2007-06-30,TATACONSUM,2007-06-30 00:00:00,2007-07-17 13:03:00,17.0,ACTUAL_RESULT,,confirmed,MULTIPLE_HUMAN_PRIMARY_RESULTS|DUPLICATE_DOCUMENT,17,,,
event_classification,,,,TATACONSUM_2007-09-30,TATACONSUM,2007-09-30 00:00:00,2007-10-29 18:05:00,29.0,ACTUAL_RESULT,,confirmed,MULTIPLE_HUMAN_PRIMARY_RESULTS|DUPLICATE_DOCUMENT,29,,,
event_classification,,,,TATACONSUM_2007-12-31,TATACONSUM,2007-12-31 00:00:00,2008-01-28 14:41:00,28.0,ACTUAL_RESULT,,confirmed,MULTIPLE_HUMAN_PRIMARY_RESULTS|DUPLICATE_DOCUMENT,28,,,
event_classification,,,,TATACONSUM_2008-03-31,TATACONSUM,2008-03-31 00:00:00,2008-05-30 18:03:00,60.0,ACTUAL_RESULT,,confirmed,MULTIPLE_HUMAN_PRIMARY_RESULTS|DUPLICATE_DOCUMENT|UNCLASSIFIED_DOCUMENT,60,,,
event_classification,,,,TATACONSUM_2008-06-30,TATACONSUM,2008-06-30 00:00:00,2008-07-28 13:05:00,28.0,ACTUAL_RESULT,,confirmed,MULTIPLE_HUMAN_PRIMARY_RESULTS|DUPLICATE_DOCUMENT|HUMAN_PRIMARY_RESULT_BEFORE_PERIOD_END,28,,,
event_classification,,,,TATACONSUM_2008-09-30,TATACONSUM,2008-09-30 00:00:00,2008-10-27 18:21:00,27.0,ACTUAL_RESULT,,confirmed,MULTIPLE_HUMAN_PRIMARY_RESULTS|DUPLICATE_DOCUMENT,27,,,
event_classification,,,,TATACONSUM_2008-12-31,TATACONSUM,2008-12-31 00:00:00,2009-01-30 12:04:00,30.0,ACTUAL_RESULT,,confirmed,MULTIPLE_HUMAN_PRIMARY_RESULTS|DUPLICATE_DOCUMENT,30,,,
event_classification,,,,TATACONSUM_2009-03-31,TATACONSUM,2009-03-31 00:00:00,2009-06-10 18:12:00,71.0,ACTUAL_RESULT,,confirmed,DUPLICATE_DOCUMENT,71,,,
event_classification,,,,TATACONSUM_2009-06-30,TATACONSUM,2009-06-30 00:00:00,2009-07-28 19:04:00,28.0,ACTUAL_RESULT,,confirmed,MULTIPLE_HUMAN_PRIMARY_RESULTS|DUPLICATE_DOCUMENT|HUMAN_PRIMARY_RESULT_BEFORE_PERIOD_END,28,,,
event_classification,,,,TATACONSUM_2009-09-30,TATACONSUM,2009-09-30 00:00:00,2009-10-28 14:45:00,28.0,ACTUAL_RESULT,,confirmed,DUPLICATE_DOCUMENT,28,,,
event_classification,,,,TATACONSUM_2009-12-31,TATACONSUM,2009-12-31 00:00:00,2010-01-28 18:07:00,28.0,ACTUAL_RESULT,,confirmed,MULTIPLE_HUMAN_PRIMARY_RESULTS|DUPLICATE_DOCUMENT,28,,,
event_classification,,,,TATACONSUM_2010-03-31,TATACONSUM,2010-03-31 00:00:00,2010-05-25 17:39:00,55.0,ACTUAL_RESULT,,confirmed,MULTIPLE_HUMAN_PRIMARY_RESULTS|DUPLICATE_DOCUMENT|UNCLASSIFIED_DOCUMENT,55,,,
event_classification,,,,TATACONSUM_2010-06-30,TATACONSUM,2010-06-30 00:00:00,2010-07-29 14:07:00,29.0,ACTUAL_RESULT,,confirmed,MULTIPLE_HUMAN_PRIMARY_RESULTS|DUPLICATE_DOCUMENT|HUMAN_PRIMARY_RESULT_BEFORE_PERIOD_END,29,,,
event_classification,,,,TATACONSUM_2010-09-30,TATACONSUM,2010-09-30 00:00:00,2010-10-28 18:13:00,28.0,ACTUAL_RESULT,,confirmed,MULTIPLE_HUMAN_PRIMARY_RESULTS,28,,,
event_classification,,,,TATACONSUM_2010-12-31,TATACONSUM,2010-12-31 00:00:00,2011-01-28 18:09:00,28.0,ACTUAL_RESULT,,confirmed,MULTIPLE_HUMAN_PRIMARY_RESULTS|DUPLICATE_DOCUMENT,28,,,
event_classification,,,,TATACONSUM_2011-03-31,TATACONSUM,2011-03-31 00:00:00,2011-05-24 14:27:00,54.0,ACTUAL_RESULT,,confirmed,MULTIPLE_HUMAN_PRIMARY_RESULTS,54,,,
event_classification,,,,TATACONSUM_2011-06-30,TATACONSUM,2011-06-30 00:00:00,2011-08-10 15:07:00,41.0,ACTUAL_RESULT,,confirmed,MULTIPLE_HUMAN_PRIMARY_RESULTS|DUPLICATE_DOCUMENT|HUMAN_PRIMARY_RESULT_BEFORE_PERIOD_END,41,,,
event_classification,,,,TATACONSUM_2011-09-30,TATACONSUM,2011-09-30 00:00:00,2011-10-31 10:43:24,31.0,ACTUAL_RESULT,,confirmed,OK,31,,,
event_classification,,,,TATACONSUM_2011-12-31,TATACONSUM,2011-12-31 00:00:00,2012-01-25 14:02:00,25.0,ACTUAL_RESULT,,confirmed,MULTIPLE_HUMAN_PRIMARY_RESULTS|DUPLICATE_DOCUMENT,25,,,
event_classification,,,,TATACONSUM_2012-03-31,TATACONSUM,2012-03-31 00:00:00,2012-05-23 14:58:46,53.0,ACTUAL_RESULT,,confirmed,OK,53,,,
event_classification,,,,TATACONSUM_2012-06-30,TATACONSUM,2012-06-30 00:00:00,2012-07-23 18:37:58,23.0,ACTUAL_RESULT,,confirmed,MULTIPLE_HUMAN_PRIMARY_RESULTS|DUPLICATE_DOCUMENT|HUMAN_PRIMARY_RESULT_BEFORE_PERIOD_END,23,,,
event_classification,,,,TATACONSUM_2012-09-30,TATACONSUM,2012-09-30 00:00:00,2012-10-31 18:35:00,31.0,ACTUAL_RESULT,,confirmed,MULTIPLE_HUMAN_PRIMARY_RESULTS|DUPLICATE_DOCUMENT,31,,,
event_classification,,,,TATACONSUM_2012-12-31,TATACONSUM,2012-12-31 00:00:00,2013-01-31 14:43:00,31.0,ACTUAL_RESULT,,confirmed,MULTIPLE_HUMAN_PRIMARY_RESULTS|DUPLICATE_DOCUMENT,31,,,
event_classification,,,,TATACONSUM_2013-03-31,TATACONSUM,2013-03-31 00:00:00,2013-05-28 14:03:10,58.0,ACTUAL_RESULT,,confirmed,DUPLICATE_DOCUMENT,58,,,
event_classification,,,,TATACONSUM_2013-06-30,TATACONSUM,2013-06-30 00:00:00,2013-08-01 13:55:00,32.0,ACTUAL_RESULT,,confirmed,MULTIPLE_HUMAN_PRIMARY_RESULTS,32,,,
event_classification,,,,TATACONSUM_2013-09-30,TATACONSUM,2013-09-30 00:00:00,2013-11-12 19:07:01,43.0,ACTUAL_RESULT,,confirmed,OK,43,,,
event_classification,,,,TATACONSUM_2013-12-31,TATACONSUM,2013-12-31 00:00:00,2014-01-30 09:55:04,30.0,ACTUAL_RESULT,,confirmed,OK,30,,,
event_classification,,,,TATACONSUM_2014-03-31,TATACONSUM,2014-03-31 00:00:00,2014-06-12 13:23:02,73.0,ACTUAL_RESULT,,confirmed,MULTIPLE_HUMAN_PRIMARY_RESULTS,73,,,
event_classification,,,,TATACONSUM_2014-06-30,TATACONSUM,2014-06-30 00:00:00,2014-07-28 18:15:02,28.0,ACTUAL_RESULT,,confirmed,OK,28,,,
event_classification,,,,TATACONSUM_2014-09-30,TATACONSUM,2014-09-30 00:00:00,2014-11-06 12:23:08,37.0,ACTUAL_RESULT,,confirmed,OK,37,,,
event_classification,,,,TATACONSUM_2014-12-31,TATACONSUM,2014-12-31 00:00:00,2015-01-30 14:11:02,30.0,ACTUAL_RESULT,,confirmed,OK,30,,,
event_classification,,,,TATACONSUM_2015-03-31,TATACONSUM,2015-03-31 00:00:00,2015-05-28 14:07:02,58.0,ACTUAL_RESULT,,confirmed,OK,58,,,
event_classification,,,,TATACONSUM_2015-06-30,TATACONSUM,2015-06-30 00:00:00,2015-08-06 14:21:58,37.0,ACTUAL_RESULT,,confirmed,OK,37,,,
event_classification,,,,TATACONSUM_2015-09-30,TATACONSUM,2015-09-30 00:00:00,2015-11-05 18:50:48,36.0,ACTUAL_RESULT,,confirmed,OK,36,,,
event_classification,,,,TATACONSUM_2015-12-31,TATACONSUM,2015-12-31 00:00:00,2016-02-10 18:53:56,41.0,ACTUAL_RESULT,,confirmed,MULTIPLE_HUMAN_PRIMARY_RESULTS,41,,,
event_classification,,,,TATACONSUM_2016-03-31,TATACONSUM,2016-03-31 00:00:00,2016-05-24 18:43:03,54.0,ACTUAL_RESULT,,confirmed,MULTIPLE_HUMAN_PRIMARY_RESULTS,54,,,
event_classification,,,,TATACONSUM_2016-06-30,TATACONSUM,2016-06-30 00:00:00,2016-08-09 14:29:48,40.0,ACTUAL_RESULT,,confirmed,OK,40,,,
event_classification,,,,TATACONSUM_2016-09-30,TATACONSUM,2016-09-30 00:00:00,2016-11-15 17:51:15,46.0,ACTUAL_RESULT,,confirmed,OK,46,,,
event_classification,,,,TATACONSUM_2016-12-31,TATACONSUM,2016-12-31 00:00:00,2017-02-01 19:13:17,32.0,ACTUAL_RESULT,,confirmed,OK,32,,,
event_classification,,,,TATACONSUM_2017-03-31,TATACONSUM,2017-03-31 00:00:00,2017-05-30 22:17:53,60.0,ACTUAL_RESULT,,confirmed,OK,60,,,
event_classification,,,,TATACONSUM_2017-06-30,TATACONSUM,2017-06-30 00:00:00,2017-08-11 13:34:31,42.0,ACTUAL_RESULT,,confirmed,OK,42,,,
event_classification,,,,TATACONSUM_2017-09-30,TATACONSUM,2017-09-30 00:00:00,2017-11-14 13:09:14,45.0,ACTUAL_RESULT,,confirmed,OK,45,,,
event_classification,,,,TATACONSUM_2017-12-31,TATACONSUM,2017-12-31 00:00:00,2018-02-02 17:54:38,33.0,ACTUAL_RESULT,,confirmed,OK,33,,,
event_classification,,,,TATACONSUM_2018-03-31,TATACONSUM,2018-03-31 00:00:00,2018-05-11 17:21:29,41.0,ACTUAL_RESULT,,confirmed,OK,41,,,
event_classification,,,,TATACONSUM_2018-06-30,TATACONSUM,2018-06-30 00:00:00,2018-08-01 12:37:43,32.0,ACTUAL_RESULT,,confirmed,OK,32,,,
event_classification,,,,TATACONSUM_2018-09-30,TATACONSUM,2018-09-30 00:00:00,2018-10-30 16:24:55,30.0,ACTUAL_RESULT,,confirmed,OK,30,,,
event_classification,,,,TATACONSUM_2018-12-31,TATACONSUM,2018-12-31 00:00:00,2019-02-05 13:23:43,36.0,ACTUAL_RESULT,,confirmed,OK,36,,,
event_classification,,,,TATACONSUM_2019-03-31,TATACONSUM,2019-03-31 00:00:00,2019-04-23 16:25:12,23.0,ACTUAL_RESULT,,confirmed,OK,23,,,
event_classification,,,,TATACONSUM_2019-06-30,TATACONSUM,2019-06-30 00:00:00,2019-07-31 16:22:09,31.0,ACTUAL_RESULT,,confirmed,OK,31,,,
event_classification,,,,TATACONSUM_2019-09-30,TATACONSUM,2019-09-30 00:00:00,2019-10-30 17:31:09,30.0,ACTUAL_RESULT,,confirmed,OK,30,,,
event_classification,,,,TATACONSUM_2019-12-31,TATACONSUM,2019-12-31 00:00:00,2020-02-04 16:34:53,35.0,ACTUAL_RESULT,,confirmed,OK,35,,,
event_classification,,,,TATACONSUM_2020-03-31,TATACONSUM,2020-03-31 00:00:00,2020-05-14 17:36:24,44.0,ACTUAL_RESULT,,confirmed,OK,44,,,
event_classification,,,,TATACONSUM_2020-06-30,TATACONSUM,2020-06-30 00:00:00,2020-08-04 17:42:01,35.0,ACTUAL_RESULT,,confirmed,OK,35,,,
event_classification,,,,TATACONSUM_2020-09-30,TATACONSUM,2020-09-30 00:00:00,2020-11-06 17:20:50,37.0,ACTUAL_RESULT,,confirmed,OK,37,,,
event_classification,,,,TATACONSUM_2020-12-31,TATACONSUM,2020-12-31 00:00:00,2021-02-02 17:26:51,33.0,ACTUAL_RESULT,,confirmed,OK,33,,,
event_classification,,,,TATACONSUM_2021-03-31,TATACONSUM,2021-03-31 00:00:00,2021-05-06 16:27:42,36.0,ACTUAL_RESULT,,confirmed,OK,36,,,
event_classification,,,,TATACONSUM_2021-06-30,TATACONSUM,2021-06-30 00:00:00,2021-08-03 18:06:48,34.0,ACTUAL_RESULT,,confirmed,DUPLICATE_DOCUMENT,34,,,
event_classification,,,,TATACONSUM_2021-09-30,TATACONSUM,2021-09-30 00:00:00,2021-10-22 18:03:06,22.0,ACTUAL_RESULT,,confirmed,OK,22,,,
event_classification,,,,TATACONSUM_2021-12-31,TATACONSUM,2021-12-31 00:00:00,2022-02-02 16:11:38,33.0,ACTUAL_RESULT,,confirmed,OK,33,,,
event_classification,,,,TATACONSUM_2022-03-31,TATACONSUM,2022-03-31 00:00:00,2022-05-04 18:05:58,34.0,ACTUAL_RESULT,,confirmed,OK,34,,,
event_classification,,,,TATACONSUM_2022-06-30,TATACONSUM,2022-06-30 00:00:00,NaT,,UNCERTAIN,,no_primary_result,MISSING_RESULT,,,,
event_classification,,,,TATACONSUM_2022-09-30,TATACONSUM,2022-09-30 00:00:00,NaT,,UNCERTAIN,,no_primary_result,MISSING_RESULT,,,,
event_classification,,,,TATACONSUM_2022-12-31,TATACONSUM,2022-12-31 00:00:00,2023-02-02 16:30:02,33.0,ACTUAL_RESULT,,confirmed,OK,33,,,
event_classification,,,,TATACONSUM_2023-03-31,TATACONSUM,2023-03-31 00:00:00,2023-04-25 16:11:46,25.0,ACTUAL_RESULT,,confirmed,OK,25,,,
event_classification,,,,TATACONSUM_2023-06-30,TATACONSUM,2023-06-30 00:00:00,2023-07-26 16:16:16,26.0,ACTUAL_RESULT,,confirmed,OK,26,,,
event_classification,,,,TATACONSUM_2023-09-30,TATACONSUM,2023-09-30 00:00:00,2023-10-31 17:43:39,31.0,ACTUAL_RESULT,,confirmed,OK,31,,,
event_classification,,,,TATACONSUM_2023-12-31,TATACONSUM,2023-12-31 00:00:00,2024-02-07 16:21:38,38.0,ACTUAL_RESULT,,confirmed,OK,38,,,
event_classification,,,,TATACONSUM_2024-03-31,TATACONSUM,2024-03-31 00:00:00,2024-04-23 16:25:06,23.0,ACTUAL_RESULT,,confirmed,OK,23,,,
event_classification,,,,TATACONSUM_2024-06-30,TATACONSUM,2024-06-30 00:00:00,2024-07-30 16:52:50,30.0,ACTUAL_RESULT,,confirmed,OK,30,,,
event_classification,,,,TATACONSUM_2024-09-30,TATACONSUM,2024-09-30 00:00:00,2024-10-18 16:36:11,18.0,ACTUAL_RESULT,,confirmed,UNCLASSIFIED_DOCUMENT,18,,,
event_classification,,,,TATACONSUM_2024-12-31,TATACONSUM,2024-12-31 00:00:00,2025-01-30 17:13:55,30.0,ACTUAL_RESULT,,confirmed,OK,30,,,
event_classification,,,,TATACONSUM_2025-03-31,TATACONSUM,2025-03-31 00:00:00,NaT,,UNCERTAIN,,no_primary_result,MISSING_RESULT,,,,
event_classification,,,,TATACONSUM_2025-06-30,TATACONSUM,2025-06-30 00:00:00,2025-07-23 17:10:45,23.0,ACTUAL_RESULT,,confirmed,MULTIPLE_HUMAN_PRIMARY_RESULTS,23,,,
event_classification,,,,TATACONSUM_2025-09-30,TATACONSUM,2025-09-30 00:00:00,2025-11-03 12:50:10,34.0,ACTUAL_RESULT,,confirmed,OK,34,,,
event_classification,,,,TATACONSUM_2025-12-31,TATACONSUM,2025-12-31 00:00:00,2026-01-27 13:13:27,27.0,ACTUAL_RESULT,,confirmed,OK,27,,,
event_classification,,,,TATACONSUM_2026-03-31,TATACONSUM,2026-03-31 00:00:00,2026-05-08 16:54:55,38.0,ACTUAL_RESULT,,confirmed,OK,38,,,
event_classification,,,,TATACONSUM_2026-06-30,TATACONSUM,2026-06-30 00:00:00,2026-07-24 15:57:57,24.0,ACTUAL_RESULT,,confirmed,OK,24,,,
event_classification,,,,TATASTEEL_2005-03-31,TATASTEEL,2005-03-31 00:00:00,NaT,,UNCERTAIN,,no_primary_result,MISSING_RESULT|DUPLICATE_DOCUMENT,,,,
event_classification,,,,TATASTEEL_2006-03-31,TATASTEEL,2006-03-31 00:00:00,NaT,,UNCERTAIN,,no_primary_result,MISSING_RESULT|DUPLICATE_DOCUMENT,,,,
event_classification,,,,TATASTEEL_2007-03-31,TATASTEEL,2007-03-31 00:00:00,2007-04-13 14:18:00,13.0,ACTUAL_RESULT,,confirmed,DUPLICATE_DOCUMENT,13,,,
event_classification,,,,TATASTEEL_2007-06-30,TATASTEEL,2007-06-30 00:00:00,2007-07-30 14:33:00,30.0,ACTUAL_RESULT,,confirmed,DUPLICATE_DOCUMENT,30,,,
event_classification,,,,TATASTEEL_2007-12-31,TATASTEEL,2007-12-31 00:00:00,2008-01-31 14:18:00,31.0,ACTUAL_RESULT,,confirmed,MULTIPLE_HUMAN_PRIMARY_RESULTS|DUPLICATE_DOCUMENT,31,,,
event_classification,,,,TATASTEEL_2008-03-31,TATASTEEL,2008-03-31 00:00:00,2008-06-26 15:44:00,87.0,ACTUAL_RESULT,,confirmed,MULTIPLE_HUMAN_PRIMARY_RESULTS|DUPLICATE_DOCUMENT,87,,,
event_classification,,,,TATASTEEL_2008-06-30,TATASTEEL,2008-06-30 00:00:00,2008-08-28 15:53:00,59.0,ACTUAL_RESULT,,confirmed,MULTIPLE_HUMAN_PRIMARY_RESULTS|DUPLICATE_DOCUMENT,59,,,
event_classification,,,,TATASTEEL_2008-09-30,TATASTEEL,2008-09-30 00:00:00,2008-12-02 18:12:00,63.0,ACTUAL_RESULT,,confirmed,MULTIPLE_HUMAN_PRIMARY_RESULTS|DUPLICATE_DOCUMENT,63,,,
event_classification,,,,TATASTEEL_2008-12-31,TATASTEEL,2008-12-31 00:00:00,2009-02-27 14:45:00,58.0,ACTUAL_RESULT,,confirmed,MULTIPLE_HUMAN_PRIMARY_RESULTS|DUPLICATE_DOCUMENT,58,,,
event_classification,,,,TATASTEEL_2009-03-31,TATASTEEL,2009-03-31 00:00:00,2009-06-25 18:48:00,86.0,ACTUAL_RESULT,,confirmed,MULTIPLE_HUMAN_PRIMARY_RESULTS|DUPLICATE_DOCUMENT,86,,,
event_classification,,,,TATASTEEL_2009-06-30,TATASTEEL,2009-06-30 00:00:00,2009-08-27 15:03:00,58.0,ACTUAL_RESULT,,confirmed,MULTIPLE_HUMAN_PRIMARY_RESULTS|DUPLICATE_DOCUMENT,58,,,
event_classification,,,,TATASTEEL_2009-09-30,TATASTEEL,2009-09-30 00:00:00,2009-11-26 14:32:00,57.0,ACTUAL_RESULT,,confirmed,MULTIPLE_HUMAN_PRIMARY_RESULTS|DUPLICATE_DOCUMENT,57,,,
event_classification,,,,TATASTEEL_2009-12-31,TATASTEEL,2009-12-31 00:00:00,2010-02-16 18:54:00,47.0,ACTUAL_RESULT,,confirmed,MULTIPLE_HUMAN_PRIMARY_RESULTS|DUPLICATE_DOCUMENT,47,,,
event_classification,,,,TATASTEEL_2010-03-31,TATASTEEL,2010-03-31 00:00:00,2010-05-26 19:06:00,56.0,ACTUAL_RESULT,,confirmed,MULTIPLE_HUMAN_PRIMARY_RESULTS|DUPLICATE_DOCUMENT,56,,,
event_classification,,,,TATASTEEL_2010-06-30,TATASTEEL,2010-06-30 00:00:00,2010-08-12 18:52:00,43.0,ACTUAL_RESULT,,confirmed,MULTIPLE_HUMAN_PRIMARY_RESULTS|DUPLICATE_DOCUMENT,43,,,
event_classification,,,,TATASTEEL_2010-09-30,TATASTEEL,2010-09-30 00:00:00,2010-11-12 18:56:00,43.0,ACTUAL_RESULT,,confirmed,MULTIPLE_HUMAN_PRIMARY_RESULTS|DUPLICATE_DOCUMENT,43,,,
event_classification,,,,TATASTEEL_2010-12-31,TATASTEEL,2010-12-31 00:00:00,2011-02-15 18:53:00,46.0,ACTUAL_RESULT,,confirmed,MULTIPLE_HUMAN_PRIMARY_RESULTS|DUPLICATE_DOCUMENT|UNCLASSIFIED_DOCUMENT,46,,,
event_classification,,,,TATASTEEL_2011-03-31,TATASTEEL,2011-03-31 00:00:00,2011-05-25 17:47:00,55.0,ACTUAL_RESULT,,confirmed,MULTIPLE_HUMAN_PRIMARY_RESULTS,55,,,
event_classification,,,,TATASTEEL_2011-06-30,TATASTEEL,2011-06-30 00:00:00,2011-08-12 14:06:00,43.0,ACTUAL_RESULT,,confirmed,MULTIPLE_HUMAN_PRIMARY_RESULTS|DUPLICATE_DOCUMENT,43,,,
event_classification,,,,TATASTEEL_2011-09-30,TATASTEEL,2011-09-30 00:00:00,2011-11-10 18:57:34,41.0,ACTUAL_RESULT,,confirmed,OK,41,,,
event_classification,,,,TATASTEEL_2011-12-31,TATASTEEL,2011-12-31 00:00:00,2012-02-09 19:23:05,40.0,ACTUAL_RESULT,,confirmed,OK,40,,,
event_classification,,,,TATASTEEL_2012-03-31,TATASTEEL,2012-03-31 00:00:00,2012-05-18 17:24:00,48.0,ACTUAL_RESULT,,confirmed,MULTIPLE_HUMAN_PRIMARY_RESULTS|DUPLICATE_DOCUMENT,48,,,
event_classification,,,,TATASTEEL_2012-06-30,TATASTEEL,2012-06-30 00:00:00,2012-08-13 18:56:21,44.0,ACTUAL_RESULT,,confirmed,OK,44,,,
event_classification,,,,TATASTEEL_2012-09-30,TATASTEEL,2012-09-30 00:00:00,2012-11-09 15:11:00,40.0,ACTUAL_RESULT,,confirmed,MULTIPLE_HUMAN_PRIMARY_RESULTS|DUPLICATE_DOCUMENT,40,,,
event_classification,,,,TATASTEEL_2012-12-31,TATASTEEL,2012-12-31 00:00:00,2013-02-13 16:15:00,44.0,ACTUAL_RESULT,,confirmed,MULTIPLE_HUMAN_PRIMARY_RESULTS|DUPLICATE_DOCUMENT,44,,,
event_classification,,,,TATASTEEL_2013-03-31,TATASTEEL,2013-03-31 00:00:00,2013-05-23 18:05:00,53.0,ACTUAL_RESULT,,confirmed,MULTIPLE_HUMAN_PRIMARY_RESULTS|DUPLICATE_DOCUMENT,53,,,
event_classification,,,,TATASTEEL_2013-06-30,TATASTEEL,2013-06-30 00:00:00,2013-08-13 18:16:00,44.0,ACTUAL_RESULT,,confirmed,MULTIPLE_HUMAN_PRIMARY_RESULTS|DUPLICATE_DOCUMENT|HUMAN_PRIMARY_RESULT_BEFORE_PERIOD_END,44,,,
event_classification,,,,TATASTEEL_2013-09-30,TATASTEEL,2013-09-30 00:00:00,2013-11-13 17:51:02,44.0,ACTUAL_RESULT,,confirmed,MULTIPLE_HUMAN_PRIMARY_RESULTS|DUPLICATE_DOCUMENT,44,,,
event_classification,,,,TATASTEEL_2013-12-31,TATASTEEL,2013-12-31 00:00:00,2014-02-11 20:03:02,42.0,ACTUAL_RESULT,,confirmed,OK,42,,,
event_classification,,,,TATASTEEL_2014-03-31,TATASTEEL,2014-03-31 00:00:00,2014-05-14 18:27:02,44.0,ACTUAL_RESULT,,confirmed,OK,44,,,
event_classification,,,,TATASTEEL_2014-06-30,TATASTEEL,2014-06-30 00:00:00,2014-08-13 15:27:03,44.0,ACTUAL_RESULT,,confirmed,OK,44,,,
event_classification,,,,TATASTEEL_2014-09-30,TATASTEEL,2014-09-30 00:00:00,2014-11-12 15:39:03,43.0,ACTUAL_RESULT,,confirmed,OK,43,,,
event_classification,,,,TATASTEEL_2014-12-31,TATASTEEL,2014-12-31 00:00:00,2015-02-06 19:35:02,37.0,ACTUAL_RESULT,,confirmed,OK,37,,,
event_classification,,,,TATASTEEL_2015-03-31,TATASTEEL,2015-03-31 00:00:00,2015-05-20 17:31:02,50.0,ACTUAL_RESULT,,confirmed,OK,50,,,
event_classification,,,,TATASTEEL_2015-06-30,TATASTEEL,2015-06-30 00:00:00,2015-08-11 15:32:37,42.0,ACTUAL_RESULT,,confirmed,OK,42,,,
event_classification,,,,TATASTEEL_2015-09-30,TATASTEEL,2015-09-30 00:00:00,2015-11-05 16:41:16,36.0,ACTUAL_RESULT,,confirmed,OK,36,,,
event_classification,,,,TATASTEEL_2015-12-31,TATASTEEL,2015-12-31 00:00:00,2016-02-04 18:33:48,35.0,ACTUAL_RESULT,,confirmed,MULTIPLE_HUMAN_PRIMARY_RESULTS,35,,,
event_classification,,,,TATASTEEL_2016-03-31,TATASTEEL,2016-03-31 00:00:00,2016-05-25 19:55:12,55.0,ACTUAL_RESULT,,confirmed,MANY_PRE_ANNOUNCEMENTS,55,,,
event_classification,,,,TATASTEEL_2016-06-30,TATASTEEL,2016-06-30 00:00:00,2016-09-12 15:54:26,74.0,ACTUAL_RESULT,,confirmed,MULTIPLE_HUMAN_PRIMARY_RESULTS|MANY_PRE_ANNOUNCEMENTS,74,,,
event_classification,,,,TATASTEEL_2016-09-30,TATASTEEL,2016-09-30 00:00:00,2016-11-11 18:22:46,42.0,ACTUAL_RESULT,,confirmed,OK,42,,,
event_classification,,,,TATASTEEL_2016-12-31,TATASTEEL,2016-12-31 00:00:00,2017-02-07 17:07:47,38.0,ACTUAL_RESULT,,confirmed,MANY_PRE_ANNOUNCEMENTS,38,,,
event_classification,,,,TATASTEEL_2017-03-31,TATASTEEL,2017-03-31 00:00:00,2017-05-16 18:02:48,46.0,ACTUAL_RESULT,,confirmed,OK,46,,,
event_classification,,,,TATASTEEL_2017-06-30,TATASTEEL,2017-06-30 00:00:00,2017-08-07 17:29:18,38.0,ACTUAL_RESULT,,confirmed,MULTIPLE_HUMAN_PRIMARY_RESULTS|HUMAN_PRIMARY_RESULT_BEFORE_PERIOD_END,38,,,
event_classification,,,,TATASTEEL_2017-09-30,TATASTEEL,2017-09-30 00:00:00,2017-10-30 18:28:34,30.0,ACTUAL_RESULT,,confirmed,OK,30,,,
event_classification,,,,TATASTEEL_2017-12-31,TATASTEEL,2017-12-31 00:00:00,2018-02-09 15:37:18,40.0,ACTUAL_RESULT,,confirmed,OK,40,,,
event_classification,,,,TATASTEEL_2018-03-31,TATASTEEL,2018-03-31 00:00:00,2018-05-16 18:25:43,46.0,ACTUAL_RESULT,,confirmed,OK,46,,,
event_classification,,,,TATASTEEL_2018-06-30,TATASTEEL,2018-06-30 00:00:00,2018-08-13 19:00:00,44.0,ACTUAL_RESULT,,confirmed,OK,44,,,
event_classification,,,,TATASTEEL_2018-09-30,TATASTEEL,2018-09-30 00:00:00,2018-11-13 18:38:41,44.0,ACTUAL_RESULT,,confirmed,OK,44,,,
event_classification,,,,TATASTEEL_2018-12-31,TATASTEEL,2018-12-31 00:00:00,2019-02-08 16:17:29,39.0,ACTUAL_RESULT,,confirmed,OK,39,,,
event_classification,,,,TATASTEEL_2019-03-31,TATASTEEL,2019-03-31 00:00:00,2019-04-25 19:15:25,25.0,ACTUAL_RESULT,,confirmed,MULTIPLE_HUMAN_PRIMARY_RESULTS,25,,,
event_classification,,,,TATASTEEL_2019-06-30,TATASTEEL,2019-06-30 00:00:00,2019-08-07 18:30:35,38.0,ACTUAL_RESULT,,confirmed,MULTIPLE_HUMAN_PRIMARY_RESULTS,38,,,
event_classification,,,,TATASTEEL_2019-09-30,TATASTEEL,2019-09-30 00:00:00,2019-11-06 17:46:12,37.0,ACTUAL_RESULT,,confirmed,OK,37,,,
event_classification,,,,TATASTEEL_2019-12-31,TATASTEEL,2019-12-31 00:00:00,2020-02-07 18:57:38,38.0,ACTUAL_RESULT,,confirmed,UNCLASSIFIED_DOCUMENT,38,,,
event_classification,,,,TATASTEEL_2020-03-31,TATASTEEL,2020-03-31 00:00:00,2020-06-29 17:59:45,90.0,ACTUAL_RESULT,,confirmed,UNCLASSIFIED_DOCUMENT,90,,,
event_classification,,,,TATASTEEL_2020-06-30,TATASTEEL,2020-06-30 00:00:00,2020-08-13 20:10:33,44.0,ACTUAL_RESULT,,confirmed,UNCLASSIFIED_DOCUMENT,44,,,
event_classification,,,,TATASTEEL_2020-09-30,TATASTEEL,2020-09-30 00:00:00,2020-11-13 19:28:43,44.0,ACTUAL_RESULT,,confirmed,OK,44,,,
event_classification,,,,TATASTEEL_2020-12-31,TATASTEEL,2020-12-31 00:00:00,2021-02-09 19:01:05,40.0,ACTUAL_RESULT,,confirmed,OK,40,,,
event_classification,,,,TATASTEEL_2021-03-31,TATASTEEL,2021-03-31 00:00:00,2021-05-05 19:23:37,35.0,ACTUAL_RESULT,,confirmed,OK,35,,,
event_classification,,,,TATASTEEL_2021-06-30,TATASTEEL,2021-06-30 00:00:00,2021-08-12 17:43:11,43.0,ACTUAL_RESULT,,confirmed,OK,43,,,
event_classification,,,,TATASTEEL_2021-09-30,TATASTEEL,2021-09-30 00:00:00,2021-11-11 18:53:01,42.0,ACTUAL_RESULT,,confirmed,OK,42,,,
event_classification,,,,TATASTEEL_2021-12-31,TATASTEEL,2021-12-31 00:00:00,2022-02-04 19:03:57,35.0,ACTUAL_RESULT,,confirmed,OK,35,,,
event_classification,,,,TATASTEEL_2022-03-31,TATASTEEL,2022-03-31 00:00:00,2022-05-03 19:24:42,33.0,ACTUAL_RESULT,,confirmed,OK,33,,,
event_classification,,,,TATASTEEL_2022-06-30,TATASTEEL,2022-06-30 00:00:00,NaT,,UNCERTAIN,,no_primary_result,MISSING_RESULT,,,,
event_classification,,,,TATASTEEL_2022-09-30,TATASTEEL,2022-09-30 00:00:00,NaT,,UNCERTAIN,,no_primary_result,MISSING_RESULT|MANY_PRE_ANNOUNCEMENTS,,,,
event_classification,,,,TATASTEEL_2022-12-31,TATASTEEL,2022-12-31 00:00:00,2023-02-06 18:22:33,37.0,ACTUAL_RESULT,,confirmed,MANY_PRE_ANNOUNCEMENTS,37,,,
event_classification,,,,TATASTEEL_2023-03-31,TATASTEEL,2023-03-31 00:00:00,2023-05-02 18:30:39,32.0,ACTUAL_RESULT,,confirmed,OK,32,,,
event_classification,,,,TATASTEEL_2023-06-30,TATASTEEL,2023-06-30 00:00:00,2023-07-24 18:00:07,24.0,ACTUAL_RESULT,,confirmed,OK,24,,,
event_classification,,,,TATASTEEL_2023-09-30,TATASTEEL,2023-09-30 00:00:00,2023-11-01 20:00:42,32.0,ACTUAL_RESULT,,confirmed,OK,32,,,
event_classification,,,,TATASTEEL_2023-12-31,TATASTEEL,2023-12-31 00:00:00,2024-01-24 18:49:19,24.0,ACTUAL_RESULT,,confirmed,OK,24,,,
event_classification,,,,TATASTEEL_2024-03-31,TATASTEEL,2024-03-31 00:00:00,2024-05-29 18:47:10,59.0,ACTUAL_RESULT,,confirmed,OK,59,,,
event_classification,,,,TATASTEEL_2024-06-30,TATASTEEL,2024-06-30 00:00:00,2024-07-31 18:10:55,31.0,ACTUAL_RESULT,,confirmed,OK,31,,,
event_classification,,,,TATASTEEL_2024-09-30,TATASTEEL,2024-09-30 00:00:00,2024-11-06 17:30:38,37.0,ACTUAL_RESULT,,confirmed,MANY_PRE_ANNOUNCEMENTS,37,,,
event_classification,,,,TATASTEEL_2024-12-31,TATASTEEL,2024-12-31 00:00:00,2025-01-27 18:31:38,27.0,ACTUAL_RESULT,,confirmed,OK,27,,,
event_classification,,,,TATASTEEL_2025-03-31,TATASTEEL,2025-03-31 00:00:00,NaT,,UNCERTAIN,,no_primary_result,MISSING_RESULT,,,,
event_classification,,,,TATASTEEL_2025-06-30,TATASTEEL,2025-06-30 00:00:00,2025-07-30 17:59:07,30.0,ACTUAL_RESULT,,confirmed,MANY_PRE_ANNOUNCEMENTS,30,,,
event_classification,,,,TATASTEEL_2025-09-30,TATASTEEL,2025-09-30 00:00:00,2025-11-12 18:01:54,43.0,ACTUAL_RESULT,,confirmed,OK,43,,,
event_classification,,,,TATASTEEL_2025-12-31,TATASTEEL,2025-12-31 00:00:00,2026-02-06 16:36:12,37.0,ACTUAL_RESULT,,confirmed,OK,37,,,
event_classification,,,,TATASTEEL_2026-03-31,TATASTEEL,2026-03-31 00:00:00,2026-05-15 17:44:51,45.0,ACTUAL_RESULT,,confirmed,UNCLASSIFIED_DOCUMENT|MANY_PRE_ANNOUNCEMENTS,45,,,
event_classification,,,,TATASTEEL_2026-06-30,TATASTEEL,2026-06-30 00:00:00,2026-07-30 18:49:55,30.0,ACTUAL_RESULT,,confirmed,UNCLASSIFIED_DOCUMENT,30,,,
event_classification,,,,TATASTEEL_2026-09-30,TATASTEEL,2026-09-30 00:00:00,NaT,,UNCERTAIN,,no_primary_result,MISSING_RESULT|UNCLASSIFIED_DOCUMENT|MANY_PRE_ANNOUNCEMENTS,,,,
event_classification,,,,TCS_2004-12-31,TCS,2004-12-31 00:00:00,NaT,,UNCERTAIN,,no_primary_result,MISSING_RESULT|DUPLICATE_DOCUMENT,,,,
event_classification,,,,TCS_2005-03-31,TCS,2005-03-31 00:00:00,NaT,,UNCERTAIN,,no_primary_result,MISSING_RESULT|DUPLICATE_DOCUMENT,,,,
event_classification,,,,TCS_2005-06-30,TCS,2005-06-30 00:00:00,NaT,,UNCERTAIN,,no_primary_result,MISSING_RESULT|DUPLICATE_DOCUMENT,,,,
event_classification,,,,TCS_2005-09-30,TCS,2005-09-30 00:00:00,NaT,,UNCERTAIN,,no_primary_result,MISSING_RESULT|DUPLICATE_DOCUMENT|MANY_PRE_ANNOUNCEMENTS,,,,
event_classification,,,,TCS_2005-12-31,TCS,2005-12-31 00:00:00,NaT,,UNCERTAIN,,no_primary_result,MISSING_RESULT|DUPLICATE_DOCUMENT|MANY_PRE_ANNOUNCEMENTS,,,,
event_classification,,,,TCS_2006-03-31,TCS,2006-03-31 00:00:00,NaT,,UNCERTAIN,,no_primary_result,MISSING_RESULT|DUPLICATE_DOCUMENT|MANY_PRE_ANNOUNCEMENTS,,,,
event_classification,,,,TCS_2006-06-30,TCS,2006-06-30 00:00:00,NaT,,UNCERTAIN,,no_primary_result,MISSING_RESULT|DUPLICATE_DOCUMENT,,,,
event_classification,,,,TCS_2006-09-30,TCS,2006-09-30 00:00:00,NaT,,UNCERTAIN,,no_primary_result,MISSING_RESULT|DUPLICATE_DOCUMENT,,,,
event_classification,,,,TCS_2006-12-31,TCS,2006-12-31 00:00:00,NaT,,UNCERTAIN,,no_primary_result,MISSING_RESULT|DUPLICATE_DOCUMENT|MANY_PRE_ANNOUNCEMENTS,,,,
event_classification,,,,TCS_2007-03-31,TCS,2007-03-31 00:00:00,NaT,,UNCERTAIN,,no_primary_result,MISSING_RESULT|DUPLICATE_DOCUMENT,,,,
event_classification,,,,TCS_2007-06-30,TCS,2007-06-30 00:00:00,2007-07-16 17:14:00,16.0,ACTUAL_RESULT,,confirmed,DUPLICATE_DOCUMENT,16,,,
event_classification,,,,TCS_2007-09-30,TCS,2007-09-30 00:00:00,2007-10-15 17:34:00,15.0,ACTUAL_RESULT,,confirmed,MULTIPLE_HUMAN_PRIMARY_RESULTS|DUPLICATE_DOCUMENT,15,,,
event_classification,,,,TCS_2007-12-31,TCS,2007-12-31 00:00:00,2008-01-16 17:26:00,16.0,ACTUAL_RESULT,,confirmed,MULTIPLE_HUMAN_PRIMARY_RESULTS|DUPLICATE_DOCUMENT,16,,,
event_classification,,,,TCS_2008-03-31,TCS,2008-03-31 00:00:00,2008-04-21 18:03:00,21.0,ACTUAL_RESULT,,confirmed,MULTIPLE_HUMAN_PRIMARY_RESULTS|DUPLICATE_DOCUMENT|MANY_PRE_ANNOUNCEMENTS,21,,,
event_classification,,,,TCS_2008-06-30,TCS,2008-06-30 00:00:00,2008-07-16 17:53:00,16.0,ACTUAL_RESULT,,confirmed,MULTIPLE_HUMAN_PRIMARY_RESULTS|DUPLICATE_DOCUMENT|MANY_PRE_ANNOUNCEMENTS,16,,,
event_classification,,,,TCS_2008-09-30,TCS,2008-09-30 00:00:00,2008-10-22 17:51:00,22.0,ACTUAL_RESULT,,confirmed,MULTIPLE_HUMAN_PRIMARY_RESULTS|DUPLICATE_DOCUMENT,22,,,
event_classification,,,,TCS_2008-12-31,TCS,2008-12-31 00:00:00,2009-01-15 18:24:00,15.0,ACTUAL_RESULT,,confirmed,MULTIPLE_HUMAN_PRIMARY_RESULTS|DUPLICATE_DOCUMENT|MANY_PRE_ANNOUNCEMENTS,15,,,
event_classification,,,,TCS_2009-03-31,TCS,2009-03-31 00:00:00,2009-04-20 18:41:00,20.0,ACTUAL_RESULT,,confirmed,MULTIPLE_HUMAN_PRIMARY_RESULTS|DUPLICATE_DOCUMENT,20,,,
event_classification,,,,TCS_2009-06-30,TCS,2009-06-30 00:00:00,2009-07-17 18:07:00,17.0,ACTUAL_RESULT,,confirmed,MULTIPLE_HUMAN_PRIMARY_RESULTS|DUPLICATE_DOCUMENT,17,,,
event_classification,,,,TCS_2009-09-30,TCS,2009-09-30 00:00:00,2009-10-16 17:46:00,16.0,ACTUAL_RESULT,,confirmed,MULTIPLE_HUMAN_PRIMARY_RESULTS|DUPLICATE_DOCUMENT|MANY_PRE_ANNOUNCEMENTS,16,,,
event_classification,,,,TCS_2009-12-31,TCS,2009-12-31 00:00:00,2010-01-15 17:20:00,15.0,ACTUAL_RESULT,,confirmed,MULTIPLE_HUMAN_PRIMARY_RESULTS|DUPLICATE_DOCUMENT|MANY_PRE_ANNOUNCEMENTS,15,,,
event_classification,,,,TCS_2010-03-31,TCS,2010-03-31 00:00:00,2010-04-19 18:43:00,19.0,ACTUAL_RESULT,,confirmed,MULTIPLE_HUMAN_PRIMARY_RESULTS|DUPLICATE_DOCUMENT,19,,,
event_classification,,,,TCS_2010-06-30,TCS,2010-06-30 00:00:00,2010-07-15 17:20:00,15.0,ACTUAL_RESULT,,confirmed,MULTIPLE_HUMAN_PRIMARY_RESULTS|DUPLICATE_DOCUMENT|MANY_PRE_ANNOUNCEMENTS,15,,,
event_classification,,,,TCS_2010-09-30,TCS,2010-09-30 00:00:00,2010-10-21 17:44:00,21.0,ACTUAL_RESULT,,confirmed,MULTIPLE_HUMAN_PRIMARY_RESULTS|DUPLICATE_DOCUMENT|MANY_PRE_ANNOUNCEMENTS,21,,,
event_classification,,,,TCS_2010-12-31,TCS,2010-12-31 00:00:00,2011-01-17 17:15:00,17.0,ACTUAL_RESULT,,confirmed,MULTIPLE_HUMAN_PRIMARY_RESULTS|DUPLICATE_DOCUMENT|MANY_PRE_ANNOUNCEMENTS,17,,,
event_classification,,,,TCS_2011-03-31,TCS,2011-03-31 00:00:00,2011-04-21 13:53:00,21.0,ACTUAL_RESULT,,confirmed,MULTIPLE_HUMAN_PRIMARY_RESULTS|DUPLICATE_DOCUMENT|MANY_PRE_ANNOUNCEMENTS,21,,,
event_classification,,,,TCS_2011-06-30,TCS,2011-06-30 00:00:00,2011-07-14 17:29:00,14.0,ACTUAL_RESULT,,confirmed,MULTIPLE_HUMAN_PRIMARY_RESULTS|DUPLICATE_DOCUMENT|MANY_PRE_ANNOUNCEMENTS,14,,,
event_classification,,,,TCS_2011-09-30,TCS,2011-09-30 00:00:00,2011-10-17 18:20:00,17.0,ACTUAL_RESULT,,confirmed,MULTIPLE_HUMAN_PRIMARY_RESULTS|MANY_PRE_ANNOUNCEMENTS,17,,,
event_classification,,,,TCS_2011-12-31,TCS,2011-12-31 00:00:00,2012-01-17 17:36:00,17.0,ACTUAL_RESULT,,confirmed,MULTIPLE_HUMAN_PRIMARY_RESULTS|DUPLICATE_DOCUMENT|MANY_PRE_ANNOUNCEMENTS,17,,,
event_classification,,,,TCS_2012-03-31,TCS,2012-03-31 00:00:00,2012-04-23 18:24:00,23.0,ACTUAL_RESULT,,confirmed,MULTIPLE_HUMAN_PRIMARY_RESULTS|DUPLICATE_DOCUMENT|MANY_PRE_ANNOUNCEMENTS,23,,,
event_classification,,,,TCS_2012-06-30,TCS,2012-06-30 00:00:00,2012-07-12 17:18:00,12.0,ACTUAL_RESULT,,confirmed,MULTIPLE_HUMAN_PRIMARY_RESULTS|DUPLICATE_DOCUMENT|MANY_PRE_ANNOUNCEMENTS,12,,,
event_classification,,,,TCS_2012-09-30,TCS,2012-09-30 00:00:00,2012-10-19 18:14:00,19.0,ACTUAL_RESULT,,confirmed,MULTIPLE_HUMAN_PRIMARY_RESULTS|DUPLICATE_DOCUMENT|MANY_PRE_ANNOUNCEMENTS,19,,,
event_classification,,,,TCS_2012-12-31,TCS,2012-12-31 00:00:00,2013-01-14 17:04:00,14.0,ACTUAL_RESULT,,confirmed,MULTIPLE_HUMAN_PRIMARY_RESULTS|DUPLICATE_DOCUMENT|MANY_PRE_ANNOUNCEMENTS,14,,,
event_classification,,,,TCS_2013-03-31,TCS,2013-03-31 00:00:00,2013-04-17 17:28:00,17.0,ACTUAL_RESULT,,confirmed,MULTIPLE_HUMAN_PRIMARY_RESULTS|DUPLICATE_DOCUMENT|MANY_PRE_ANNOUNCEMENTS,17,,,
event_classification,,,,TCS_2013-06-30,TCS,2013-06-30 00:00:00,2013-07-18 17:23:00,18.0,ACTUAL_RESULT,,confirmed,MULTIPLE_HUMAN_PRIMARY_RESULTS|DUPLICATE_DOCUMENT|MANY_PRE_ANNOUNCEMENTS,18,,,
event_classification,,,,TCS_2013-09-30,TCS,2013-09-30 00:00:00,2013-10-15 16:15:02,15.0,ACTUAL_RESULT,,confirmed,MULTIPLE_HUMAN_PRIMARY_RESULTS|MANY_PRE_ANNOUNCEMENTS,15,,,
event_classification,,,,TCS_2013-12-31,TCS,2013-12-31 00:00:00,2014-01-16 17:43:02,16.0,ACTUAL_RESULT,,confirmed,MULTIPLE_HUMAN_PRIMARY_RESULTS|MANY_PRE_ANNOUNCEMENTS,16,,,
event_classification,,,,TCS_2014-03-31,TCS,2014-03-31 00:00:00,2014-04-16 17:03:02,16.0,ACTUAL_RESULT,,confirmed,MULTIPLE_HUMAN_PRIMARY_RESULTS|DUPLICATE_DOCUMENT|MANY_PRE_ANNOUNCEMENTS,16,,,
event_classification,,,,TCS_2014-06-30,TCS,2014-06-30 00:00:00,2014-07-17 17:19:02,17.0,ACTUAL_RESULT,,confirmed,MANY_PRE_ANNOUNCEMENTS,17,,,
event_classification,,,,TCS_2014-09-30,TCS,2014-09-30 00:00:00,2014-10-16 16:35:02,16.0,ACTUAL_RESULT,,confirmed,MANY_PRE_ANNOUNCEMENTS,16,,,
event_classification,,,,TCS_2014-12-31,TCS,2014-12-31 00:00:00,2015-01-15 16:47:02,15.0,ACTUAL_RESULT,,confirmed,MANY_PRE_ANNOUNCEMENTS,15,,,
event_classification,,,,TCS_2015-03-31,TCS,2015-03-31 00:00:00,2015-04-16 17:43:02,16.0,ACTUAL_RESULT,,confirmed,MANY_PRE_ANNOUNCEMENTS,16,,,
event_classification,,,,TCS_2015-06-30,TCS,2015-06-30 00:00:00,2015-07-09 16:38:36,9.0,ACTUAL_RESULT,,confirmed,MANY_PRE_ANNOUNCEMENTS,9,,,
event_classification,,,,TCS_2015-09-30,TCS,2015-09-30 00:00:00,2015-10-13 17:08:44,13.0,ACTUAL_RESULT,,confirmed,MANY_PRE_ANNOUNCEMENTS,13,,,
event_classification,,,,TCS_2015-12-31,TCS,2015-12-31 00:00:00,2016-01-12 18:27:14,12.0,ACTUAL_RESULT,,confirmed,MANY_PRE_ANNOUNCEMENTS,12,,,
event_classification,,,,TCS_2016-03-31,TCS,2016-03-31 00:00:00,2016-04-18 17:02:27,18.0,ACTUAL_RESULT,,confirmed,UNCLASSIFIED_DOCUMENT|MANY_PRE_ANNOUNCEMENTS,18,,,
event_classification,,,,TCS_2016-06-30,TCS,2016-06-30 00:00:00,2016-07-14 16:12:04,14.0,ACTUAL_RESULT,,confirmed,MANY_PRE_ANNOUNCEMENTS,14,,,
event_classification,,,,TCS_2016-09-30,TCS,2016-09-30 00:00:00,2016-10-13 16:33:49,13.0,ACTUAL_RESULT,,confirmed,MANY_PRE_ANNOUNCEMENTS,13,,,
event_classification,,,,TCS_2016-12-31,TCS,2016-12-31 00:00:00,2017-01-12 15:32:09,12.0,ACTUAL_RESULT,,confirmed,MANY_PRE_ANNOUNCEMENTS,12,,,
event_classification,,,,TCS_2017-03-31,TCS,2017-03-31 00:00:00,2017-04-18 17:02:35,18.0,ACTUAL_RESULT,,confirmed,MANY_PRE_ANNOUNCEMENTS,18,,,
event_classification,,,,TCS_2017-06-30,TCS,2017-06-30 00:00:00,2017-07-13 16:36:39,13.0,ACTUAL_RESULT,,confirmed,MANY_PRE_ANNOUNCEMENTS,13,,,
event_classification,,,,TCS_2017-09-30,TCS,2017-09-30 00:00:00,2017-10-12 16:40:04,12.0,ACTUAL_RESULT,,confirmed,MANY_PRE_ANNOUNCEMENTS,12,,,
event_classification,,,,TCS_2017-12-31,TCS,2017-12-31 00:00:00,2018-01-11 17:27:40,11.0,ACTUAL_RESULT,,confirmed,MANY_PRE_ANNOUNCEMENTS,11,,,
event_classification,,,,TCS_2018-03-31,TCS,2018-03-31 00:00:00,2018-04-19 17:54:01,19.0,ACTUAL_RESULT,,confirmed,MANY_PRE_ANNOUNCEMENTS,19,,,
event_classification,,,,TCS_2018-06-30,TCS,2018-06-30 00:00:00,2018-07-10 17:04:55,10.0,ACTUAL_RESULT,,confirmed,MANY_PRE_ANNOUNCEMENTS,10,,,
event_classification,,,,TCS_2018-09-30,TCS,2018-09-30 00:00:00,2018-10-11 16:44:45,11.0,ACTUAL_RESULT,,confirmed,MANY_PRE_ANNOUNCEMENTS,11,,,
event_classification,,,,TCS_2018-12-31,TCS,2018-12-31 00:00:00,2019-01-10 16:58:27,10.0,ACTUAL_RESULT,,confirmed,MANY_PRE_ANNOUNCEMENTS,10,,,
event_classification,,,,TCS_2019-03-31,TCS,2019-03-31 00:00:00,2019-04-12 16:40:41,12.0,ACTUAL_RESULT,,confirmed,MANY_PRE_ANNOUNCEMENTS,12,,,
event_classification,,,,TCS_2019-06-30,TCS,2019-06-30 00:00:00,2019-07-09 17:17:29,9.0,ACTUAL_RESULT,,confirmed,MANY_PRE_ANNOUNCEMENTS,9,,,
event_classification,,,,TCS_2019-09-30,TCS,2019-09-30 00:00:00,2019-10-10 16:41:34,10.0,ACTUAL_RESULT,,confirmed,MANY_PRE_ANNOUNCEMENTS,10,,,
event_classification,,,,TCS_2019-12-31,TCS,2019-12-31 00:00:00,2020-01-17 16:01:52,17.0,ACTUAL_RESULT,,confirmed,MANY_PRE_ANNOUNCEMENTS,17,,,
event_classification,,,,TCS_2020-03-31,TCS,2020-03-31 00:00:00,2020-04-16 19:13:13,16.0,ACTUAL_RESULT,,confirmed,MANY_PRE_ANNOUNCEMENTS,16,,,
event_classification,,,,TCS_2020-06-30,TCS,2020-06-30 00:00:00,2020-07-09 17:49:41,9.0,ACTUAL_RESULT,,confirmed,MANY_PRE_ANNOUNCEMENTS,9,,,
event_classification,,,,TCS_2020-09-30,TCS,2020-09-30 00:00:00,2020-10-07 18:32:18,7.0,ACTUAL_RESULT,,confirmed,MULTIPLE_HUMAN_PRIMARY_RESULTS|MANY_PRE_ANNOUNCEMENTS,7,,,
event_classification,,,,TCS_2020-12-31,TCS,2020-12-31 00:00:00,2021-01-08 18:07:47,8.0,ACTUAL_RESULT,,confirmed,MANY_PRE_ANNOUNCEMENTS,8,,,
event_classification,,,,TCS_2021-03-31,TCS,2021-03-31 00:00:00,2021-04-12 18:43:59,12.0,ACTUAL_RESULT,,confirmed,MANY_PRE_ANNOUNCEMENTS,12,,,
event_classification,,,,TCS_2021-06-30,TCS,2021-06-30 00:00:00,2021-07-08 18:41:57,8.0,ACTUAL_RESULT,,confirmed,MANY_PRE_ANNOUNCEMENTS,8,,,
event_classification,,,,TCS_2021-09-30,TCS,2021-09-30 00:00:00,2021-10-08 18:23:49,8.0,ACTUAL_RESULT,,confirmed,MANY_PRE_ANNOUNCEMENTS,8,,,
event_classification,,,,TCS_2021-12-31,TCS,2021-12-31 00:00:00,2022-01-12 23:37:47,12.0,ACTUAL_RESULT,,confirmed,MULTIPLE_HUMAN_PRIMARY_RESULTS|MANY_PRE_ANNOUNCEMENTS,12,,,
event_classification,,,,TCS_2022-03-31,TCS,2022-03-31 00:00:00,2022-04-11 17:40:50,11.0,ACTUAL_RESULT,,confirmed,MANY_PRE_ANNOUNCEMENTS,11,,,
event_classification,,,,TCS_2022-06-30,TCS,2022-06-30 00:00:00,2022-07-08 16:36:53,8.0,ACTUAL_RESULT,,confirmed,MANY_PRE_ANNOUNCEMENTS,8,,,
event_classification,,,,TCS_2022-09-30,TCS,2022-09-30 00:00:00,NaT,,UNCERTAIN,,no_primary_result,MISSING_RESULT|MANY_PRE_ANNOUNCEMENTS,,,,
event_classification,,,,TCS_2022-12-31,TCS,2022-12-31 00:00:00,2023-01-09 17:14:35,9.0,ACTUAL_RESULT,,confirmed,MANY_PRE_ANNOUNCEMENTS,9,,,
event_classification,,,,TCS_2023-03-31,TCS,2023-03-31 00:00:00,2023-04-12 17:17:07,12.0,ACTUAL_RESULT,,confirmed,MANY_PRE_ANNOUNCEMENTS,12,,,
event_classification,,,,TCS_2023-06-30,TCS,2023-06-30 00:00:00,2023-07-12 15:54:53,12.0,ACTUAL_RESULT,,confirmed,MANY_PRE_ANNOUNCEMENTS,12,,,
event_classification,,,,TCS_2023-09-30,TCS,2023-09-30 00:00:00,2023-10-11 17:03:52,11.0,ACTUAL_RESULT,,confirmed,MANY_PRE_ANNOUNCEMENTS,11,,,
event_classification,,,,TCS_2023-12-31,TCS,2023-12-31 00:00:00,2024-01-11 15:53:19,11.0,ACTUAL_RESULT,,confirmed,MANY_PRE_ANNOUNCEMENTS,11,,,
event_classification,,,,TCS_2024-03-31,TCS,2024-03-31 00:00:00,2024-04-12 15:36:45,12.0,ACTUAL_RESULT,,confirmed,MANY_PRE_ANNOUNCEMENTS,12,,,
event_classification,,,,TCS_2024-06-30,TCS,2024-06-30 00:00:00,2024-07-11 15:38:49,11.0,ACTUAL_RESULT,,confirmed,MANY_PRE_ANNOUNCEMENTS,11,,,
event_classification,,,,TCS_2024-09-30,TCS,2024-09-30 00:00:00,2024-10-10 16:06:39,10.0,ACTUAL_RESULT,,confirmed,MANY_PRE_ANNOUNCEMENTS,10,,,
event_classification,,,,TCS_2024-12-31,TCS,2024-12-31 00:00:00,2025-01-09 16:10:53,9.0,ACTUAL_RESULT,,confirmed,MANY_PRE_ANNOUNCEMENTS,9,,,
event_classification,,,,TCS_2025-03-31,TCS,2025-03-31 00:00:00,NaT,,UNCERTAIN,,no_primary_result,MISSING_RESULT|MANY_PRE_ANNOUNCEMENTS,,,,
event_classification,,,,TCS_2025-06-30,TCS,2025-06-30 00:00:00,2025-07-10 15:57:29,10.0,ACTUAL_RESULT,,confirmed,MANY_PRE_ANNOUNCEMENTS,10,,,
event_classification,,,,TCS_2025-09-30,TCS,2025-09-30 00:00:00,2025-10-09 15:52:18,9.0,ACTUAL_RESULT,,confirmed,MANY_PRE_ANNOUNCEMENTS,9,,,
event_classification,,,,TCS_2025-12-31,TCS,2025-12-31 00:00:00,2026-01-12 15:50:27,12.0,ACTUAL_RESULT,,confirmed,MANY_PRE_ANNOUNCEMENTS,12,,,
event_classification,,,,TCS_2026-03-31,TCS,2026-03-31 00:00:00,2026-04-09 15:55:34,9.0,ACTUAL_RESULT,,confirmed,MANY_PRE_ANNOUNCEMENTS,9,,,
event_classification,,,,TCS_2026-06-30,TCS,2026-06-30 00:00:00,2026-07-09 15:52:21,9.0,ACTUAL_RESULT,,confirmed,MANY_PRE_ANNOUNCEMENTS,9,,,
event_classification,,,,TCS_2026-09-30,TCS,2026-09-30 00:00:00,NaT,,UNCERTAIN,,no_primary_result,MISSING_RESULT,,,,
event_classification,,,,TECHM_2006-12-31,TECHM,2006-12-31 00:00:00,NaT,,UNCERTAIN,,no_primary_result,MISSING_RESULT|DUPLICATE_DOCUMENT|UNCLASSIFIED_DOCUMENT,,,,
event_classification,,,,TECHM_2007-03-31,TECHM,2007-03-31 00:00:00,2007-04-11 14:31:00,11.0,ACTUAL_RESULT,,confirmed,DUPLICATE_DOCUMENT,11,,,
event_classification,,,,TECHM_2007-06-30,TECHM,2007-06-30 00:00:00,2007-07-19 15:35:00,19.0,ACTUAL_RESULT,,confirmed,DUPLICATE_DOCUMENT,19,,,
event_classification,,,,TECHM_2007-09-30,TECHM,2007-09-30 00:00:00,2007-10-19 15:36:00,19.0,ACTUAL_RESULT,,confirmed,DUPLICATE_DOCUMENT,19,,,
event_classification,,,,TECHM_2007-12-31,TECHM,2007-12-31 00:00:00,NaT,,UNCERTAIN,,no_primary_result,MISSING_RESULT,,,,
event_classification,,,,TECHM_2008-03-31,TECHM,2008-03-31 00:00:00,2008-04-17 18:18:00,17.0,ACTUAL_RESULT,,confirmed,DUPLICATE_DOCUMENT,17,,,
event_classification,,,,TECHM_2008-06-30,TECHM,2008-06-30 00:00:00,2008-07-21 15:43:00,21.0,ACTUAL_RESULT,,confirmed,MULTIPLE_HUMAN_PRIMARY_RESULTS|DUPLICATE_DOCUMENT,21,,,
event_classification,,,,TECHM_2008-09-30,TECHM,2008-09-30 00:00:00,2008-10-21 17:07:00,21.0,ACTUAL_RESULT,,confirmed,MULTIPLE_HUMAN_PRIMARY_RESULTS|DUPLICATE_DOCUMENT,21,,,
event_classification,,,,TECHM_2008-12-31,TECHM,2008-12-31 00:00:00,2009-01-23 15:42:00,23.0,ACTUAL_RESULT,,confirmed,MULTIPLE_HUMAN_PRIMARY_RESULTS|DUPLICATE_DOCUMENT,23,,,
event_classification,,,,TECHM_2009-03-31,TECHM,2009-03-31 00:00:00,2009-04-27 16:03:00,27.0,ACTUAL_RESULT,,confirmed,MULTIPLE_HUMAN_PRIMARY_RESULTS|DUPLICATE_DOCUMENT,27,,,
event_classification,,,,TECHM_2009-06-30,TECHM,2009-06-30 00:00:00,2009-07-22 16:00:00,22.0,ACTUAL_RESULT,,confirmed,DUPLICATE_DOCUMENT,22,,,
event_classification,,,,TECHM_2009-09-30,TECHM,2009-09-30 00:00:00,2009-10-20 16:21:00,20.0,ACTUAL_RESULT,,confirmed,MULTIPLE_HUMAN_PRIMARY_RESULTS|DUPLICATE_DOCUMENT,20,,,
event_classification,,,,TECHM_2009-12-31,TECHM,2009-12-31 00:00:00,2010-01-22 16:00:00,22.0,ACTUAL_RESULT,,confirmed,MULTIPLE_HUMAN_PRIMARY_RESULTS|DUPLICATE_DOCUMENT,22,,,
event_classification,,,,TECHM_2010-03-31,TECHM,2010-03-31 00:00:00,2010-04-30 15:50:00,30.0,ACTUAL_RESULT,,confirmed,MULTIPLE_HUMAN_PRIMARY_RESULTS|DUPLICATE_DOCUMENT,30,,,
event_classification,,,,TECHM_2010-06-30,TECHM,2010-06-30 00:00:00,2010-07-26 16:20:00,26.0,ACTUAL_RESULT,,confirmed,MULTIPLE_HUMAN_PRIMARY_RESULTS|DUPLICATE_DOCUMENT,26,,,
event_classification,,,,TECHM_2010-09-30,TECHM,2010-09-30 00:00:00,2010-10-26 16:44:00,26.0,ACTUAL_RESULT,,confirmed,MULTIPLE_HUMAN_PRIMARY_RESULTS|DUPLICATE_DOCUMENT|UNCLASSIFIED_DOCUMENT,26,,,
event_classification,,,,TECHM_2010-12-31,TECHM,2010-12-31 00:00:00,2011-01-21 16:37:00,21.0,ACTUAL_RESULT,,confirmed,MULTIPLE_HUMAN_PRIMARY_RESULTS|DUPLICATE_DOCUMENT|UNCLASSIFIED_DOCUMENT,21,,,
event_classification,,,,TECHM_2011-03-31,TECHM,2011-03-31 00:00:00,2011-05-26 17:21:00,56.0,ACTUAL_RESULT,,confirmed,MULTIPLE_HUMAN_PRIMARY_RESULTS|DUPLICATE_DOCUMENT,56,,,
event_classification,,,,TECHM_2011-06-30,TECHM,2011-06-30 00:00:00,2011-08-12 15:46:00,43.0,ACTUAL_RESULT,,confirmed,MULTIPLE_HUMAN_PRIMARY_RESULTS,43,,,
event_classification,,,,TECHM_2011-09-30,TECHM,2011-09-30 00:00:00,2011-11-15 16:32:00,46.0,ACTUAL_RESULT,,confirmed,MULTIPLE_HUMAN_PRIMARY_RESULTS|DUPLICATE_DOCUMENT,46,,,
event_classification,,,,TECHM_2011-12-31,TECHM,2011-12-31 00:00:00,2012-02-08 15:58:00,39.0,ACTUAL_RESULT,,confirmed,MULTIPLE_HUMAN_PRIMARY_RESULTS|DUPLICATE_DOCUMENT,39,,,
event_classification,,,,TECHM_2012-03-31,TECHM,2012-03-31 00:00:00,2012-05-23 17:35:52,53.0,ACTUAL_RESULT,,confirmed,MULTIPLE_HUMAN_PRIMARY_RESULTS|DUPLICATE_DOCUMENT,53,,,
event_classification,,,,TECHM_2012-06-30,TECHM,2012-06-30 00:00:00,2012-08-09 17:12:25,40.0,ACTUAL_RESULT,,confirmed,OK,40,,,
event_classification,,,,TECHM_2012-09-30,TECHM,2012-09-30 00:00:00,2012-11-05 16:28:00,36.0,ACTUAL_RESULT,,confirmed,MULTIPLE_HUMAN_PRIMARY_RESULTS|DUPLICATE_DOCUMENT,36,,,
event_classification,,,,TECHM_2012-12-31,TECHM,2012-12-31 00:00:00,2013-02-06 16:04:00,37.0,ACTUAL_RESULT,,confirmed,MULTIPLE_HUMAN_PRIMARY_RESULTS|DUPLICATE_DOCUMENT,37,,,
event_classification,,,,TECHM_2013-03-31,TECHM,2013-03-31 00:00:00,2013-05-21 15:55:00,51.0,ACTUAL_RESULT,,confirmed,MULTIPLE_HUMAN_PRIMARY_RESULTS|DUPLICATE_DOCUMENT,51,,,
event_classification,,,,TECHM_2013-06-30,TECHM,2013-06-30 00:00:00,2013-08-12 14:33:55,43.0,ACTUAL_RESULT,,confirmed,OK,43,,,
event_classification,,,,TECHM_2013-09-30,TECHM,2013-09-30 00:00:00,2013-11-07 15:47:01,38.0,ACTUAL_RESULT,,confirmed,MULTIPLE_HUMAN_PRIMARY_RESULTS|UNCLASSIFIED_DOCUMENT|MANY_PRE_ANNOUNCEMENTS,38,,,
event_classification,,,,TECHM_2013-12-31,TECHM,2013-12-31 00:00:00,2014-02-04 15:59:02,35.0,ACTUAL_RESULT,,confirmed,DUPLICATE_DOCUMENT|UNCLASSIFIED_DOCUMENT|MANY_PRE_ANNOUNCEMENTS,35,,,
event_classification,,,,TECHM_2014-03-31,TECHM,2014-03-31 00:00:00,2014-05-14 16:35:02,44.0,ACTUAL_RESULT,,confirmed,MULTIPLE_HUMAN_PRIMARY_RESULTS|MANY_PRE_ANNOUNCEMENTS,44,,,
event_classification,,,,TECHM_2014-06-30,TECHM,2014-06-30 00:00:00,2014-07-31 15:39:02,31.0,ACTUAL_RESULT,,confirmed,OK,31,,,
event_classification,,,,TECHM_2014-09-30,TECHM,2014-09-30 00:00:00,2014-10-29 16:03:03,29.0,ACTUAL_RESULT,,confirmed,OK,29,,,
event_classification,,,,TECHM_2014-12-31,TECHM,2014-12-31 00:00:00,2015-01-30 15:39:02,30.0,ACTUAL_RESULT,,confirmed,MANY_PRE_ANNOUNCEMENTS,30,,,
event_classification,,,,TECHM_2015-03-31,TECHM,2015-03-31 00:00:00,2015-05-26 15:51:02,56.0,ACTUAL_RESULT,,confirmed,DUPLICATE_DOCUMENT|UNCLASSIFIED_DOCUMENT|MANY_PRE_ANNOUNCEMENTS,56,,,
event_classification,,,,TECHM_2015-06-30,TECHM,2015-06-30 00:00:00,2015-07-27 15:50:20,27.0,ACTUAL_RESULT,,confirmed,MULTIPLE_HUMAN_PRIMARY_RESULTS|MANY_PRE_ANNOUNCEMENTS,27,,,
event_classification,,,,TECHM_2015-09-30,TECHM,2015-09-30 00:00:00,2015-11-03 15:40:24,34.0,ACTUAL_RESULT,,confirmed,MANY_PRE_ANNOUNCEMENTS,34,,,
event_classification,,,,TECHM_2015-12-31,TECHM,2015-12-31 00:00:00,2016-02-01 15:50:28,32.0,ACTUAL_RESULT,,confirmed,MANY_PRE_ANNOUNCEMENTS,32,,,
event_classification,,,,TECHM_2016-03-31,TECHM,2016-03-31 00:00:00,2016-05-24 15:58:38,54.0,ACTUAL_RESULT,,confirmed,OK,54,,,
event_classification,,,,TECHM_2016-06-30,TECHM,2016-06-30 00:00:00,2016-08-01 15:38:39,32.0,ACTUAL_RESULT,,confirmed,OK,32,,,
event_classification,,,,TECHM_2016-09-30,TECHM,2016-09-30 00:00:00,2016-10-27 15:44:19,27.0,ACTUAL_RESULT,,confirmed,OK,27,,,
event_classification,,,,TECHM_2016-12-31,TECHM,2016-12-31 00:00:00,2017-01-30 15:35:12,30.0,ACTUAL_RESULT,,confirmed,OK,30,,,
event_classification,,,,TECHM_2017-03-31,TECHM,2017-03-31 00:00:00,2017-05-03 14:57:00,33.0,ACTUAL_RESULT,,confirmed,MULTIPLE_HUMAN_PRIMARY_RESULTS,33,,,
event_classification,,,,TECHM_2017-06-30,TECHM,2017-06-30 00:00:00,2017-07-31 15:47:45,31.0,ACTUAL_RESULT,,confirmed,OK,31,,,
event_classification,,,,TECHM_2017-09-30,TECHM,2017-09-30 00:00:00,2017-11-01 15:12:22,32.0,ACTUAL_RESULT,,confirmed,OK,32,,,
event_classification,,,,TECHM_2017-12-31,TECHM,2017-12-31 00:00:00,2018-01-29 15:39:33,29.0,ACTUAL_RESULT,,confirmed,OK,29,,,
event_classification,,,,TECHM_2018-03-31,TECHM,2018-03-31 00:00:00,2018-05-25 15:36:25,55.0,ACTUAL_RESULT,,confirmed,OK,55,,,
event_classification,,,,TECHM_2018-06-30,TECHM,2018-06-30 00:00:00,2018-07-30 15:37:29,30.0,ACTUAL_RESULT,,confirmed,OK,30,,,
event_classification,,,,TECHM_2018-09-30,TECHM,2018-09-30 00:00:00,2018-10-30 15:32:57,30.0,ACTUAL_RESULT,,confirmed,OK,30,,,
event_classification,,,,TECHM_2018-12-31,TECHM,2018-12-31 00:00:00,2019-02-05 15:36:13,36.0,ACTUAL_RESULT,,confirmed,OK,36,,,
event_classification,,,,TECHM_2019-03-31,TECHM,2019-03-31 00:00:00,2019-05-21 15:38:58,51.0,ACTUAL_RESULT,,confirmed,OK,51,,,
event_classification,,,,TECHM_2019-06-30,TECHM,2019-06-30 00:00:00,2019-07-30 15:41:30,30.0,ACTUAL_RESULT,,confirmed,OK,30,,,
event_classification,,,,TECHM_2019-09-30,TECHM,2019-09-30 00:00:00,2019-11-05 15:38:41,36.0,ACTUAL_RESULT,,confirmed,OK,36,,,
event_classification,,,,TECHM_2019-12-31,TECHM,2019-12-31 00:00:00,2020-01-31 15:41:45,31.0,ACTUAL_RESULT,,confirmed,OK,31,,,
event_classification,,,,TECHM_2020-03-31,TECHM,2020-03-31 00:00:00,2020-04-30 16:51:32,30.0,ACTUAL_RESULT,,confirmed,OK,30,,,
event_classification,,,,TECHM_2020-06-30,TECHM,2020-06-30 00:00:00,2020-07-27 16:45:04,27.0,ACTUAL_RESULT,,confirmed,OK,27,,,
event_classification,,,,TECHM_2020-09-30,TECHM,2020-09-30 00:00:00,2020-10-23 16:02:45,23.0,ACTUAL_RESULT,,confirmed,OK,23,,,
event_classification,,,,TECHM_2020-12-31,TECHM,2020-12-31 00:00:00,2021-01-29 17:26:52,29.0,ACTUAL_RESULT,,confirmed,OK,29,,,
event_classification,,,,TECHM_2021-03-31,TECHM,2021-03-31 00:00:00,2021-04-26 20:21:38,26.0,ACTUAL_RESULT,,confirmed,OK,26,,,
event_classification,,,,TECHM_2021-06-30,TECHM,2021-06-30 00:00:00,2021-07-29 15:32:04,29.0,ACTUAL_RESULT,,confirmed,OK,29,,,
event_classification,,,,TECHM_2021-09-30,TECHM,2021-09-30 00:00:00,2021-10-25 16:04:05,25.0,ACTUAL_RESULT,,confirmed,OK,25,,,
event_classification,,,,TECHM_2021-12-31,TECHM,2021-12-31 00:00:00,2022-02-01 15:36:48,32.0,ACTUAL_RESULT,,confirmed,OK,32,,,
event_classification,,,,TECHM_2022-03-31,TECHM,2022-03-31 00:00:00,2022-05-13 15:54:16,43.0,ACTUAL_RESULT,,confirmed,OK,43,,,
event_classification,,,,TECHM_2022-06-30,TECHM,2022-06-30 00:00:00,NaT,,UNCERTAIN,,no_primary_result,MISSING_RESULT,,,,
event_classification,,,,TECHM_2022-09-30,TECHM,2022-09-30 00:00:00,NaT,,UNCERTAIN,,no_primary_result,MISSING_RESULT,,,,
event_classification,,,,TECHM_2022-12-31,TECHM,2022-12-31 00:00:00,2023-01-30 15:45:35,30.0,ACTUAL_RESULT,,confirmed,OK,30,,,
event_classification,,,,TECHM_2023-03-31,TECHM,2023-03-31 00:00:00,2023-04-27 15:55:29,27.0,ACTUAL_RESULT,,confirmed,OK,27,,,
event_classification,,,,TECHM_2023-06-30,TECHM,2023-06-30 00:00:00,2023-07-26 15:49:19,26.0,ACTUAL_RESULT,,confirmed,OK,26,,,
event_classification,,,,TECHM_2023-09-30,TECHM,2023-09-30 00:00:00,2023-10-25 15:35:11,25.0,ACTUAL_RESULT,,confirmed,OK,25,,,
event_classification,,,,TECHM_2023-12-31,TECHM,2023-12-31 00:00:00,2024-01-24 15:49:30,24.0,ACTUAL_RESULT,,confirmed,OK,24,,,
event_classification,,,,TECHM_2024-03-31,TECHM,2024-03-31 00:00:00,2024-04-25 15:45:03,25.0,ACTUAL_RESULT,,confirmed,OK,25,,,
event_classification,,,,TECHM_2024-06-30,TECHM,2024-06-30 00:00:00,2024-07-25 16:04:57,25.0,ACTUAL_RESULT,,confirmed,OK,25,,,
event_classification,,,,TECHM_2024-09-30,TECHM,2024-09-30 00:00:00,2024-10-19 04:37:30,19.0,ACTUAL_RESULT,,confirmed,OK,19,,,
event_classification,,,,TECHM_2024-12-31,TECHM,2024-12-31 00:00:00,2025-01-17 15:41:55,17.0,ACTUAL_RESULT,,confirmed,OK,17,,,
event_classification,,,,TECHM_2025-03-31,TECHM,2025-03-31 00:00:00,NaT,,UNCERTAIN,,no_primary_result,MISSING_RESULT,,,,
event_classification,,,,TECHM_2025-06-30,TECHM,2025-06-30 00:00:00,2025-07-16 16:21:22,16.0,ACTUAL_RESULT,,confirmed,MANY_PRE_ANNOUNCEMENTS,16,,,
event_classification,,,,TECHM_2025-09-30,TECHM,2025-09-30 00:00:00,2025-10-14 18:19:31,14.0,ACTUAL_RESULT,,confirmed,OK,14,,,
event_classification,,,,TECHM_2025-12-31,TECHM,2025-12-31 00:00:00,2026-01-16 15:55:40,16.0,ACTUAL_RESULT,,confirmed,OK,16,,,
event_classification,,,,TECHM_2026-03-31,TECHM,2026-03-31 00:00:00,2026-04-22 13:51:29,22.0,ACTUAL_RESULT,,confirmed,OK,22,,,
event_classification,,,,TECHM_2026-06-30,TECHM,2026-06-30 00:00:00,2026-07-16 16:05:12,16.0,ACTUAL_RESULT,,confirmed,OK,16,,,
event_classification,,,,TITAN_2006-12-31,TITAN,2006-12-31 00:00:00,NaT,,UNCERTAIN,,no_primary_result,MISSING_RESULT,,,,
event_classification,,,,TITAN_2007-03-31,TITAN,2007-03-31 00:00:00,NaT,,UNCERTAIN,,no_primary_result,MISSING_RESULT,,,,
event_classification,,,,TITAN_2007-06-30,TITAN,2007-06-30 00:00:00,2007-07-27 14:27:00,27.0,ACTUAL_RESULT,,confirmed,OK,27,,,
event_classification,,,,TITAN_2007-09-30,TITAN,2007-09-30 00:00:00,2007-10-29 16:45:00,29.0,ACTUAL_RESULT,,confirmed,DUPLICATE_DOCUMENT,29,,,
event_classification,,,,TITAN_2007-12-31,TITAN,2007-12-31 00:00:00,2008-01-21 17:23:00,21.0,ACTUAL_RESULT,,confirmed,DUPLICATE_DOCUMENT,21,,,
event_classification,,,,TITAN_2008-03-31,TITAN,2008-03-31 00:00:00,2008-04-25 15:14:00,25.0,ACTUAL_RESULT,,confirmed,MULTIPLE_HUMAN_PRIMARY_RESULTS|DUPLICATE_DOCUMENT|HUMAN_PRIMARY_RESULT_BEFORE_PERIOD_END,25,,,
event_classification,,,,TITAN_2008-06-30,TITAN,2008-06-30 00:00:00,2008-07-31 14:18:00,31.0,ACTUAL_RESULT,,confirmed,DUPLICATE_DOCUMENT,31,,,
event_classification,,,,TITAN_2008-09-30,TITAN,2008-09-30 00:00:00,2008-10-20 16:28:00,20.0,ACTUAL_RESULT,,confirmed,OK,20,,,
event_classification,,,,TITAN_2008-12-31,TITAN,2008-12-31 00:00:00,2009-01-30 19:13:00,30.0,ACTUAL_RESULT,,confirmed,DUPLICATE_DOCUMENT,30,,,
event_classification,,,,TITAN_2009-03-31,TITAN,2009-03-31 00:00:00,2009-04-29 19:06:00,29.0,ACTUAL_RESULT,,confirmed,MULTIPLE_HUMAN_PRIMARY_RESULTS|DUPLICATE_DOCUMENT|UNCLASSIFIED_DOCUMENT,29,,,
event_classification,,,,TITAN_2009-06-30,TITAN,2009-06-30 00:00:00,2009-07-27 15:09:00,27.0,ACTUAL_RESULT,,confirmed,MULTIPLE_HUMAN_PRIMARY_RESULTS|DUPLICATE_DOCUMENT|HUMAN_PRIMARY_RESULT_BEFORE_PERIOD_END,27,,,
event_classification,,,,TITAN_2009-09-30,TITAN,2009-09-30 00:00:00,2009-10-23 18:10:00,23.0,ACTUAL_RESULT,,confirmed,DUPLICATE_DOCUMENT,23,,,
event_classification,,,,TITAN_2009-12-31,TITAN,2009-12-31 00:00:00,2010-01-29 17:27:00,29.0,ACTUAL_RESULT,,confirmed,DUPLICATE_DOCUMENT,29,,,
event_classification,,,,TITAN_2010-03-31,TITAN,2010-03-31 00:00:00,2010-04-30 18:54:00,30.0,ACTUAL_RESULT,,confirmed,MULTIPLE_HUMAN_PRIMARY_RESULTS|DUPLICATE_DOCUMENT|HUMAN_PRIMARY_RESULT_BEFORE_PERIOD_END,30,,,
event_classification,,,,TITAN_2010-06-30,TITAN,2010-06-30 00:00:00,2010-07-27 15:10:00,27.0,ACTUAL_RESULT,,confirmed,DUPLICATE_DOCUMENT,27,,,
event_classification,,,,TITAN_2010-09-30,TITAN,2010-09-30 00:00:00,2010-10-25 17:35:00,25.0,ACTUAL_RESULT,,confirmed,MULTIPLE_HUMAN_PRIMARY_RESULTS,25,,,
event_classification,,,,TITAN_2010-12-31,TITAN,2010-12-31 00:00:00,2011-01-28 14:59:00,28.0,ACTUAL_RESULT,,confirmed,MULTIPLE_HUMAN_PRIMARY_RESULTS,28,,,
event_classification,,,,TITAN_2011-03-31,TITAN,2011-03-31 00:00:00,2011-04-29 17:24:11,29.0,ACTUAL_RESULT,,confirmed,OK,29,,,
event_classification,,,,TITAN_2011-06-30,TITAN,2011-06-30 00:00:00,2011-07-28 15:06:00,28.0,ACTUAL_RESULT,,confirmed,MULTIPLE_HUMAN_PRIMARY_RESULTS|DUPLICATE_DOCUMENT,28,,,
event_classification,,,,TITAN_2011-09-30,TITAN,2011-09-30 00:00:00,2011-10-24 17:46:00,24.0,ACTUAL_RESULT,,confirmed,MULTIPLE_HUMAN_PRIMARY_RESULTS,24,,,
event_classification,,,,TITAN_2011-12-31,TITAN,2011-12-31 00:00:00,2012-01-31 15:01:00,31.0,ACTUAL_RESULT,,confirmed,MULTIPLE_HUMAN_PRIMARY_RESULTS,31,,,
event_classification,,,,TITAN_2012-03-31,TITAN,2012-03-31 00:00:00,2012-04-30 19:10:18,30.0,ACTUAL_RESULT,,confirmed,OK,30,,,
event_classification,,,,TITAN_2012-06-30,TITAN,2012-06-30 00:00:00,2012-07-31 15:38:31,31.0,ACTUAL_RESULT,,confirmed,OK,31,,,
event_classification,,,,TITAN_2012-09-30,TITAN,2012-09-30 00:00:00,2012-10-31 16:57:00,31.0,ACTUAL_RESULT,,confirmed,MULTIPLE_HUMAN_PRIMARY_RESULTS,31,,,
event_classification,,,,TITAN_2012-12-31,TITAN,2012-12-31 00:00:00,2013-01-30 14:59:00,30.0,ACTUAL_RESULT,,confirmed,MULTIPLE_HUMAN_PRIMARY_RESULTS,30,,,
event_classification,,,,TITAN_2013-03-31,TITAN,2013-03-31 00:00:00,2013-05-03 17:29:00,33.0,ACTUAL_RESULT,,confirmed,MULTIPLE_HUMAN_PRIMARY_RESULTS|DUPLICATE_DOCUMENT,33,,,
event_classification,,,,TITAN_2013-06-30,TITAN,2013-06-30 00:00:00,2013-08-01 14:26:38,32.0,ACTUAL_RESULT,,confirmed,OK,32,,,
event_classification,,,,TITAN_2013-09-30,TITAN,2013-09-30 00:00:00,2013-10-31 15:51:01,31.0,ACTUAL_RESULT,,confirmed,OK,31,,,
event_classification,,,,TITAN_2013-12-31,TITAN,2013-12-31 00:00:00,2014-01-29 17:03:02,29.0,ACTUAL_RESULT,,confirmed,OK,29,,,
event_classification,,,,TITAN_2014-03-31,TITAN,2014-03-31 00:00:00,2014-05-06 15:11:02,36.0,ACTUAL_RESULT,,confirmed,OK,36,,,
event_classification,,,,TITAN_2014-06-30,TITAN,2014-06-30 00:00:00,2014-08-01 15:03:03,32.0,ACTUAL_RESULT,,confirmed,OK,32,,,
event_classification,,,,TITAN_2014-09-30,TITAN,2014-09-30 00:00:00,2014-10-30 17:07:03,30.0,ACTUAL_RESULT,,confirmed,OK,30,,,
event_classification,,,,TITAN_2014-12-31,TITAN,2014-12-31 00:00:00,2015-01-27 17:15:02,27.0,ACTUAL_RESULT,,confirmed,OK,27,,,
event_classification,,,,TITAN_2015-03-31,TITAN,2015-03-31 00:00:00,2015-05-07 18:03:02,37.0,ACTUAL_RESULT,,confirmed,OK,37,,,
event_classification,,,,TITAN_2015-06-30,TITAN,2015-06-30 00:00:00,2015-07-31 14:07:21,31.0,ACTUAL_RESULT,,confirmed,OK,31,,,
event_classification,,,,TITAN_2015-09-30,TITAN,2015-09-30 00:00:00,2015-10-30 17:04:19,30.0,ACTUAL_RESULT,,confirmed,OK,30,,,
event_classification,,,,TITAN_2015-12-31,TITAN,2015-12-31 00:00:00,2016-01-28 17:27:34,28.0,ACTUAL_RESULT,,confirmed,OK,28,,,
event_classification,,,,TITAN_2016-03-31,TITAN,2016-03-31 00:00:00,2016-05-06 16:46:12,36.0,ACTUAL_RESULT,,confirmed,MULTIPLE_HUMAN_PRIMARY_RESULTS,36,,,
event_classification,,,,TITAN_2016-06-30,TITAN,2016-06-30 00:00:00,2016-08-03 14:58:26,34.0,ACTUAL_RESULT,,confirmed,OK,34,,,
event_classification,,,,TITAN_2016-09-30,TITAN,2016-09-30 00:00:00,2016-11-04 13:53:21,35.0,ACTUAL_RESULT,,confirmed,OK,35,,,
event_classification,,,,TITAN_2016-12-31,TITAN,2016-12-31 00:00:00,2017-02-07 15:53:30,38.0,ACTUAL_RESULT,,confirmed,OK,38,,,
event_classification,,,,TITAN_2017-03-31,TITAN,2017-03-31 00:00:00,2017-05-15 09:39:02,45.0,ACTUAL_RESULT,,confirmed,OK,45,,,
event_classification,,,,TITAN_2017-06-30,TITAN,2017-06-30 00:00:00,2017-08-03 14:43:26,34.0,ACTUAL_RESULT,,confirmed,OK,34,,,
event_classification,,,,TITAN_2017-09-30,TITAN,2017-09-30 00:00:00,2017-11-03 15:41:08,34.0,ACTUAL_RESULT,,confirmed,OK,34,,,
event_classification,,,,TITAN_2017-12-31,TITAN,2017-12-31 00:00:00,2018-02-01 15:28:18,32.0,ACTUAL_RESULT,,confirmed,OK,32,,,
event_classification,,,,TITAN_2018-03-31,TITAN,2018-03-31 00:00:00,2018-05-10 16:45:34,40.0,ACTUAL_RESULT,,confirmed,OK,40,,,
event_classification,,,,TITAN_2018-06-30,TITAN,2018-06-30 00:00:00,2018-08-03 14:15:57,34.0,ACTUAL_RESULT,,confirmed,OK,34,,,
event_classification,,,,TITAN_2018-09-30,TITAN,2018-09-30 00:00:00,2018-11-09 16:23:24,40.0,ACTUAL_RESULT,,confirmed,OK,40,,,
event_classification,,,,TITAN_2018-12-31,TITAN,2018-12-31 00:00:00,2019-02-01 16:00:13,32.0,ACTUAL_RESULT,,confirmed,OK,32,,,
event_classification,,,,TITAN_2019-03-31,TITAN,2019-03-31 00:00:00,2019-05-08 17:11:04,38.0,ACTUAL_RESULT,,confirmed,OK,38,,,
event_classification,,,,TITAN_2019-06-30,TITAN,2019-06-30 00:00:00,2019-08-06 14:50:26,37.0,ACTUAL_RESULT,,confirmed,OK,37,,,
event_classification,,,,TITAN_2019-09-30,TITAN,2019-09-30 00:00:00,2019-11-05 15:32:27,36.0,ACTUAL_RESULT,,confirmed,OK,36,,,
event_classification,,,,TITAN_2019-12-31,TITAN,2019-12-31 00:00:00,2020-02-04 14:05:59,35.0,ACTUAL_RESULT,,confirmed,OK,35,,,
event_classification,,,,TITAN_2020-03-31,TITAN,2020-03-31 00:00:00,2020-06-08 19:16:34,69.0,ACTUAL_RESULT,,confirmed,OK,69,,,
event_classification,,,,TITAN_2020-06-30,TITAN,2020-06-30 00:00:00,2020-08-10 16:38:56,41.0,ACTUAL_RESULT,,confirmed,OK,41,,,
event_classification,,,,TITAN_2020-09-30,TITAN,2020-09-30 00:00:00,2020-10-28 13:29:45,28.0,ACTUAL_RESULT,,confirmed,OK,28,,,
event_classification,,,,TITAN_2020-12-31,TITAN,2020-12-31 00:00:00,2021-02-10 15:54:00,41.0,ACTUAL_RESULT,,confirmed,OK,41,,,
event_classification,,,,TITAN_2021-03-31,TITAN,2021-03-31 00:00:00,2021-04-29 18:01:32,29.0,ACTUAL_RESULT,,confirmed,OK,29,,,
event_classification,,,,TITAN_2021-06-30,TITAN,2021-06-30 00:00:00,2021-08-04 16:32:07,35.0,ACTUAL_RESULT,,confirmed,OK,35,,,
event_classification,,,,TITAN_2021-09-30,TITAN,2021-09-30 00:00:00,2021-10-27 16:29:53,27.0,ACTUAL_RESULT,,confirmed,OK,27,,,
event_classification,,,,TITAN_2021-12-31,TITAN,2021-12-31 00:00:00,2022-02-03 13:42:19,34.0,ACTUAL_RESULT,,confirmed,OK,34,,,
event_classification,,,,TITAN_2022-03-31,TITAN,2022-03-31 00:00:00,2022-05-03 14:21:48,33.0,ACTUAL_RESULT,,confirmed,OK,33,,,
event_classification,,,,TITAN_2022-06-30,TITAN,2022-06-30 00:00:00,NaT,,UNCERTAIN,,no_primary_result,MISSING_RESULT,,,,
event_classification,,,,TITAN_2022-09-30,TITAN,2022-09-30 00:00:00,NaT,,UNCERTAIN,,no_primary_result,MISSING_RESULT,,,,
event_classification,,,,TITAN_2022-12-31,TITAN,2022-12-31 00:00:00,2023-02-02 14:56:51,33.0,ACTUAL_RESULT,,confirmed,OK,33,,,
event_classification,,,,TITAN_2023-03-31,TITAN,2023-03-31 00:00:00,2023-05-03 16:32:49,33.0,ACTUAL_RESULT,,confirmed,OK,33,,,
event_classification,,,,TITAN_2023-06-30,TITAN,2023-06-30 00:00:00,2023-08-02 17:00:39,33.0,ACTUAL_RESULT,,confirmed,MULTIPLE_HUMAN_PRIMARY_RESULTS,33,,,
event_classification,,,,TITAN_2023-09-30,TITAN,2023-09-30 00:00:00,2023-11-03 15:00:39,34.0,ACTUAL_RESULT,,confirmed,OK,34,,,
event_classification,,,,TITAN_2023-12-31,TITAN,2023-12-31 00:00:00,2024-02-01 15:04:56,32.0,ACTUAL_RESULT,,confirmed,OK,32,,,
event_classification,,,,TITAN_2024-03-31,TITAN,2024-03-31 00:00:00,2024-05-03 16:28:28,33.0,ACTUAL_RESULT,,confirmed,OK,33,,,
event_classification,,,,TITAN_2024-06-30,TITAN,2024-06-30 00:00:00,2024-08-02 17:22:06,33.0,ACTUAL_RESULT,,confirmed,OK,33,,,
event_classification,,,,TITAN_2024-09-30,TITAN,2024-09-30 00:00:00,2024-11-05 16:10:09,36.0,ACTUAL_RESULT,,confirmed,OK,36,,,
event_classification,,,,TITAN_2024-12-31,TITAN,2024-12-31 00:00:00,2025-02-04 17:33:53,35.0,ACTUAL_RESULT,,confirmed,OK,35,,,
event_classification,,,,TITAN_2025-03-31,TITAN,2025-03-31 00:00:00,NaT,,UNCERTAIN,,no_primary_result,MISSING_RESULT,,,,
event_classification,,,,TITAN_2025-06-30,TITAN,2025-06-30 00:00:00,2025-08-07 17:10:41,38.0,ACTUAL_RESULT,,confirmed,OK,38,,,
event_classification,,,,TITAN_2025-09-30,TITAN,2025-09-30 00:00:00,2025-11-03 18:22:12,34.0,ACTUAL_RESULT,,confirmed,OK,34,,,
event_classification,,,,TITAN_2025-12-31,TITAN,2025-12-31 00:00:00,2026-02-10 17:04:16,41.0,ACTUAL_RESULT,,confirmed,OK,41,,,
event_classification,,,,TITAN_2026-03-31,TITAN,2026-03-31 00:00:00,2026-05-08 13:53:28,38.0,ACTUAL_RESULT,,confirmed,OK,38,,,
event_classification,,,,TITAN_2026-06-30,TITAN,2026-06-30 00:00:00,2026-08-07 16:04:29,38.0,ACTUAL_RESULT,,confirmed,OK,38,,,
event_classification,,,,TMPV_2004-09-30,TMPV,2004-09-30 00:00:00,NaT,,UNCERTAIN,,no_primary_result,MISSING_RESULT,,,,
event_classification,,,,TMPV_2004-12-31,TMPV,2004-12-31 00:00:00,NaT,,UNCERTAIN,,no_primary_result,MISSING_RESULT,,,,
event_classification,,,,TMPV_2005-03-31,TMPV,2005-03-31 00:00:00,NaT,,UNCERTAIN,,no_primary_result,MISSING_RESULT|DUPLICATE_DOCUMENT,,,,
event_classification,,,,TMPV_2005-06-30,TMPV,2005-06-30 00:00:00,NaT,,UNCERTAIN,,no_primary_result,MISSING_RESULT|DUPLICATE_DOCUMENT,,,,
event_classification,,,,TMPV_2005-09-30,TMPV,2005-09-30 00:00:00,NaT,,UNCERTAIN,,no_primary_result,MISSING_RESULT|DUPLICATE_DOCUMENT,,,,
event_classification,,,,TMPV_2005-12-31,TMPV,2005-12-31 00:00:00,NaT,,UNCERTAIN,,no_primary_result,MISSING_RESULT|DUPLICATE_DOCUMENT,,,,
event_classification,,,,TMPV_2006-03-31,TMPV,2006-03-31 00:00:00,NaT,,UNCERTAIN,,no_primary_result,MISSING_RESULT|DUPLICATE_DOCUMENT,,,,
event_classification,,,,TMPV_2006-06-30,TMPV,2006-06-30 00:00:00,NaT,,UNCERTAIN,,no_primary_result,MISSING_RESULT|DUPLICATE_DOCUMENT,,,,
event_classification,,,,TMPV_2006-09-30,TMPV,2006-09-30 00:00:00,NaT,,UNCERTAIN,,no_primary_result,MISSING_RESULT|DUPLICATE_DOCUMENT,,,,
event_classification,,,,TMPV_2006-12-31,TMPV,2006-12-31 00:00:00,NaT,,UNCERTAIN,,no_primary_result,MISSING_RESULT|DUPLICATE_DOCUMENT,,,,
event_classification,,,,TMPV_2007-03-31,TMPV,2007-03-31 00:00:00,NaT,,UNCERTAIN,,no_primary_result,MISSING_RESULT|DUPLICATE_DOCUMENT,,,,
event_classification,,,,TMPV_2007-06-30,TMPV,2007-06-30 00:00:00,2007-07-31 15:52:00,31.0,ACTUAL_RESULT,,confirmed,MULTIPLE_HUMAN_PRIMARY_RESULTS|DUPLICATE_DOCUMENT,31,,,
event_classification,,,,TMPV_2007-09-30,TMPV,2007-09-30 00:00:00,2007-10-31 13:49:00,31.0,ACTUAL_RESULT,,confirmed,MULTIPLE_HUMAN_PRIMARY_RESULTS|DUPLICATE_DOCUMENT,31,,,
event_classification,,,,TMPV_2007-12-31,TMPV,2007-12-31 00:00:00,2008-01-31 17:40:00,31.0,ACTUAL_RESULT,,confirmed,MULTIPLE_HUMAN_PRIMARY_RESULTS|DUPLICATE_DOCUMENT,31,,,
event_classification,,,,TMPV_2008-03-31,TMPV,2008-03-31 00:00:00,2008-05-28 15:15:00,58.0,ACTUAL_RESULT,,confirmed,MULTIPLE_HUMAN_PRIMARY_RESULTS|DUPLICATE_DOCUMENT,58,,,
event_classification,,,,TMPV_2008-06-30,TMPV,2008-06-30 00:00:00,2008-07-30 15:15:00,30.0,ACTUAL_RESULT,,confirmed,DUPLICATE_DOCUMENT,30,,,
event_classification,,,,TMPV_2008-09-30,TMPV,2008-09-30 00:00:00,2008-10-31 15:05:00,31.0,ACTUAL_RESULT,,confirmed,MULTIPLE_HUMAN_PRIMARY_RESULTS|DUPLICATE_DOCUMENT,31,,,
event_classification,,,,TMPV_2008-12-31,TMPV,2008-12-31 00:00:00,2009-01-30 18:38:00,30.0,ACTUAL_RESULT,,confirmed,MULTIPLE_HUMAN_PRIMARY_RESULTS|DUPLICATE_DOCUMENT,30,,,
event_classification,,,,TMPV_2009-03-31,TMPV,2009-03-31 00:00:00,2009-06-26 16:24:00,87.0,ACTUAL_RESULT,,confirmed,DUPLICATE_DOCUMENT|UNCLASSIFIED_DOCUMENT,87,,,
event_classification,,,,TMPV_2009-06-30,TMPV,2009-06-30 00:00:00,2009-08-31 15:18:00,62.0,ACTUAL_RESULT,,confirmed,MULTIPLE_HUMAN_PRIMARY_RESULTS|DUPLICATE_DOCUMENT,62,,,
event_classification,,,,TMPV_2009-09-30,TMPV,2009-09-30 00:00:00,2009-11-27 15:29:00,58.0,ACTUAL_RESULT,,confirmed,MULTIPLE_HUMAN_PRIMARY_RESULTS|DUPLICATE_DOCUMENT,58,,,
event_classification,,,,TMPV_2009-12-31,TMPV,2009-12-31 00:00:00,2010-02-26 13:12:00,57.0,ACTUAL_RESULT,,confirmed,MULTIPLE_HUMAN_PRIMARY_RESULTS|DUPLICATE_DOCUMENT,57,,,
event_classification,,,,TMPV_2010-03-31,TMPV,2010-03-31 00:00:00,2010-05-27 15:41:00,57.0,ACTUAL_RESULT,,confirmed,MULTIPLE_HUMAN_PRIMARY_RESULTS|DUPLICATE_DOCUMENT|UNCLASSIFIED_DOCUMENT,57,,,
event_classification,,,,TMPV_2010-06-30,TMPV,2010-06-30 00:00:00,2010-08-10 14:33:00,41.0,ACTUAL_RESULT,,confirmed,MULTIPLE_HUMAN_PRIMARY_RESULTS|DUPLICATE_DOCUMENT,41,,,
event_classification,,,,TMPV_2010-09-30,TMPV,2010-09-30 00:00:00,2010-11-09 19:14:00,40.0,ACTUAL_RESULT,,confirmed,MULTIPLE_HUMAN_PRIMARY_RESULTS|DUPLICATE_DOCUMENT,40,,,
event_classification,,,,TMPV_2010-12-31,TMPV,2010-12-31 00:00:00,2011-02-11 15:53:00,42.0,ACTUAL_RESULT,,confirmed,MULTIPLE_HUMAN_PRIMARY_RESULTS|DUPLICATE_DOCUMENT,42,,,
event_classification,,,,TMPV_2011-03-31,TMPV,2011-03-31 00:00:00,2011-05-26 16:58:00,56.0,ACTUAL_RESULT,,confirmed,MULTIPLE_HUMAN_PRIMARY_RESULTS|DUPLICATE_DOCUMENT,56,,,
event_classification,,,,TMPV_2011-06-30,TMPV,2011-06-30 00:00:00,2011-08-11 15:58:00,42.0,ACTUAL_RESULT,,confirmed,MULTIPLE_HUMAN_PRIMARY_RESULTS|DUPLICATE_DOCUMENT,42,,,
event_classification,,,,TMPV_2011-09-30,TMPV,2011-09-30 00:00:00,2011-11-14 17:18:00,45.0,ACTUAL_RESULT,,confirmed,MULTIPLE_HUMAN_PRIMARY_RESULTS|DUPLICATE_DOCUMENT,45,,,
event_classification,,,,TMPV_2011-12-31,TMPV,2011-12-31 00:00:00,2012-02-14 15:22:00,45.0,ACTUAL_RESULT,,confirmed,MULTIPLE_HUMAN_PRIMARY_RESULTS,45,,,
event_classification,,,,TMPV_2012-03-31,TMPV,2012-03-31 00:00:00,2012-05-29 17:08:00,59.0,ACTUAL_RESULT,,confirmed,OK,59,,,
event_classification,,,,TMPV_2012-06-30,TMPV,2012-06-30 00:00:00,2012-08-09 14:57:17,40.0,ACTUAL_RESULT,,confirmed,OK,40,,,
event_classification,,,,TMPV_2012-09-30,TMPV,2012-09-30 00:00:00,2012-11-07 16:55:00,38.0,ACTUAL_RESULT,,confirmed,MULTIPLE_HUMAN_PRIMARY_RESULTS|DUPLICATE_DOCUMENT,38,,,
event_classification,,,,TMPV_2012-12-31,TMPV,2012-12-31 00:00:00,2013-02-14 16:24:25,45.0,ACTUAL_RESULT,,confirmed,OK,45,,,
event_classification,,,,TMPV_2013-03-31,TMPV,2013-03-31 00:00:00,2013-05-29 17:12:10,59.0,ACTUAL_RESULT,,confirmed,OK,59,,,
event_classification,,,,TMPV_2013-06-30,TMPV,2013-06-30 00:00:00,2013-08-07 15:13:32,38.0,ACTUAL_RESULT,,confirmed,DUPLICATE_DOCUMENT|MANY_PRE_ANNOUNCEMENTS,38,,,
event_classification,,,,TMPV_2013-09-30,TMPV,2013-09-30 00:00:00,2013-11-08 15:47:02,39.0,ACTUAL_RESULT,,confirmed,OK,39,,,
event_classification,,,,TMPV_2013-12-31,TMPV,2013-12-31 00:00:00,2014-02-10 15:51:02,41.0,ACTUAL_RESULT,,confirmed,MULTIPLE_HUMAN_PRIMARY_RESULTS,41,,,
event_classification,,,,TMPV_2014-03-31,TMPV,2014-03-31 00:00:00,2014-05-29 16:31:03,59.0,ACTUAL_RESULT,,confirmed,OK,59,,,
event_classification,,,,TMPV_2014-06-30,TMPV,2014-06-30 00:00:00,2014-08-11 15:47:02,42.0,ACTUAL_RESULT,,confirmed,MANY_PRE_ANNOUNCEMENTS,42,,,
event_classification,,,,TMPV_2014-09-30,TMPV,2014-09-30 00:00:00,2014-11-14 15:47:02,45.0,ACTUAL_RESULT,,confirmed,MANY_PRE_ANNOUNCEMENTS,45,,,
event_classification,,,,TMPV_2014-12-31,TMPV,2014-12-31 00:00:00,2015-02-05 19:55:03,36.0,ACTUAL_RESULT,,confirmed,MANY_PRE_ANNOUNCEMENTS,36,,,
event_classification,,,,TMPV_2015-03-31,TMPV,2015-03-31 00:00:00,2015-05-26 16:15:03,56.0,ACTUAL_RESULT,,confirmed,MANY_PRE_ANNOUNCEMENTS,56,,,
event_classification,,,,TMPV_2015-05-02,TMPV,2015-05-02 00:00:00,NaT,,UNCERTAIN,,no_primary_result,MISSING_RESULT,,,,
event_classification,,,,TMPV_2015-06-30,TMPV,2015-06-30 00:00:00,2015-08-07 15:31:51,38.0,ACTUAL_RESULT,,confirmed,MANY_PRE_ANNOUNCEMENTS,38,,,
event_classification,,,,TMPV_2015-09-30,TMPV,2015-09-30 00:00:00,2015-11-06 15:36:09,37.0,ACTUAL_RESULT,,confirmed,OK,37,,,
event_classification,,,,TMPV_2015-12-31,TMPV,2015-12-31 00:00:00,2016-02-11 15:13:25,42.0,ACTUAL_RESULT,,confirmed,MANY_PRE_ANNOUNCEMENTS,42,,,
event_classification,,,,TMPV_2016-03-31,TMPV,2016-03-31 00:00:00,2016-05-30 18:20:48,60.0,ACTUAL_RESULT,,confirmed,MANY_PRE_ANNOUNCEMENTS,60,,,
event_classification,,,,TMPV_2016-06-30,TMPV,2016-06-30 00:00:00,2016-08-26 15:05:41,57.0,ACTUAL_RESULT,,confirmed,MANY_PRE_ANNOUNCEMENTS,57,,,
event_classification,,,,TMPV_2016-09-30,TMPV,2016-09-30 00:00:00,2016-11-14 19:53:22,45.0,ACTUAL_RESULT,,confirmed,UNCLASSIFIED_DOCUMENT|MANY_PRE_ANNOUNCEMENTS,45,,,
event_classification,,,,TMPV_2016-12-31,TMPV,2016-12-31 00:00:00,2017-02-14 15:06:29,45.0,ACTUAL_RESULT,,confirmed,UNCLASSIFIED_DOCUMENT|MANY_PRE_ANNOUNCEMENTS,45,,,
event_classification,,,,TMPV_2017-03-31,TMPV,2017-03-31 00:00:00,2017-05-23 16:28:28,53.0,ACTUAL_RESULT,,confirmed,UNCLASSIFIED_DOCUMENT|MANY_PRE_ANNOUNCEMENTS,53,,,
event_classification,,,,TMPV_2017-06-30,TMPV,2017-06-30 00:00:00,2017-08-11 12:25:50,42.0,ACTUAL_RESULT,,confirmed,MANY_PRE_ANNOUNCEMENTS,42,,,
event_classification,,,,TMPV_2017-09-30,TMPV,2017-09-30 00:00:00,2017-11-09 13:49:53,40.0,ACTUAL_RESULT,,confirmed,MANY_PRE_ANNOUNCEMENTS,40,,,
event_classification,,,,TMPV_2017-12-31,TMPV,2017-12-31 00:00:00,2018-02-05 15:32:53,36.0,ACTUAL_RESULT,,confirmed,MANY_PRE_ANNOUNCEMENTS,36,,,
event_classification,,,,TMPV_2018-03-31,TMPV,2018-03-31 00:00:00,2018-05-23 17:39:26,53.0,ACTUAL_RESULT,,confirmed,MANY_PRE_ANNOUNCEMENTS,53,,,
event_classification,,,,TMPV_2018-06-30,TMPV,2018-06-30 00:00:00,2018-07-31 16:34:41,31.0,ACTUAL_RESULT,,confirmed,MANY_PRE_ANNOUNCEMENTS,31,,,
event_classification,,,,TMPV_2018-09-30,TMPV,2018-09-30 00:00:00,2018-10-31 15:32:38,31.0,ACTUAL_RESULT,,confirmed,MANY_PRE_ANNOUNCEMENTS,31,,,
event_classification,,,,TMPV_2018-12-31,TMPV,2018-12-31 00:00:00,2019-02-07 15:57:50,38.0,ACTUAL_RESULT,,confirmed,MANY_PRE_ANNOUNCEMENTS,38,,,
event_classification,,,,TMPV_2019-03-31,TMPV,2019-03-31 00:00:00,2019-05-20 16:16:12,50.0,ACTUAL_RESULT,,confirmed,MANY_PRE_ANNOUNCEMENTS,50,,,
event_classification,,,,TMPV_2019-06-30,TMPV,2019-06-30 00:00:00,2019-07-25 16:14:41,25.0,ACTUAL_RESULT,,confirmed,MANY_PRE_ANNOUNCEMENTS,25,,,
event_classification,,,,TMPV_2019-09-30,TMPV,2019-09-30 00:00:00,2019-10-25 17:10:52,25.0,ACTUAL_RESULT,,confirmed,MANY_PRE_ANNOUNCEMENTS,25,,,
event_classification,,,,TMPV_2019-12-31,TMPV,2019-12-31 00:00:00,2020-01-30 16:03:48,30.0,ACTUAL_RESULT,,confirmed,MANY_PRE_ANNOUNCEMENTS,30,,,
event_classification,,,,TMPV_2020-03-31,TMPV,2020-03-31 00:00:00,2020-06-15 17:15:30,76.0,ACTUAL_RESULT,,confirmed,MANY_PRE_ANNOUNCEMENTS,76,,,
event_classification,,,,TMPV_2020-06-30,TMPV,2020-06-30 00:00:00,2020-07-31 16:48:16,31.0,ACTUAL_RESULT,,confirmed,OK,31,,,
event_classification,,,,TMPV_2020-09-30,TMPV,2020-09-30 00:00:00,2020-10-27 15:50:13,27.0,ACTUAL_RESULT,,confirmed,OK,27,,,
event_classification,,,,TMPV_2020-12-31,TMPV,2020-12-31 00:00:00,2021-01-29 16:00:58,29.0,ACTUAL_RESULT,,confirmed,MANY_PRE_ANNOUNCEMENTS,29,,,
event_classification,,,,TMPV_2021-03-31,TMPV,2021-03-31 00:00:00,2021-05-18 16:47:36,48.0,ACTUAL_RESULT,,confirmed,MANY_PRE_ANNOUNCEMENTS,48,,,
event_classification,,,,TMPV_2021-06-30,TMPV,2021-06-30 00:00:00,2021-07-26 16:21:09,26.0,ACTUAL_RESULT,,confirmed,MANY_PRE_ANNOUNCEMENTS,26,,,
event_classification,,,,TMPV_2021-09-30,TMPV,2021-09-30 00:00:00,2021-11-01 16:21:53,32.0,ACTUAL_RESULT,,confirmed,MANY_PRE_ANNOUNCEMENTS,32,,,
event_classification,,,,TMPV_2021-12-31,TMPV,2021-12-31 00:00:00,2022-01-31 15:54:24,31.0,ACTUAL_RESULT,,confirmed,MANY_PRE_ANNOUNCEMENTS,31,,,
event_classification,,,,TMPV_2022-03-31,TMPV,2022-03-31 00:00:00,2022-05-12 16:13:09,42.0,ACTUAL_RESULT,,confirmed,MANY_PRE_ANNOUNCEMENTS,42,,,
event_classification,,,,TMPV_2022-06-30,TMPV,2022-06-30 00:00:00,NaT,,UNCERTAIN,,no_primary_result,MISSING_RESULT|MANY_PRE_ANNOUNCEMENTS,,,,
event_classification,,,,TMPV_2022-09-30,TMPV,2022-09-30 00:00:00,NaT,,UNCERTAIN,,no_primary_result,MISSING_RESULT|MANY_PRE_ANNOUNCEMENTS,,,,
event_classification,,,,TMPV_2022-12-31,TMPV,2022-12-31 00:00:00,2023-01-25 16:36:27,25.0,ACTUAL_RESULT,,confirmed,MANY_PRE_ANNOUNCEMENTS,25,,,
event_classification,,,,TMPV_2023-03-31,TMPV,2023-03-31 00:00:00,2023-05-12 16:35:07,42.0,ACTUAL_RESULT,,confirmed,OK,42,,,
event_classification,,,,TMPV_2023-06-30,TMPV,2023-06-30 00:00:00,2023-07-25 15:40:05,25.0,ACTUAL_RESULT,,confirmed,OK,25,,,
event_classification,,,,TMPV_2023-09-30,TMPV,2023-09-30 00:00:00,2023-11-02 15:45:43,33.0,ACTUAL_RESULT,,confirmed,MANY_PRE_ANNOUNCEMENTS,33,,,
event_classification,,,,TMPV_2023-12-31,TMPV,2023-12-31 00:00:00,2024-02-02 16:13:57,33.0,ACTUAL_RESULT,,confirmed,MANY_PRE_ANNOUNCEMENTS,33,,,
event_classification,,,,TMPV_2024-03-31,TMPV,2024-03-31 00:00:00,2024-05-10 15:40:42,40.0,ACTUAL_RESULT,,confirmed,OK,40,,,
event_classification,,,,TMPV_2024-06-30,TMPV,2024-06-30 00:00:00,2024-08-01 16:12:15,32.0,ACTUAL_RESULT,,confirmed,OK,32,,,
event_classification,,,,TMPV_2024-09-30,TMPV,2024-09-30 00:00:00,2024-11-08 15:59:09,39.0,ACTUAL_RESULT,,confirmed,OK,39,,,
event_classification,,,,TMPV_2024-12-31,TMPV,2024-12-31 00:00:00,2025-01-29 16:26:02,29.0,ACTUAL_RESULT,,confirmed,OK,29,,,
event_classification,,,,TMPV_2025-03-31,TMPV,2025-03-31 00:00:00,NaT,,UNCERTAIN,,no_primary_result,MISSING_RESULT,,,,
event_classification,,,,TMPV_2025-06-30,TMPV,2025-06-30 00:00:00,2025-08-08 16:19:03,39.0,ACTUAL_RESULT,,confirmed,MANY_PRE_ANNOUNCEMENTS,39,,,
event_classification,,,,TMPV_2025-09-30,TMPV,2025-09-30 00:00:00,2025-11-14 15:27:48,45.0,ACTUAL_RESULT,,confirmed,OK,45,,,
event_classification,,,,TMPV_2025-12-31,TMPV,2025-12-31 00:00:00,2026-02-05 15:59:01,36.0,ACTUAL_RESULT,,confirmed,OK,36,,,
event_classification,,,,TMPV_2026-03-31,TMPV,2026-03-31 00:00:00,2026-05-14 16:26:06,44.0,ACTUAL_RESULT,,confirmed,OK,44,,,
event_classification,,,,TMPV_2026-06-30,TMPV,2026-06-30 00:00:00,2026-08-13 16:02:23,44.0,ACTUAL_RESULT,,confirmed,MANY_PRE_ANNOUNCEMENTS,44,,,
event_classification,,,,TRENT_2005-01-31,TRENT,2005-01-31 00:00:00,2005-03-14 00:00:00,42.0,ACTUAL_RESULT,,confirmed,OK,42,,,
event_classification,,,,TRENT_2005-03-31,TRENT,2005-03-31 00:00:00,NaT,,UNCERTAIN,,no_primary_result,MISSING_RESULT,,,,
event_classification,,,,TRENT_2005-06-30,TRENT,2005-06-30 00:00:00,NaT,,UNCERTAIN,,no_primary_result,MISSING_RESULT|DUPLICATE_DOCUMENT,,,,
event_classification,,,,TRENT_2005-09-30,TRENT,2005-09-30 00:00:00,NaT,,UNCERTAIN,,no_primary_result,MISSING_RESULT,,,,
event_classification,,,,TRENT_2006-06-30,TRENT,2006-06-30 00:00:00,NaT,,UNCERTAIN,,no_primary_result,MISSING_RESULT,,,,
event_classification,,,,TRENT_2006-12-31,TRENT,2006-12-31 00:00:00,NaT,,UNCERTAIN,,no_primary_result,MISSING_RESULT,,,,
event_classification,,,,TRENT_2007-03-31,TRENT,2007-03-31 00:00:00,2007-04-11 14:30:00,11.0,ACTUAL_RESULT,,confirmed,OK,11,,,
event_classification,,,,TRENT_2007-06-30,TRENT,2007-06-30 00:00:00,NaT,,UNCERTAIN,,no_primary_result,MISSING_RESULT|DUPLICATE_DOCUMENT,,,,
event_classification,,,,TRENT_2007-09-30,TRENT,2007-09-30 00:00:00,2007-10-19 20:23:00,19.0,ACTUAL_RESULT,,confirmed,DUPLICATE_DOCUMENT,19,,,
event_classification,,,,TRENT_2007-12-31,TRENT,2007-12-31 00:00:00,2008-01-24 20:17:00,24.0,ACTUAL_RESULT,,confirmed,DUPLICATE_DOCUMENT,24,,,
event_classification,,,,TRENT_2008-03-31,TRENT,2008-03-31 00:00:00,2008-05-15 17:56:00,45.0,ACTUAL_RESULT,,confirmed,OK,45,,,
event_classification,,,,TRENT_2008-06-30,TRENT,2008-06-30 00:00:00,2008-07-30 20:08:00,30.0,ACTUAL_RESULT,,confirmed,DUPLICATE_DOCUMENT,30,,,
event_classification,,,,TRENT_2008-12-31,TRENT,2008-12-31 00:00:00,2009-02-02 20:29:00,33.0,ACTUAL_RESULT,,confirmed,DUPLICATE_DOCUMENT,33,,,
event_classification,,,,TRENT_2009-03-31,TRENT,2009-03-31 00:00:00,2009-04-09 18:24:00,9.0,ACTUAL_RESULT,,confirmed,OK,9,,,
event_classification,,,,TRENT_2009-06-30,TRENT,2009-06-30 00:00:00,2009-08-01 18:35:00,32.0,ACTUAL_RESULT,,confirmed,DUPLICATE_DOCUMENT,32,,,
event_classification,,,,TRENT_2009-09-30,TRENT,2009-09-30 00:00:00,2009-10-29 11:19:00,29.0,ACTUAL_RESULT,,confirmed,DUPLICATE_DOCUMENT,29,,,
event_classification,,,,TRENT_2009-12-31,TRENT,2009-12-31 00:00:00,2010-01-28 10:02:00,28.0,ACTUAL_RESULT,,confirmed,OK,28,,,
event_classification,,,,TRENT_2010-03-31,TRENT,2010-03-31 00:00:00,2010-03-31 10:33:00,0.0,ACTUAL_RESULT,,confirmed,MULTIPLE_HUMAN_PRIMARY_RESULTS|DUPLICATE_DOCUMENT,0,,,
event_classification,,,,TRENT_2010-09-30,TRENT,2010-09-30 00:00:00,2010-10-27 14:40:53,27.0,ACTUAL_RESULT,,confirmed,OK,27,,,
event_classification,,,,TRENT_2010-12-31,TRENT,2010-12-31 00:00:00,2011-01-25 18:35:04,25.0,ACTUAL_RESULT,,confirmed,OK,25,,,
event_classification,,,,TRENT_2011-03-31,TRENT,2011-03-31 00:00:00,2011-05-25 18:38:32,55.0,ACTUAL_RESULT,,confirmed,MULTIPLE_HUMAN_PRIMARY_RESULTS,55,,,
event_classification,,,,TRENT_2011-06-30,TRENT,2011-06-30 00:00:00,2011-07-27 13:55:10,27.0,ACTUAL_RESULT,,confirmed,OK,27,,,
event_classification,,,,TRENT_2011-09-30,TRENT,2011-09-30 00:00:00,2011-11-02 15:52:50,33.0,ACTUAL_RESULT,,confirmed,MULTIPLE_HUMAN_PRIMARY_RESULTS,33,,,
event_classification,,,,TRENT_2011-12-31,TRENT,2011-12-31 00:00:00,2012-02-06 15:51:52,37.0,ACTUAL_RESULT,,confirmed,OK,37,,,
event_classification,,,,TRENT_2012-03-31,TRENT,2012-03-31 00:00:00,2012-05-28 16:05:55,58.0,ACTUAL_RESULT,,confirmed,UNCLASSIFIED_DOCUMENT,58,,,
event_classification,,,,TRENT_2012-06-30,TRENT,2012-06-30 00:00:00,2012-07-27 13:41:17,27.0,ACTUAL_RESULT,,confirmed,OK,27,,,
event_classification,,,,TRENT_2012-09-30,TRENT,2012-09-30 00:00:00,2012-10-25 17:27:31,25.0,ACTUAL_RESULT,,confirmed,OK,25,,,
event_classification,,,,TRENT_2012-12-31,TRENT,2012-12-31 00:00:00,2013-01-31 17:22:29,31.0,ACTUAL_RESULT,,confirmed,OK,31,,,
event_classification,,,,TRENT_2013-03-31,TRENT,2013-03-31 00:00:00,2013-05-29 13:52:31,59.0,ACTUAL_RESULT,,confirmed,DUPLICATE_DOCUMENT,59,,,
event_classification,,,,TRENT_2013-06-30,TRENT,2013-06-30 00:00:00,2013-07-30 16:11:15,30.0,ACTUAL_RESULT,,confirmed,OK,30,,,
event_classification,,,,TRENT_2013-09-30,TRENT,2013-09-30 00:00:00,2013-10-30 19:27:02,30.0,ACTUAL_RESULT,,confirmed,OK,30,,,
event_classification,,,,TRENT_2013-12-31,TRENT,2013-12-31 00:00:00,2014-01-30 15:55:02,30.0,ACTUAL_RESULT,,confirmed,OK,30,,,
event_classification,,,,TRENT_2014-03-31,TRENT,2014-03-31 00:00:00,2014-05-28 13:59:02,58.0,ACTUAL_RESULT,,confirmed,OK,58,,,
event_classification,,,,TRENT_2014-06-30,TRENT,2014-06-30 00:00:00,2014-08-07 14:59:02,38.0,ACTUAL_RESULT,,confirmed,OK,38,,,
event_classification,,,,TRENT_2014-09-30,TRENT,2014-09-30 00:00:00,2014-11-04 18:19:03,35.0,ACTUAL_RESULT,,confirmed,OK,35,,,
event_classification,,,,TRENT_2014-12-31,TRENT,2014-12-31 00:00:00,2015-01-29 18:07:02,29.0,ACTUAL_RESULT,,confirmed,OK,29,,,
event_classification,,,,TRENT_2015-03-31,TRENT,2015-03-31 00:00:00,2015-05-27 17:39:06,57.0,ACTUAL_RESULT,,confirmed,OK,57,,,
event_classification,,,,TRENT_2015-06-30,TRENT,2015-06-30 00:00:00,2015-08-06 15:41:14,37.0,ACTUAL_RESULT,,confirmed,OK,37,,,
event_classification,,,,TRENT_2015-09-30,TRENT,2015-09-30 00:00:00,2015-11-05 16:01:56,36.0,ACTUAL_RESULT,,confirmed,OK,36,,,
event_classification,,,,TRENT_2015-12-31,TRENT,2015-12-31 00:00:00,2016-02-04 17:27:52,35.0,ACTUAL_RESULT,,confirmed,OK,35,,,
event_classification,,,,TRENT_2016-03-31,TRENT,2016-03-31 00:00:00,2016-05-26 16:27:10,56.0,ACTUAL_RESULT,,confirmed,OK,56,,,
event_classification,,,,TRENT_2016-06-30,TRENT,2016-06-30 00:00:00,2016-08-11 18:17:56,42.0,ACTUAL_RESULT,,confirmed,OK,42,,,
event_classification,,,,TRENT_2016-09-30,TRENT,2016-09-30 00:00:00,2016-10-27 16:56:13,27.0,ACTUAL_RESULT,,confirmed,OK,27,,,
event_classification,,,,TRENT_2016-12-31,TRENT,2016-12-31 00:00:00,2017-01-23 15:43:11,23.0,ACTUAL_RESULT,,confirmed,OK,23,,,
event_classification,,,,TRENT_2017-03-31,TRENT,2017-03-31 00:00:00,2017-05-26 19:08:16,56.0,ACTUAL_RESULT,,confirmed,OK,56,,,
event_classification,,,,TRENT_2017-06-30,TRENT,2017-06-30 00:00:00,2017-07-31 19:46:04,31.0,ACTUAL_RESULT,,confirmed,MULTIPLE_HUMAN_PRIMARY_RESULTS|HUMAN_PRIMARY_RESULT_BEFORE_PERIOD_END,31,,,
event_classification,,,,TRENT_2017-09-30,TRENT,2017-09-30 00:00:00,2017-11-09 18:07:11,40.0,ACTUAL_RESULT,,confirmed,OK,40,,,
event_classification,,,,TRENT_2017-12-31,TRENT,2017-12-31 00:00:00,2018-02-08 18:51:33,39.0,ACTUAL_RESULT,,confirmed,OK,39,,,
event_classification,,,,TRENT_2018-03-31,TRENT,2018-03-31 00:00:00,2018-05-03 17:08:14,33.0,ACTUAL_RESULT,,confirmed,MULTIPLE_HUMAN_PRIMARY_RESULTS,33,,,
event_classification,,,,TRENT_2018-06-30,TRENT,2018-06-30 00:00:00,2018-08-08 18:47:31,39.0,ACTUAL_RESULT,,confirmed,OK,39,,,
event_classification,,,,TRENT_2018-09-30,TRENT,2018-09-30 00:00:00,2018-11-01 17:29:51,32.0,ACTUAL_RESULT,,confirmed,OK,32,,,
event_classification,,,,TRENT_2018-12-31,TRENT,2018-12-31 00:00:00,2019-02-05 12:56:06,36.0,ACTUAL_RESULT,,confirmed,OK,36,,,
event_classification,,,,TRENT_2019-03-31,TRENT,2019-03-31 00:00:00,2019-04-29 16:37:32,29.0,ACTUAL_RESULT,,confirmed,OK,29,,,
event_classification,,,,TRENT_2019-06-30,TRENT,2019-06-30 00:00:00,2019-07-31 16:21:38,31.0,ACTUAL_RESULT,,confirmed,OK,31,,,
event_classification,,,,TRENT_2019-09-30,TRENT,2019-09-30 00:00:00,2019-11-07 17:21:11,38.0,ACTUAL_RESULT,,confirmed,OK,38,,,
event_classification,,,,TRENT_2019-12-31,TRENT,2019-12-31 00:00:00,2020-02-06 18:30:27,37.0,ACTUAL_RESULT,,confirmed,OK,37,,,
event_classification,,,,TRENT_2020-03-31,TRENT,2020-03-31 00:00:00,2020-05-22 21:42:21,52.0,ACTUAL_RESULT,,confirmed,OK,52,,,
event_classification,,,,TRENT_2020-06-30,TRENT,2020-06-30 00:00:00,2020-08-13 18:23:53,44.0,ACTUAL_RESULT,,confirmed,OK,44,,,
event_classification,,,,TRENT_2020-09-30,TRENT,2020-09-30 00:00:00,2020-11-05 21:12:41,36.0,ACTUAL_RESULT,,confirmed,UNCLASSIFIED_DOCUMENT,36,,,
event_classification,,,,TRENT_2020-12-31,TRENT,2020-12-31 00:00:00,2021-02-04 19:44:56,35.0,ACTUAL_RESULT,,confirmed,OK,35,,,
event_classification,,,,TRENT_2021-03-31,TRENT,2021-03-31 00:00:00,2021-04-30 18:44:52,30.0,ACTUAL_RESULT,,confirmed,OK,30,,,
event_classification,,,,TRENT_2021-06-30,TRENT,2021-06-30 00:00:00,2021-08-10 18:49:25,41.0,ACTUAL_RESULT,,confirmed,OK,41,,,
event_classification,,,,TRENT_2021-09-30,TRENT,2021-09-30 00:00:00,2021-11-02 18:21:24,33.0,ACTUAL_RESULT,,confirmed,OK,33,,,
event_classification,,,,TRENT_2021-12-31,TRENT,2021-12-31 00:00:00,2022-02-10 19:31:33,41.0,ACTUAL_RESULT,,confirmed,OK,41,,,
event_classification,,,,TRENT_2022-03-31,TRENT,2022-03-31 00:00:00,2022-04-27 17:10:44,27.0,ACTUAL_RESULT,,confirmed,MULTIPLE_HUMAN_PRIMARY_RESULTS,27,,,
event_classification,,,,TRENT_2022-06-30,TRENT,2022-06-30 00:00:00,2022-08-11 14:23:12,42.0,ACTUAL_RESULT,,confirmed,OK,42,,,
event_classification,,,,TRENT_2022-09-30,TRENT,2022-09-30 00:00:00,NaT,,UNCERTAIN,,no_primary_result,MISSING_RESULT,,,,
event_classification,,,,TRENT_2022-12-31,TRENT,2022-12-31 00:00:00,2023-02-08 19:16:40,39.0,ACTUAL_RESULT,,confirmed,MULTIPLE_HUMAN_PRIMARY_RESULTS,39,,,
event_classification,,,,TRENT_2023-03-31,TRENT,2023-03-31 00:00:00,2023-04-27 18:18:29,27.0,ACTUAL_RESULT,,confirmed,MULTIPLE_HUMAN_PRIMARY_RESULTS,27,,,
event_classification,,,,TRENT_2023-06-30,TRENT,2023-06-30 00:00:00,2023-08-09 14:25:38,40.0,ACTUAL_RESULT,,confirmed,OK,40,,,
event_classification,,,,TRENT_2023-09-30,TRENT,2023-09-30 00:00:00,2023-11-07 14:04:01,38.0,ACTUAL_RESULT,,confirmed,OK,38,,,
event_classification,,,,TRENT_2023-12-31,TRENT,2023-12-31 00:00:00,2024-02-07 13:04:46,38.0,ACTUAL_RESULT,,confirmed,OK,38,,,
event_classification,,,,TRENT_2024-03-31,TRENT,2024-03-31 00:00:00,2024-04-29 15:09:53,29.0,ACTUAL_RESULT,,confirmed,MULTIPLE_HUMAN_PRIMARY_RESULTS,29,,,
event_classification,,,,TRENT_2024-06-30,TRENT,2024-06-30 00:00:00,2024-08-09 12:42:40,40.0,ACTUAL_RESULT,,confirmed,OK,40,,,
event_classification,,,,TRENT_2024-09-30,TRENT,2024-09-30 00:00:00,2024-11-07 12:10:38,38.0,ACTUAL_RESULT,,confirmed,OK,38,,,
event_classification,,,,TRENT_2024-12-31,TRENT,2024-12-31 00:00:00,2025-02-06 12:54:30,37.0,ACTUAL_RESULT,,confirmed,OK,37,,,
event_classification,,,,TRENT_2025-03-31,TRENT,2025-03-31 00:00:00,NaT,,UNCERTAIN,,no_primary_result,MISSING_RESULT,,,,
event_classification,,,,TRENT_2025-06-30,TRENT,2025-06-30 00:00:00,NaT,,UNCERTAIN,,no_primary_result,MISSING_RESULT,,,,
event_classification,,,,TRENT_2025-09-30,TRENT,2025-09-30 00:00:00,NaT,,UNCERTAIN,,no_primary_result,MISSING_RESULT|MANY_PRE_ANNOUNCEMENTS,,,,
event_classification,,,,TRENT_2025-12-31,TRENT,2025-12-31 00:00:00,NaT,,UNCERTAIN,,no_primary_result,MISSING_RESULT,,,,
event_classification,,,,TRENT_2026-03-31,TRENT,2026-03-31 00:00:00,NaT,,UNCERTAIN,,no_primary_result,MISSING_RESULT|MANY_PRE_ANNOUNCEMENTS,,,,
event_classification,,,,TRENT_2026-06-30,TRENT,2026-06-30 00:00:00,NaT,,UNCERTAIN,,no_primary_result,MISSING_RESULT,,,,
event_classification,,,,TRENT_2026-09-30,TRENT,2026-09-30 00:00:00,NaT,,UNCERTAIN,,no_primary_result,MISSING_RESULT,,,,
event_classification,,,,ULTRACEMCO_2006-03-31,ULTRACEMCO,2006-03-31 00:00:00,NaT,,UNCERTAIN,,no_primary_result,MISSING_RESULT,,,,
event_classification,,,,ULTRACEMCO_2006-12-31,ULTRACEMCO,2006-12-31 00:00:00,NaT,,UNCERTAIN,,no_primary_result,MISSING_RESULT,,,,
event_classification,,,,ULTRACEMCO_2007-03-31,ULTRACEMCO,2007-03-31 00:00:00,NaT,,UNCERTAIN,,no_primary_result,MISSING_RESULT|DUPLICATE_DOCUMENT,,,,
event_classification,,,,ULTRACEMCO_2007-06-30,ULTRACEMCO,2007-06-30 00:00:00,2007-07-20 14:07:00,20.0,ACTUAL_RESULT,,confirmed,DUPLICATE_DOCUMENT,20,,,
event_classification,,,,ULTRACEMCO_2007-09-30,ULTRACEMCO,2007-09-30 00:00:00,2007-10-22 08:37:00,22.0,ACTUAL_RESULT,,confirmed,DUPLICATE_DOCUMENT,22,,,
event_classification,,,,ULTRACEMCO_2007-12-31,ULTRACEMCO,2007-12-31 00:00:00,2008-01-19 13:44:00,19.0,ACTUAL_RESULT,,confirmed,DUPLICATE_DOCUMENT,19,,,
event_classification,,,,ULTRACEMCO_2008-03-31,ULTRACEMCO,2008-03-31 00:00:00,2008-04-22 14:14:00,22.0,ACTUAL_RESULT,,confirmed,MULTIPLE_HUMAN_PRIMARY_RESULTS|DUPLICATE_DOCUMENT,22,,,
event_classification,,,,ULTRACEMCO_2008-06-30,ULTRACEMCO,2008-06-30 00:00:00,2008-07-18 13:28:00,18.0,ACTUAL_RESULT,,confirmed,DUPLICATE_DOCUMENT,18,,,
event_classification,,,,ULTRACEMCO_2008-09-30,ULTRACEMCO,2008-09-30 00:00:00,2008-10-18 13:54:00,18.0,ACTUAL_RESULT,,confirmed,DUPLICATE_DOCUMENT,18,,,
event_classification,,,,ULTRACEMCO_2008-12-31,ULTRACEMCO,2008-12-31 00:00:00,2009-01-19 13:22:00,19.0,ACTUAL_RESULT,,confirmed,DUPLICATE_DOCUMENT,19,,,
event_classification,,,,ULTRACEMCO_2009-03-31,ULTRACEMCO,2009-03-31 00:00:00,2009-04-21 16:42:00,21.0,ACTUAL_RESULT,,confirmed,MULTIPLE_HUMAN_PRIMARY_RESULTS|DUPLICATE_DOCUMENT,21,,,
event_classification,,,,ULTRACEMCO_2009-06-30,ULTRACEMCO,2009-06-30 00:00:00,2009-07-21 13:59:00,21.0,ACTUAL_RESULT,,confirmed,DUPLICATE_DOCUMENT,21,,,
event_classification,,,,ULTRACEMCO_2009-09-30,ULTRACEMCO,2009-09-30 00:00:00,2009-10-16 12:36:00,16.0,ACTUAL_RESULT,,confirmed,DUPLICATE_DOCUMENT,16,,,
event_classification,,,,ULTRACEMCO_2009-12-31,ULTRACEMCO,2009-12-31 00:00:00,2010-01-18 08:08:00,18.0,ACTUAL_RESULT,,confirmed,DUPLICATE_DOCUMENT,18,,,
event_classification,,,,ULTRACEMCO_2010-03-31,ULTRACEMCO,2010-03-31 00:00:00,2010-04-29 12:42:00,29.0,ACTUAL_RESULT,,confirmed,MULTIPLE_HUMAN_PRIMARY_RESULTS|DUPLICATE_DOCUMENT,29,,,
event_classification,,,,ULTRACEMCO_2010-06-30,ULTRACEMCO,2010-06-30 00:00:00,2010-07-29 13:04:00,29.0,ACTUAL_RESULT,,confirmed,OK,29,,,
event_classification,,,,ULTRACEMCO_2010-09-30,ULTRACEMCO,2010-09-30 00:00:00,2010-10-26 12:51:00,26.0,ACTUAL_RESULT,,confirmed,MULTIPLE_HUMAN_PRIMARY_RESULTS,26,,,
event_classification,,,,ULTRACEMCO_2010-12-31,ULTRACEMCO,2010-12-31 00:00:00,2011-01-25 12:37:00,25.0,ACTUAL_RESULT,,confirmed,MULTIPLE_HUMAN_PRIMARY_RESULTS,25,,,
event_classification,,,,ULTRACEMCO_2011-03-31,ULTRACEMCO,2011-03-31 00:00:00,2011-04-26 13:39:00,26.0,ACTUAL_RESULT,,confirmed,MULTIPLE_HUMAN_PRIMARY_RESULTS|DUPLICATE_DOCUMENT,26,,,
event_classification,,,,ULTRACEMCO_2011-06-30,ULTRACEMCO,2011-06-30 00:00:00,2011-07-27 13:13:00,27.0,ACTUAL_RESULT,,confirmed,MULTIPLE_HUMAN_PRIMARY_RESULTS,27,,,
event_classification,,,,ULTRACEMCO_2011-09-30,ULTRACEMCO,2011-09-30 00:00:00,2011-10-20 12:43:00,20.0,ACTUAL_RESULT,,confirmed,MULTIPLE_HUMAN_PRIMARY_RESULTS|DUPLICATE_DOCUMENT,20,,,
event_classification,,,,ULTRACEMCO_2011-12-31,ULTRACEMCO,2011-12-31 00:00:00,2012-01-23 09:01:23,23.0,ACTUAL_RESULT,,confirmed,OK,23,,,
event_classification,,,,ULTRACEMCO_2012-03-31,ULTRACEMCO,2012-03-31 00:00:00,2012-04-23 18:54:00,23.0,ACTUAL_RESULT,,confirmed,MULTIPLE_HUMAN_PRIMARY_RESULTS|DUPLICATE_DOCUMENT,23,,,
event_classification,,,,ULTRACEMCO_2012-06-30,ULTRACEMCO,2012-06-30 00:00:00,2012-07-20 17:08:52,20.0,ACTUAL_RESULT,,confirmed,OK,20,,,
event_classification,,,,ULTRACEMCO_2012-09-30,ULTRACEMCO,2012-09-30 00:00:00,2012-10-20 14:21:00,20.0,ACTUAL_RESULT,,confirmed,MULTIPLE_HUMAN_PRIMARY_RESULTS,20,,,
event_classification,,,,ULTRACEMCO_2012-12-31,ULTRACEMCO,2012-12-31 00:00:00,2013-01-19 16:32:36,19.0,ACTUAL_RESULT,,confirmed,OK,19,,,
event_classification,,,,ULTRACEMCO_2013-03-31,ULTRACEMCO,2013-03-31 00:00:00,2013-04-22 15:08:00,22.0,ACTUAL_RESULT,,confirmed,MULTIPLE_HUMAN_PRIMARY_RESULTS|DUPLICATE_DOCUMENT,22,,,
event_classification,,,,ULTRACEMCO_2013-06-30,ULTRACEMCO,2013-06-30 00:00:00,2013-07-29 14:07:00,29.0,ACTUAL_RESULT,,confirmed,MULTIPLE_HUMAN_PRIMARY_RESULTS,29,,,
event_classification,,,,ULTRACEMCO_2013-09-30,ULTRACEMCO,2013-09-30 00:00:00,2013-10-21 09:51:02,21.0,ACTUAL_RESULT,,confirmed,OK,21,,,
event_classification,,,,ULTRACEMCO_2013-12-31,ULTRACEMCO,2013-12-31 00:00:00,2014-01-20 12:47:02,20.0,ACTUAL_RESULT,,confirmed,MULTIPLE_HUMAN_PRIMARY_RESULTS,20,,,
event_classification,,,,ULTRACEMCO_2014-03-31,ULTRACEMCO,2014-03-31 00:00:00,2014-04-23 18:35:02,23.0,ACTUAL_RESULT,,confirmed,MULTIPLE_HUMAN_PRIMARY_RESULTS|DUPLICATE_DOCUMENT,23,,,
event_classification,,,,ULTRACEMCO_2014-06-30,ULTRACEMCO,2014-06-30 00:00:00,2014-07-19 13:59:03,19.0,ACTUAL_RESULT,,confirmed,OK,19,,,
event_classification,,,,ULTRACEMCO_2014-09-30,ULTRACEMCO,2014-09-30 00:00:00,2014-10-20 09:03:02,20.0,ACTUAL_RESULT,,confirmed,OK,20,,,
event_classification,,,,ULTRACEMCO_2014-12-31,ULTRACEMCO,2014-12-31 00:00:00,2015-01-23 16:07:02,23.0,ACTUAL_RESULT,,confirmed,DUPLICATE_DOCUMENT,23,,,
event_classification,,,,ULTRACEMCO_2015-03-31,ULTRACEMCO,2015-03-31 00:00:00,2015-04-25 17:27:03,25.0,ACTUAL_RESULT,,confirmed,OK,25,,,
event_classification,,,,ULTRACEMCO_2015-06-30,ULTRACEMCO,2015-06-30 00:00:00,2015-07-20 14:07:41,20.0,ACTUAL_RESULT,,confirmed,UNCLASSIFIED_DOCUMENT,20,,,
event_classification,,,,ULTRACEMCO_2015-09-30,ULTRACEMCO,2015-09-30 00:00:00,2015-10-19 14:06:47,19.0,ACTUAL_RESULT,,confirmed,OK,19,,,
event_classification,,,,ULTRACEMCO_2015-12-31,ULTRACEMCO,2015-12-31 00:00:00,2016-01-20 13:35:23,20.0,ACTUAL_RESULT,,confirmed,OK,20,,,
event_classification,,,,ULTRACEMCO_2016-03-31,ULTRACEMCO,2016-03-31 00:00:00,2016-04-25 14:29:13,25.0,ACTUAL_RESULT,,confirmed,MULTIPLE_HUMAN_PRIMARY_RESULTS|UNCLASSIFIED_DOCUMENT,25,,,
event_classification,,,,ULTRACEMCO_2016-06-30,ULTRACEMCO,2016-06-30 00:00:00,2016-07-19 13:09:48,19.0,ACTUAL_RESULT,,confirmed,OK,19,,,
event_classification,,,,ULTRACEMCO_2016-09-30,ULTRACEMCO,2016-09-30 00:00:00,2016-10-17 13:14:04,17.0,ACTUAL_RESULT,,confirmed,OK,17,,,
event_classification,,,,ULTRACEMCO_2016-12-31,ULTRACEMCO,2016-12-31 00:00:00,2017-01-21 13:53:16,21.0,ACTUAL_RESULT,,confirmed,OK,21,,,
event_classification,,,,ULTRACEMCO_2017-03-31,ULTRACEMCO,2017-03-31 00:00:00,2017-04-24 13:32:58,24.0,ACTUAL_RESULT,,confirmed,OK,24,,,
event_classification,,,,ULTRACEMCO_2017-06-30,ULTRACEMCO,2017-06-30 00:00:00,2017-07-18 13:41:58,18.0,ACTUAL_RESULT,,confirmed,OK,18,,,
event_classification,,,,ULTRACEMCO_2017-09-30,ULTRACEMCO,2017-09-30 00:00:00,2017-10-18 13:41:25,18.0,ACTUAL_RESULT,,confirmed,OK,18,,,
event_classification,,,,ULTRACEMCO_2017-12-31,ULTRACEMCO,2017-12-31 00:00:00,2018-01-18 13:25:24,18.0,ACTUAL_RESULT,,confirmed,OK,18,,,
event_classification,,,,ULTRACEMCO_2018-03-31,ULTRACEMCO,2018-03-31 00:00:00,2018-04-25 15:38:13,25.0,ACTUAL_RESULT,,confirmed,OK,25,,,
event_classification,,,,ULTRACEMCO_2018-06-30,ULTRACEMCO,2018-06-30 00:00:00,2018-07-18 14:11:57,18.0,ACTUAL_RESULT,,confirmed,OK,18,,,
event_classification,,,,ULTRACEMCO_2018-09-30,ULTRACEMCO,2018-09-30 00:00:00,2018-10-19 14:17:04,19.0,ACTUAL_RESULT,,confirmed,OK,19,,,
event_classification,,,,ULTRACEMCO_2018-12-31,ULTRACEMCO,2018-12-31 00:00:00,2019-01-24 13:56:07,24.0,ACTUAL_RESULT,,confirmed,OK,24,,,
event_classification,,,,ULTRACEMCO_2019-03-31,ULTRACEMCO,2019-03-31 00:00:00,2019-04-24 14:36:08,24.0,ACTUAL_RESULT,,confirmed,OK,24,,,
event_classification,,,,ULTRACEMCO_2019-06-30,ULTRACEMCO,2019-06-30 00:00:00,2019-08-08 14:22:08,39.0,ACTUAL_RESULT,,confirmed,OK,39,,,
event_classification,,,,ULTRACEMCO_2019-09-30,ULTRACEMCO,2019-09-30 00:00:00,2019-10-21 13:59:21,21.0,ACTUAL_RESULT,,confirmed,OK,21,,,
event_classification,,,,ULTRACEMCO_2019-12-31,ULTRACEMCO,2019-12-31 00:00:00,2020-01-24 13:56:39,24.0,ACTUAL_RESULT,,confirmed,OK,24,,,
event_classification,,,,ULTRACEMCO_2020-03-31,ULTRACEMCO,2020-03-31 00:00:00,2020-05-20 14:44:54,50.0,ACTUAL_RESULT,,confirmed,OK,50,,,
event_classification,,,,ULTRACEMCO_2020-06-30,ULTRACEMCO,2020-06-30 00:00:00,2020-07-28 13:47:33,28.0,ACTUAL_RESULT,,confirmed,OK,28,,,
event_classification,,,,ULTRACEMCO_2020-09-30,ULTRACEMCO,2020-09-30 00:00:00,2020-10-21 14:18:54,21.0,ACTUAL_RESULT,,confirmed,OK,21,,,
event_classification,,,,ULTRACEMCO_2020-12-31,ULTRACEMCO,2020-12-31 00:00:00,2021-01-23 13:28:15,23.0,ACTUAL_RESULT,,confirmed,OK,23,,,
event_classification,,,,ULTRACEMCO_2021-03-31,ULTRACEMCO,2021-03-31 00:00:00,2021-05-07 20:19:17,37.0,ACTUAL_RESULT,,confirmed,UNCLASSIFIED_DOCUMENT,37,,,
event_classification,,,,ULTRACEMCO_2021-06-30,ULTRACEMCO,2021-06-30 00:00:00,2021-07-22 13:38:38,22.0,ACTUAL_RESULT,,confirmed,OK,22,,,
event_classification,,,,ULTRACEMCO_2021-09-30,ULTRACEMCO,2021-09-30 00:00:00,2021-10-18 13:54:28,18.0,ACTUAL_RESULT,,confirmed,OK,18,,,
event_classification,,,,ULTRACEMCO_2021-12-31,ULTRACEMCO,2021-12-31 00:00:00,2022-01-17 14:01:02,17.0,ACTUAL_RESULT,,confirmed,OK,17,,,
event_classification,,,,ULTRACEMCO_2022-03-31,ULTRACEMCO,2022-03-31 00:00:00,2022-04-29 14:26:04,29.0,ACTUAL_RESULT,,confirmed,OK,29,,,
event_classification,,,,ULTRACEMCO_2022-06-30,ULTRACEMCO,2022-06-30 00:00:00,NaT,,UNCERTAIN,,no_primary_result,MISSING_RESULT,,,,
event_classification,,,,ULTRACEMCO_2022-09-30,ULTRACEMCO,2022-09-30 00:00:00,NaT,,UNCERTAIN,,no_primary_result,MISSING_RESULT,,,,
event_classification,,,,ULTRACEMCO_2022-12-31,ULTRACEMCO,2022-12-31 00:00:00,2023-01-21 13:25:51,21.0,ACTUAL_RESULT,,confirmed,OK,21,,,
event_classification,,,,ULTRACEMCO_2023-03-31,ULTRACEMCO,2023-03-31 00:00:00,2023-04-28 16:13:41,28.0,ACTUAL_RESULT,,confirmed,OK,28,,,
event_classification,,,,ULTRACEMCO_2023-06-30,ULTRACEMCO,2023-06-30 00:00:00,2023-07-21 13:48:40,21.0,ACTUAL_RESULT,,confirmed,OK,21,,,
event_classification,,,,ULTRACEMCO_2023-09-30,ULTRACEMCO,2023-09-30 00:00:00,2023-10-19 14:20:34,19.0,ACTUAL_RESULT,,confirmed,OK,19,,,
event_classification,,,,ULTRACEMCO_2023-12-31,ULTRACEMCO,2023-12-31 00:00:00,2024-01-19 13:10:58,19.0,ACTUAL_RESULT,,confirmed,UNCLASSIFIED_DOCUMENT,19,,,
event_classification,,,,ULTRACEMCO_2024-03-31,ULTRACEMCO,2024-03-31 00:00:00,2024-04-29 14:55:26,29.0,ACTUAL_RESULT,,confirmed,OK,29,,,
event_classification,,,,ULTRACEMCO_2024-06-30,ULTRACEMCO,2024-06-30 00:00:00,2024-07-19 14:46:27,19.0,ACTUAL_RESULT,,confirmed,OK,19,,,
event_classification,,,,ULTRACEMCO_2024-09-30,ULTRACEMCO,2024-09-30 00:00:00,2024-10-21 14:02:48,21.0,ACTUAL_RESULT,,confirmed,OK,21,,,
event_classification,,,,ULTRACEMCO_2024-12-31,ULTRACEMCO,2024-12-31 00:00:00,2025-01-23 13:56:45,23.0,ACTUAL_RESULT,,confirmed,OK,23,,,
event_classification,,,,ULTRACEMCO_2025-03-31,ULTRACEMCO,2025-03-31 00:00:00,NaT,,UNCERTAIN,,no_primary_result,MISSING_RESULT,,,,
event_classification,,,,ULTRACEMCO_2025-06-30,ULTRACEMCO,2025-06-30 00:00:00,2025-07-21 13:50:25,21.0,ACTUAL_RESULT,,confirmed,OK,21,,,
event_classification,,,,ULTRACEMCO_2025-09-30,ULTRACEMCO,2025-09-30 00:00:00,2025-10-18 14:02:25,18.0,ACTUAL_RESULT,,confirmed,OK,18,,,
event_classification,,,,ULTRACEMCO_2025-12-31,ULTRACEMCO,2025-12-31 00:00:00,2026-01-24 13:19:39,24.0,ACTUAL_RESULT,,confirmed,OK,24,,,
event_classification,,,,ULTRACEMCO_2026-03-31,ULTRACEMCO,2026-03-31 00:00:00,2026-04-27 14:26:21,27.0,ACTUAL_RESULT,,confirmed,OK,27,,,
event_classification,,,,ULTRACEMCO_2026-06-30,ULTRACEMCO,2026-06-30 00:00:00,2026-07-20 14:22:16,20.0,ACTUAL_RESULT,,confirmed,OK,20,,,
event_classification,,,,WIPRO_2004-09-30,WIPRO,2004-09-30 00:00:00,NaT,,UNCERTAIN,,no_primary_result,MISSING_RESULT,,,,
event_classification,,,,WIPRO_2004-12-31,WIPRO,2004-12-31 00:00:00,2005-01-21 00:00:00,21.0,ACTUAL_RESULT,,confirmed,DUPLICATE_DOCUMENT,21,,,
event_classification,,,,WIPRO_2005-03-31,WIPRO,2005-03-31 00:00:00,NaT,,UNCERTAIN,,no_primary_result,MISSING_RESULT|DUPLICATE_DOCUMENT,,,,
event_classification,,,,WIPRO_2005-06-30,WIPRO,2005-06-30 00:00:00,2005-07-22 00:00:00,22.0,ACTUAL_RESULT,,confirmed,DUPLICATE_DOCUMENT,22,,,
event_classification,,,,WIPRO_2005-09-30,WIPRO,2005-09-30 00:00:00,NaT,,UNCERTAIN,,no_primary_result,MISSING_RESULT|DUPLICATE_DOCUMENT,,,,
event_classification,,,,WIPRO_2005-12-31,WIPRO,2005-12-31 00:00:00,NaT,,UNCERTAIN,,no_primary_result,MISSING_RESULT|DUPLICATE_DOCUMENT,,,,
event_classification,,,,WIPRO_2006-03-31,WIPRO,2006-03-31 00:00:00,NaT,,UNCERTAIN,,no_primary_result,MISSING_RESULT|DUPLICATE_DOCUMENT|MANY_PRE_ANNOUNCEMENTS,,,,
event_classification,,,,WIPRO_2006-06-30,WIPRO,2006-06-30 00:00:00,NaT,,UNCERTAIN,,no_primary_result,MISSING_RESULT|DUPLICATE_DOCUMENT,,,,
event_classification,,,,WIPRO_2006-09-30,WIPRO,2006-09-30 00:00:00,NaT,,UNCERTAIN,,no_primary_result,MISSING_RESULT|DUPLICATE_DOCUMENT,,,,
event_classification,,,,WIPRO_2006-12-31,WIPRO,2006-12-31 00:00:00,NaT,,UNCERTAIN,,no_primary_result,MISSING_RESULT,,,,
event_classification,,,,WIPRO_2007-03-31,WIPRO,2007-03-31 00:00:00,NaT,,UNCERTAIN,,no_primary_result,MISSING_RESULT,,,,
event_classification,,,,WIPRO_2007-06-30,WIPRO,2007-06-30 00:00:00,2007-07-19 08:58:00,19.0,ACTUAL_RESULT,,confirmed,DUPLICATE_DOCUMENT,19,,,
event_classification,,,,WIPRO_2007-09-30,WIPRO,2007-09-30 00:00:00,2007-10-19 08:28:00,19.0,ACTUAL_RESULT,,confirmed,MULTIPLE_HUMAN_PRIMARY_RESULTS|DUPLICATE_DOCUMENT,19,,,
event_classification,,,,WIPRO_2007-12-31,WIPRO,2007-12-31 00:00:00,2008-01-18 17:37:00,18.0,ACTUAL_RESULT,,confirmed,MULTIPLE_HUMAN_PRIMARY_RESULTS|DUPLICATE_DOCUMENT,18,,,
event_classification,,,,WIPRO_2008-03-31,WIPRO,2008-03-31 00:00:00,2008-04-18 08:31:00,18.0,ACTUAL_RESULT,,confirmed,MULTIPLE_HUMAN_PRIMARY_RESULTS|DUPLICATE_DOCUMENT,18,,,
event_classification,,,,WIPRO_2008-06-30,WIPRO,2008-06-30 00:00:00,2008-07-18 08:40:00,18.0,ACTUAL_RESULT,,confirmed,MULTIPLE_HUMAN_PRIMARY_RESULTS|DUPLICATE_DOCUMENT,18,,,
event_classification,,,,WIPRO_2008-09-30,WIPRO,2008-09-30 00:00:00,2008-10-22 08:22:00,22.0,ACTUAL_RESULT,,confirmed,MULTIPLE_HUMAN_PRIMARY_RESULTS|DUPLICATE_DOCUMENT,22,,,
event_classification,,,,WIPRO_2008-12-31,WIPRO,2008-12-31 00:00:00,2009-01-21 08:34:00,21.0,ACTUAL_RESULT,,confirmed,MULTIPLE_HUMAN_PRIMARY_RESULTS|DUPLICATE_DOCUMENT,21,,,
event_classification,,,,WIPRO_2009-03-31,WIPRO,2009-03-31 00:00:00,2009-04-22 08:51:00,22.0,ACTUAL_RESULT,,confirmed,MULTIPLE_HUMAN_PRIMARY_RESULTS|DUPLICATE_DOCUMENT|UNCLASSIFIED_DOCUMENT,22,,,
event_classification,,,,WIPRO_2009-06-30,WIPRO,2009-06-30 00:00:00,2009-07-22 08:48:00,22.0,ACTUAL_RESULT,,confirmed,MULTIPLE_HUMAN_PRIMARY_RESULTS|DUPLICATE_DOCUMENT,22,,,
event_classification,,,,WIPRO_2009-09-30,WIPRO,2009-09-30 00:00:00,2009-10-27 08:47:00,27.0,ACTUAL_RESULT,,confirmed,MULTIPLE_HUMAN_PRIMARY_RESULTS|DUPLICATE_DOCUMENT|MANY_PRE_ANNOUNCEMENTS,27,,,
event_classification,,,,WIPRO_2009-12-31,WIPRO,2009-12-31 00:00:00,2010-01-20 08:17:00,20.0,ACTUAL_RESULT,,confirmed,MULTIPLE_HUMAN_PRIMARY_RESULTS|DUPLICATE_DOCUMENT,20,,,
event_classification,,,,WIPRO_2010-03-31,WIPRO,2010-03-31 00:00:00,2010-04-23 08:48:00,23.0,ACTUAL_RESULT,,confirmed,MULTIPLE_HUMAN_PRIMARY_RESULTS|DUPLICATE_DOCUMENT|UNCLASSIFIED_DOCUMENT,23,,,
event_classification,,,,WIPRO_2010-06-30,WIPRO,2010-06-30 00:00:00,2010-07-23 08:22:00,23.0,ACTUAL_RESULT,,confirmed,DUPLICATE_DOCUMENT|UNCLASSIFIED_DOCUMENT,23,,,
event_classification,,,,WIPRO_2010-09-30,WIPRO,2010-09-30 00:00:00,2010-10-22 08:18:00,22.0,ACTUAL_RESULT,,confirmed,MULTIPLE_HUMAN_PRIMARY_RESULTS|DUPLICATE_DOCUMENT|UNCLASSIFIED_DOCUMENT,22,,,
event_classification,,,,WIPRO_2010-12-31,WIPRO,2010-12-31 00:00:00,2011-01-21 08:28:00,21.0,ACTUAL_RESULT,,confirmed,MULTIPLE_HUMAN_PRIMARY_RESULTS,21,,,
event_classification,,,,WIPRO_2011-03-31,WIPRO,2011-03-31 00:00:00,2011-04-27 08:20:00,27.0,ACTUAL_RESULT,,confirmed,MULTIPLE_HUMAN_PRIMARY_RESULTS|DUPLICATE_DOCUMENT,27,,,
event_classification,,,,WIPRO_2011-06-30,WIPRO,2011-06-30 00:00:00,2011-07-20 08:06:00,20.0,ACTUAL_RESULT,,confirmed,MULTIPLE_HUMAN_PRIMARY_RESULTS,20,,,
event_classification,,,,WIPRO_2011-09-30,WIPRO,2011-09-30 00:00:00,2011-10-31 08:12:00,31.0,ACTUAL_RESULT,,confirmed,MULTIPLE_HUMAN_PRIMARY_RESULTS,31,,,
event_classification,,,,WIPRO_2011-12-31,WIPRO,2011-12-31 00:00:00,2012-01-20 08:05:00,20.0,ACTUAL_RESULT,,confirmed,MULTIPLE_HUMAN_PRIMARY_RESULTS,20,,,
event_classification,,,,WIPRO_2012-03-31,WIPRO,2012-03-31 00:00:00,2012-04-25 08:08:34,25.0,ACTUAL_RESULT,,confirmed,OK,25,,,
event_classification,,,,WIPRO_2012-06-30,WIPRO,2012-06-30 00:00:00,2012-07-24 08:10:00,24.0,ACTUAL_RESULT,,confirmed,MULTIPLE_HUMAN_PRIMARY_RESULTS|DUPLICATE_DOCUMENT,24,,,
event_classification,,,,WIPRO_2012-09-30,WIPRO,2012-09-30 00:00:00,2012-11-02 08:22:00,33.0,ACTUAL_RESULT,,confirmed,MULTIPLE_HUMAN_PRIMARY_RESULTS|DUPLICATE_DOCUMENT|UNCLASSIFIED_DOCUMENT,33,,,
event_classification,,,,WIPRO_2012-12-31,WIPRO,2012-12-31 00:00:00,2013-01-18 08:31:00,18.0,ACTUAL_RESULT,,confirmed,MULTIPLE_HUMAN_PRIMARY_RESULTS,18,,,
event_classification,,,,WIPRO_2013-03-31,WIPRO,2013-03-31 00:00:00,2013-04-19 08:55:00,19.0,ACTUAL_RESULT,,confirmed,MULTIPLE_HUMAN_PRIMARY_RESULTS|DUPLICATE_DOCUMENT,19,,,
event_classification,,,,WIPRO_2013-06-30,WIPRO,2013-06-30 00:00:00,2013-07-26 17:13:00,26.0,ACTUAL_RESULT,,confirmed,MULTIPLE_HUMAN_PRIMARY_RESULTS,26,,,
event_classification,,,,WIPRO_2013-09-30,WIPRO,2013-09-30 00:00:00,2013-10-22 16:31:01,22.0,ACTUAL_RESULT,,confirmed,MULTIPLE_HUMAN_PRIMARY_RESULTS,22,,,
event_classification,,,,WIPRO_2013-12-31,WIPRO,2013-12-31 00:00:00,2014-01-17 16:39:02,17.0,ACTUAL_RESULT,,confirmed,MULTIPLE_HUMAN_PRIMARY_RESULTS,17,,,
event_classification,,,,WIPRO_2014-03-31,WIPRO,2014-03-31 00:00:00,2014-04-17 16:51:03,17.0,ACTUAL_RESULT,,confirmed,MULTIPLE_HUMAN_PRIMARY_RESULTS|DUPLICATE_DOCUMENT,17,,,
event_classification,,,,WIPRO_2014-06-30,WIPRO,2014-06-30 00:00:00,2014-07-24 16:39:02,24.0,ACTUAL_RESULT,,confirmed,OK,24,,,
event_classification,,,,WIPRO_2014-09-30,WIPRO,2014-09-30 00:00:00,2014-10-22 16:11:02,22.0,ACTUAL_RESULT,,confirmed,OK,22,,,
event_classification,,,,WIPRO_2014-12-31,WIPRO,2014-12-31 00:00:00,2015-01-16 16:27:03,16.0,ACTUAL_RESULT,,confirmed,OK,16,,,
event_classification,,,,WIPRO_2015-03-31,WIPRO,2015-03-31 00:00:00,2015-04-21 16:47:02,21.0,ACTUAL_RESULT,,confirmed,OK,21,,,
event_classification,,,,WIPRO_2015-06-30,WIPRO,2015-06-30 00:00:00,2015-07-23 16:38:19,23.0,ACTUAL_RESULT,,confirmed,OK,23,,,
event_classification,,,,WIPRO_2015-09-30,WIPRO,2015-09-30 00:00:00,2015-10-21 16:32:16,21.0,ACTUAL_RESULT,,confirmed,OK,21,,,
event_classification,,,,WIPRO_2015-12-31,WIPRO,2015-12-31 00:00:00,2016-01-18 08:29:27,18.0,ACTUAL_RESULT,,confirmed,MANY_PRE_ANNOUNCEMENTS,18,,,
event_classification,,,,WIPRO_2016-03-31,WIPRO,2016-03-31 00:00:00,2016-04-20 16:25:40,20.0,ACTUAL_RESULT,,confirmed,MANY_PRE_ANNOUNCEMENTS,20,,,
event_classification,,,,WIPRO_2016-06-30,WIPRO,2016-06-30 00:00:00,2016-07-19 16:24:13,19.0,ACTUAL_RESULT,,confirmed,MANY_PRE_ANNOUNCEMENTS,19,,,
event_classification,,,,WIPRO_2016-09-30,WIPRO,2016-09-30 00:00:00,2016-10-21 16:39:12,21.0,ACTUAL_RESULT,,confirmed,MANY_PRE_ANNOUNCEMENTS,21,,,
event_classification,,,,WIPRO_2016-12-31,WIPRO,2016-12-31 00:00:00,2017-01-25 16:02:07,25.0,ACTUAL_RESULT,,confirmed,MANY_PRE_ANNOUNCEMENTS,25,,,
event_classification,,,,WIPRO_2017-03-31,WIPRO,2017-03-31 00:00:00,2017-04-25 16:12:07,25.0,ACTUAL_RESULT,,confirmed,MANY_PRE_ANNOUNCEMENTS,25,,,
event_classification,,,,WIPRO_2017-06-30,WIPRO,2017-06-30 00:00:00,2017-07-20 17:10:07,20.0,ACTUAL_RESULT,,confirmed,MANY_PRE_ANNOUNCEMENTS,20,,,
event_classification,,,,WIPRO_2017-09-30,WIPRO,2017-09-30 00:00:00,2017-10-17 15:56:11,17.0,ACTUAL_RESULT,,confirmed,MANY_PRE_ANNOUNCEMENTS,17,,,
event_classification,,,,WIPRO_2017-12-31,WIPRO,2017-12-31 00:00:00,2018-01-19 16:01:51,19.0,ACTUAL_RESULT,,confirmed,MANY_PRE_ANNOUNCEMENTS,19,,,
event_classification,,,,WIPRO_2018-03-31,WIPRO,2018-03-31 00:00:00,2018-04-25 16:36:42,25.0,ACTUAL_RESULT,,confirmed,MANY_PRE_ANNOUNCEMENTS,25,,,
event_classification,,,,WIPRO_2018-06-30,WIPRO,2018-06-30 00:00:00,2018-07-20 15:57:06,20.0,ACTUAL_RESULT,,confirmed,MANY_PRE_ANNOUNCEMENTS,20,,,
event_classification,,,,WIPRO_2018-09-30,WIPRO,2018-09-30 00:00:00,2018-10-24 15:38:21,24.0,ACTUAL_RESULT,,confirmed,MANY_PRE_ANNOUNCEMENTS,24,,,
event_classification,,,,WIPRO_2018-12-31,WIPRO,2018-12-31 00:00:00,2019-01-18 16:13:26,18.0,ACTUAL_RESULT,,confirmed,MANY_PRE_ANNOUNCEMENTS,18,,,
event_classification,,,,WIPRO_2019-03-31,WIPRO,2019-03-31 00:00:00,2019-04-16 16:15:26,16.0,ACTUAL_RESULT,,confirmed,MANY_PRE_ANNOUNCEMENTS,16,,,
event_classification,,,,WIPRO_2019-06-30,WIPRO,2019-06-30 00:00:00,2019-07-17 15:38:17,17.0,ACTUAL_RESULT,,confirmed,MANY_PRE_ANNOUNCEMENTS,17,,,
event_classification,,,,WIPRO_2019-09-30,WIPRO,2019-09-30 00:00:00,2019-10-15 15:47:31,15.0,ACTUAL_RESULT,,confirmed,MANY_PRE_ANNOUNCEMENTS,15,,,
event_classification,,,,WIPRO_2019-12-31,WIPRO,2019-12-31 00:00:00,2020-01-14 17:49:19,14.0,ACTUAL_RESULT,,confirmed,MANY_PRE_ANNOUNCEMENTS,14,,,
event_classification,,,,WIPRO_2020-03-31,WIPRO,2020-03-31 00:00:00,2020-04-15 17:07:09,15.0,ACTUAL_RESULT,,confirmed,MANY_PRE_ANNOUNCEMENTS,15,,,
event_classification,,,,WIPRO_2020-06-30,WIPRO,2020-06-30 00:00:00,2020-07-14 16:11:56,14.0,ACTUAL_RESULT,,confirmed,MANY_PRE_ANNOUNCEMENTS,14,,,
event_classification,,,,WIPRO_2020-09-30,WIPRO,2020-09-30 00:00:00,2020-10-13 15:35:53,13.0,ACTUAL_RESULT,,confirmed,MANY_PRE_ANNOUNCEMENTS,13,,,
event_classification,,,,WIPRO_2020-12-31,WIPRO,2020-12-31 00:00:00,2021-01-13 15:42:05,13.0,ACTUAL_RESULT,,confirmed,MANY_PRE_ANNOUNCEMENTS,13,,,
event_classification,,,,WIPRO_2021-03-31,WIPRO,2021-03-31 00:00:00,2021-04-15 15:45:33,15.0,ACTUAL_RESULT,,confirmed,MANY_PRE_ANNOUNCEMENTS,15,,,
event_classification,,,,WIPRO_2021-06-30,WIPRO,2021-06-30 00:00:00,2021-07-15 16:03:48,15.0,ACTUAL_RESULT,,confirmed,MANY_PRE_ANNOUNCEMENTS,15,,,
event_classification,,,,WIPRO_2021-09-30,WIPRO,2021-09-30 00:00:00,2021-10-13 15:34:40,13.0,ACTUAL_RESULT,,confirmed,MANY_PRE_ANNOUNCEMENTS,13,,,
event_classification,,,,WIPRO_2021-12-31,WIPRO,2021-12-31 00:00:00,2022-01-12 15:35:45,12.0,ACTUAL_RESULT,,confirmed,MANY_PRE_ANNOUNCEMENTS,12,,,
event_classification,,,,WIPRO_2022-03-31,WIPRO,2022-03-31 00:00:00,2022-04-29 15:45:56,29.0,ACTUAL_RESULT,,confirmed,MANY_PRE_ANNOUNCEMENTS,29,,,
event_classification,,,,WIPRO_2022-06-30,WIPRO,2022-06-30 00:00:00,NaT,,UNCERTAIN,,no_primary_result,MISSING_RESULT|MANY_PRE_ANNOUNCEMENTS,,,,
event_classification,,,,WIPRO_2022-09-30,WIPRO,2022-09-30 00:00:00,NaT,,UNCERTAIN,,no_primary_result,MISSING_RESULT|MANY_PRE_ANNOUNCEMENTS,,,,
event_classification,,,,WIPRO_2022-12-31,WIPRO,2022-12-31 00:00:00,2023-01-13 15:39:14,13.0,ACTUAL_RESULT,,confirmed,MANY_PRE_ANNOUNCEMENTS,13,,,
event_classification,,,,WIPRO_2023-03-31,WIPRO,2023-03-31 00:00:00,2023-04-27 15:58:05,27.0,ACTUAL_RESULT,,confirmed,MANY_PRE_ANNOUNCEMENTS,27,,,
event_classification,,,,WIPRO_2023-06-30,WIPRO,2023-06-30 00:00:00,2023-07-13 15:39:05,13.0,ACTUAL_RESULT,,confirmed,MANY_PRE_ANNOUNCEMENTS,13,,,
event_classification,,,,WIPRO_2023-09-30,WIPRO,2023-09-30 00:00:00,2023-10-18 15:47:16,18.0,ACTUAL_RESULT,,confirmed,MANY_PRE_ANNOUNCEMENTS,18,,,
event_classification,,,,WIPRO_2023-12-31,WIPRO,2023-12-31 00:00:00,2024-01-12 15:36:37,12.0,ACTUAL_RESULT,,confirmed,MANY_PRE_ANNOUNCEMENTS,12,,,
event_classification,,,,WIPRO_2024-03-31,WIPRO,2024-03-31 00:00:00,2024-04-19 15:44:44,19.0,ACTUAL_RESULT,,confirmed,MANY_PRE_ANNOUNCEMENTS,19,,,
event_classification,,,,WIPRO_2024-06-30,WIPRO,2024-06-30 00:00:00,2024-07-19 15:34:36,19.0,ACTUAL_RESULT,,confirmed,MANY_PRE_ANNOUNCEMENTS,19,,,
event_classification,,,,WIPRO_2024-09-30,WIPRO,2024-09-30 00:00:00,2024-10-17 15:45:00,17.0,ACTUAL_RESULT,,confirmed,MANY_PRE_ANNOUNCEMENTS,17,,,
event_classification,,,,WIPRO_2024-12-31,WIPRO,2024-12-31 00:00:00,2025-01-17 15:40:00,17.0,ACTUAL_RESULT,,confirmed,MANY_PRE_ANNOUNCEMENTS,17,,,
event_classification,,,,WIPRO_2025-03-31,WIPRO,2025-03-31 00:00:00,NaT,,UNCERTAIN,,no_primary_result,MISSING_RESULT|MANY_PRE_ANNOUNCEMENTS,,,,
event_classification,,,,WIPRO_2025-06-30,WIPRO,2025-06-30 00:00:00,2025-07-17 15:37:48,17.0,ACTUAL_RESULT,,confirmed,MANY_PRE_ANNOUNCEMENTS,17,,,
event_classification,,,,WIPRO_2025-09-30,WIPRO,2025-09-30 00:00:00,2025-10-16 15:42:44,16.0,ACTUAL_RESULT,,confirmed,OK,16,,,
event_classification,,,,WIPRO_2025-12-31,WIPRO,2025-12-31 00:00:00,2026-01-16 15:39:57,16.0,ACTUAL_RESULT,,confirmed,MANY_PRE_ANNOUNCEMENTS,16,,,
event_classification,,,,WIPRO_2026-03-31,WIPRO,2026-03-31 00:00:00,2026-04-16 16:26:22,16.0,ACTUAL_RESULT,,confirmed,MANY_PRE_ANNOUNCEMENTS,16,,,
event_classification,,,,WIPRO_2026-06-30,WIPRO,2026-06-30 00:00:00,2026-07-16 15:49:54,16.0,ACTUAL_RESULT,,confirmed,MANY_PRE_ANNOUNCEMENTS,16,,,
event_classification,,,,WIPRO_2026-09-30,WIPRO,2026-09-30 00:00:00,NaT,,UNCERTAIN,,no_primary_result,MISSING_RESULT,,,,
timing_violation,,9.0,,,,,,,,,,,,VERY_LATE_ANNOUNCEMENT,"[{'event_key': 'APOLLOHOSP_2006-09-30', 'period_ended': Timestamp('2006-09-30 00:00:00'), 'result_announcement_datetime': Timestamp('2007-01-24 16:32:00'), 'days_period_to_ann': 116.0}, {'event_key': 'CIPLA_2007-03-31', 'period_ended': Timestamp('2007-03-31 00:00:00'), 'result_announcement_datetime': Timestamp('2007-07-20 16:22:00'), 'days_period_to_ann': 111.0}, {'event_key': 'CIPLA_2008-03-31', 'period_ended': Timestamp('2008-03-31 00:00:00'), 'result_announcement_datetime': Timestamp('2008-07-18 16:32:00'), 'days_period_to_ann': 109.0}]",
session_inconsistency,,8.0,,,,,,,,,,,,,"[{'event_key': 'HCLTECH_2006-06-30', 'result_announcement_datetime': Timestamp('2006-07-18 00:00:00')}, {'event_key': 'HDFCBANK_2005-09-30', 'result_announcement_datetime': Timestamp('2005-07-14 00:00:00')}, {'event_key': 'INFY_2004-12-31', 'result_announcement_datetime': Timestamp('2005-01-12 00:00:00')}]",MIDNIGHT_ANNOUNCEMENT_TIME
