event_key,symbol,feature_cutoff_date,val_market_cap,val_pe,val_earnings_yield,val_pb,val_ps,val_ev,val_ev_ebitda,val_pcf
ADANIENT_2015-12-31,ADANIENT,2016-01-31,,,,,,,,
ADANIENT_2016-03-31,ADANIENT,2016-05-03,,,,,,,,
ADANIENT_2016-06-30,ADANIENT,2016-08-09,,,,,,,,
ADANIENT_2016-09-30,ADANIENT,2016-10-24,,,,,,,,
ADANIENT_2016-12-31,ADANIENT,2017-02-14,,,,,,,,
ADANIENT_2017-03-31,ADANIENT,2017-05-24,,,,,,,,
ADANIENT_2017-06-30,ADANIENT,2017-08-09,,,,,,,,
ADANIENT_2017-09-30,ADANIENT,2017-11-13,,,,,,,,
ADANIENT_2017-12-31,ADANIENT,2018-01-17,,,,,,,,
ADANIENT_2018-03-31,ADANIENT,2018-05-10,,,,,,,,
ADANIENT_2018-06-30,ADANIENT,2018-08-07,,,,,,,,
ADANIENT_2018-09-30,ADANIENT,2018-10-30,,,,,,,,
ADANIENT_2018-12-31,ADANIENT,2019-02-06,,,,,,,,
ADANIENT_2019-03-31,ADANIENT,2019-05-28,,,,,,,,
ADANIENT_2019-06-30,ADANIENT,2019-08-07,,,,,,,,
ADANIENT_2019-09-30,ADANIENT,2019-11-12,,,,,,,,
ADANIENT_2019-12-31,ADANIENT,2020-02-04,,,,,,,,
ADANIENT_2020-03-31,ADANIENT,2020-05-05,,,,,,,,
ADANIENT_2020-06-30,ADANIENT,2020-08-06,,,,,,,,
ADANIENT_2020-09-30,ADANIENT,2020-11-03,,,,,,,,
ADANIENT_2020-12-31,ADANIENT,2021-02-02,,,,,,,,
ADANIENT_2021-03-31,ADANIENT,2021-05-04,,,,,,,,
ADANIENT_2021-06-30,ADANIENT,2021-08-04,,,,,,,,
ADANIENT_2021-09-30,ADANIENT,2021-10-27,,,,,,,,
ADANIENT_2021-12-31,ADANIENT,2022-02-14,,,,,,,,
ADANIENT_2022-03-31,ADANIENT,2022-05-03,,,,,,,,
ADANIENT_2022-12-31,ADANIENT,2023-02-13,,,,,,,,
ADANIENT_2023-03-31,ADANIENT,2023-05-03,,,,,,,,
ADANIENT_2023-06-30,ADANIENT,2023-08-02,2908610322486.208,117.14463324943662,0.008536455937086723,8.800367439561478,,3419913022486.208,,
ADANIENT_2023-09-30,ADANIENT,2023-11-02,2604938029241.958,104.9141948352232,0.00953159867042383,7.881568609376713,,3116240729241.958,,
ADANIENT_2023-12-31,ADANIENT,2024-01-31,3694630572598.0,148.80169408502846,0.006720353596435392,11.178570859401876,,4205933272598.0,,
ADANIENT_2024-03-31,ADANIENT,2024-05-01,3591975757388.042,144.66725896111672,0.006912414095498812,10.867975766513768,,4103278457388.042,,
ADANIENT_2024-06-30,ADANIENT,2024-07-31,3726849820748.6,120.01333498329265,0.008332407395721587,9.537417435440956,,4356885820748.6,,
ADANIENT_2024-09-30,ADANIENT,2024-10-28,3290890468491.85,105.97441785542752,0.009436239615528915,8.421749638952745,,3920926468491.85,,
ADANIENT_2024-12-31,ADANIENT,2025-01-29,2726406889123.4,87.7967181461041,0.011389947382040888,6.9771742493258655,,3356442889123.4,,
ADANIENT_2025-06-30,ADANIENT,2025-07-30,3015445081406.1,43.0838577989454,0.023210549172884835,5.993256110392601,11.182454709051001,3862140281406.1,57.77288215786443,
ADANIENT_2025-09-30,ADANIENT,2025-11-04,3008538699927.6,339.8595505617978,0.002942391933217621,,13.69933655687121,,,
ADANIENT_2025-12-31,ADANIENT,2026-02-02,2375545467818.6,75.17199728952849,0.013302825999799537,,,,,
ADANIENT_2026-06-30,ADANIENT,2026-07-28,3881020417556.8003,-1755.7309941520468,-0.0005695633347766712,4.795767510368182,11.963942567079263,4847126017556.801,183.99424601356674,
ADANIPORTS_2015-12-31,ADANIPORTS,2016-02-10,,,,,,,,
ADANIPORTS_2016-03-31,ADANIPORTS,2016-05-03,,,,,,,,
ADANIPORTS_2016-06-30,ADANIPORTS,2016-08-08,,,,,,,,
ADANIPORTS_2016-09-30,ADANIPORTS,2016-10-24,,,,,,,,
ADANIPORTS_2016-12-31,ADANIPORTS,2017-02-13,,,,,,,,
ADANIPORTS_2017-03-31,ADANIPORTS,2017-05-25,,,,,,,,
ADANIPORTS_2017-06-30,ADANIPORTS,2017-08-09,,,,,,,,
ADANIPORTS_2017-09-30,ADANIPORTS,2017-11-12,,,,,,,,
ADANIPORTS_2017-12-31,ADANIPORTS,2018-01-17,,,,,,,,
ADANIPORTS_2018-03-31,ADANIPORTS,2018-05-03,,,,,,,,
ADANIPORTS_2018-06-30,ADANIPORTS,2018-08-06,,,,,,,,
ADANIPORTS_2018-09-30,ADANIPORTS,2018-10-23,,,,,,,,
ADANIPORTS_2018-12-31,ADANIPORTS,2019-02-05,,,,,,,,
ADANIPORTS_2019-03-31,ADANIPORTS,2019-05-27,,,,,,,,
ADANIPORTS_2019-06-30,ADANIPORTS,2019-08-06,,,,,,,,
ADANIPORTS_2019-09-30,ADANIPORTS,2019-11-07,,,,,,,,
ADANIPORTS_2019-12-31,ADANIPORTS,2020-02-04,,,,,,,,
ADANIPORTS_2020-03-31,ADANIPORTS,2020-05-05,,,,,,,,
ADANIPORTS_2020-06-30,ADANIPORTS,2020-08-11,,,,,,,,
ADANIPORTS_2020-09-30,ADANIPORTS,2020-11-03,,,,,,,,
ADANIPORTS_2020-12-31,ADANIPORTS,2021-02-08,,,,,,,,
ADANIPORTS_2021-03-31,ADANIPORTS,2021-05-04,,,,,,,,
ADANIPORTS_2021-06-30,ADANIPORTS,2021-08-02,,,,,,,,
ADANIPORTS_2021-09-30,ADANIPORTS,2021-10-27,,,,,,,,
ADANIPORTS_2021-12-31,ADANIPORTS,2022-02-01,,,,,,,,
ADANIPORTS_2022-03-31,ADANIPORTS,2022-05-24,,,,,,,,
ADANIPORTS_2022-12-31,ADANIPORTS,2023-02-06,,,,,,,,
ADANIPORTS_2023-03-31,ADANIPORTS,2023-05-30,,,,,,,,
ADANIPORTS_2023-06-30,ADANIPORTS,2023-08-07,1709534013810.767,32.196909048578625,0.031058882034023894,3.752605619227462,,2222751313810.767,,
ADANIPORTS_2023-09-30,ADANIPORTS,2023-11-08,1768505780640.3835,33.30756762437068,0.030023207076469736,3.8820548035038778,,2281723080640.384,,
ADANIPORTS_2023-12-31,ADANIPORTS,2024-01-31,2608691849667.017,49.131408641743796,0.02035357885404418,5.726350932364043,,3121909149667.017,,
ADANIPORTS_2024-03-31,ADANIPORTS,2024-05-01,2861968140968.267,53.90154696558432,0.018552343231234003,6.282318831379692,,3375185440968.267,,
ADANIPORTS_2024-06-30,ADANIPORTS,2024-07-31,3391202129755.5,41.80825565912118,0.023918720937639335,6.405169254216234,,3867111429755.5,,
ADANIPORTS_2024-09-30,ADANIPORTS,2024-10-28,2920939881429.0,36.01065246338216,0.02776956071587043,5.516956408402567,,3396849181429.0,,
ADANIPORTS_2024-12-31,ADANIPORTS,2025-01-29,2369564415717.75,29.213049267643147,0.03423127763343817,4.475540106638956,,2845473715717.75,,
ADANIPORTS_2025-06-30,ADANIPORTS,2025-08-04,3000216980710.5,99.56272401433692,0.01004391964864281,4.805314711272725,35.34473920662101,3452281780710.5,82.05476163303457,
ADANIPORTS_2025-09-30,ADANIPORTS,2025-11-03,3121635054027.8003,94.17861799217732,0.010618121409289125,,34.205425886824,,,
ADANIPORTS_2025-12-31,ADANIPORTS,2026-02-02,3031747867589.4,91.46675358539765,0.010932934217090727,,33.220483880253866,,,
ADANIPORTS_2026-03-31,ADANIPORTS,2026-04-29,3612786018506.6997,118.31196581196582,0.008452230449702005,,37.22760073848251,,,
ADANIPORTS_2026-06-30,ADANIPORTS,2026-07-28,4088836211220.6,122.8166089965398,0.00814222122048797,4.25365248401888,38.07968100093876,4648100211220.6,91.56166019341391,
APOLLOHOSP_2015-12-31,APOLLOHOSP,2016-02-10,,,,,,,,
APOLLOHOSP_2016-03-31,APOLLOHOSP,2016-05-24,,,,,,,,
APOLLOHOSP_2016-06-30,APOLLOHOSP,2016-08-31,,,,,,,,
APOLLOHOSP_2016-09-30,APOLLOHOSP,2016-11-09,,,,,,,,
APOLLOHOSP_2016-12-31,APOLLOHOSP,2017-02-13,,,,,,,,
APOLLOHOSP_2017-03-31,APOLLOHOSP,2017-05-29,,,,,,,,
APOLLOHOSP_2017-06-30,APOLLOHOSP,2017-08-10,,,,,,,,
APOLLOHOSP_2017-09-30,APOLLOHOSP,2017-11-12,,,,,,,,
APOLLOHOSP_2017-12-31,APOLLOHOSP,2018-02-14,,,,,,,,
APOLLOHOSP_2018-03-31,APOLLOHOSP,2018-05-30,,,,,,,,
APOLLOHOSP_2018-06-30,APOLLOHOSP,2018-08-08,,,,,,,,
APOLLOHOSP_2018-09-30,APOLLOHOSP,2018-11-14,,,,,,,,
APOLLOHOSP_2018-12-31,APOLLOHOSP,2019-02-06,,,,,,,,
APOLLOHOSP_2019-03-31,APOLLOHOSP,2019-05-29,,,,,,,,
APOLLOHOSP_2019-06-30,APOLLOHOSP,2019-08-13,,,,,,,,
APOLLOHOSP_2019-09-30,APOLLOHOSP,2019-11-13,,,,,,,,
APOLLOHOSP_2019-12-31,APOLLOHOSP,2020-02-13,,,,,,,,
APOLLOHOSP_2020-03-31,APOLLOHOSP,2020-06-25,,,,,,,,
APOLLOHOSP_2020-06-30,APOLLOHOSP,2020-09-14,,,,,,,,
APOLLOHOSP_2020-09-30,APOLLOHOSP,2020-11-11,,,,,,,,
APOLLOHOSP_2020-12-31,APOLLOHOSP,2021-02-10,,,,,,,,
APOLLOHOSP_2021-03-31,APOLLOHOSP,2021-06-23,,,,,,,,
APOLLOHOSP_2021-06-30,APOLLOHOSP,2021-08-11,,,,,,,,
APOLLOHOSP_2021-09-30,APOLLOHOSP,2021-11-10,,,,,,,,
APOLLOHOSP_2021-12-31,APOLLOHOSP,2022-02-09,,,,,,,,
APOLLOHOSP_2022-03-31,APOLLOHOSP,2022-05-25,,,,,,,,
APOLLOHOSP_2022-12-31,APOLLOHOSP,2023-02-15,,,,,,,,
APOLLOHOSP_2023-03-31,APOLLOHOSP,2023-05-29,,,,,,,,
APOLLOHOSP_2023-06-30,APOLLOHOSP,2023-08-09,716241715188.4204,87.43812704329034,0.011436658512880808,11.55713226818376,,755231715188.4204,,
APOLLOHOSP_2023-09-30,APOLLOHOSP,2023-11-08,734876220777.0908,89.71301027404775,0.011146655283835469,11.85781490265419,,773866220777.0908,,
APOLLOHOSP_2023-12-31,APOLLOHOSP,2024-02-07,888294449796.0908,108.44216597002809,0.00922150522405082,14.333340591152593,,927284449796.0908,,
APOLLOHOSP_2024-03-31,APOLLOHOSP,2024-05-30,829127063440.5908,101.21906609289978,0.009879561614233734,13.37862754446366,,868117063440.5908,,
APOLLOHOSP_2024-06-30,APOLLOHOSP,2024-08-13,947454618835.7999,105.43039999999999,0.009484930342671564,13.661138778380483,,995725618835.7999,,
APOLLOHOSP_2024-09-30,APOLLOHOSP,2024-11-06,1001905868441.7001,111.48960000000001,0.008969446477518978,14.446259313690632,,1050176868441.7001,,
APOLLOHOSP_2024-12-31,APOLLOHOSP,2025-02-10,972164012141.25,108.18,0.009243852837862821,14.017418060115494,,1020435012141.25,,
APOLLOHOSP_2025-03-31,APOLLOHOSP,2025-05-30,989310332488.5,110.088,0.009083642177167358,14.264647064170775,,1037581332488.5,,
APOLLOHOSP_2025-06-30,APOLLOHOSP,2025-08-12,1040497670380.5,342.9620853080568,0.0029157742002349205,12.669990993759361,18.606231364766998,1074585670380.5,127.72918939504339,
APOLLOHOSP_2025-09-30,APOLLOHOSP,2025-11-06,1118953352250.0,258.53820598006644,0.003867900282703675,,19.153272834254807,,,
APOLLOHOSP_2025-12-31,APOLLOHOSP,2026-02-10,1038001060125.0,239.83388704318935,0.00416955256960798,,17.767601720699748,,,
APOLLOHOSP_2026-03-31,APOLLOHOSP,2026-05-20,1161371081540.5,231.21064682312536,0.004325060345361144,,17.929587203824067,,,
APOLLOHOSP_2026-06-30,APOLLOHOSP,2026-08-12,1236116696229.0,233.86833514689883,0.004275910201232988,13.03906811351146,18.71344631336008,1302481696229.0,122.29875081962442,
ASIANPAINT_2015-12-31,ASIANPAINT,2016-01-18,,,,,,,,
ASIANPAINT_2016-03-31,ASIANPAINT,2016-05-10,,,,,,,,
ASIANPAINT_2016-06-30,ASIANPAINT,2016-07-27,,,,,,,,
ASIANPAINT_2016-09-30,ASIANPAINT,2016-10-24,,,,,,,,
ASIANPAINT_2016-12-31,ASIANPAINT,2017-01-23,,,,,,,,
ASIANPAINT_2017-03-31,ASIANPAINT,2017-05-10,,,,,,,,
ASIANPAINT_2017-06-30,ASIANPAINT,2017-07-24,,,,,,,,
ASIANPAINT_2017-09-30,ASIANPAINT,2017-10-23,,,,,,,,
ASIANPAINT_2017-12-31,ASIANPAINT,2018-01-22,,,,,,,,
ASIANPAINT_2018-03-31,ASIANPAINT,2018-05-10,,,,,,,,
ASIANPAINT_2018-06-30,ASIANPAINT,2018-07-24,,,,,,,,
ASIANPAINT_2018-09-30,ASIANPAINT,2018-10-22,,,,,,,,
ASIANPAINT_2018-12-31,ASIANPAINT,2019-01-21,,,,,,,,
ASIANPAINT_2019-03-31,ASIANPAINT,2019-05-08,,,,,,,,
ASIANPAINT_2019-06-30,ASIANPAINT,2019-07-23,,,,,,,,
ASIANPAINT_2019-09-30,ASIANPAINT,2019-10-22,,,,,,,,
ASIANPAINT_2019-12-31,ASIANPAINT,2020-01-21,,,,,,,,
ASIANPAINT_2020-03-31,ASIANPAINT,2020-06-23,,,,,,,,
ASIANPAINT_2020-06-30,ASIANPAINT,2020-07-22,,,,,,,,
ASIANPAINT_2020-09-30,ASIANPAINT,2020-10-21,,,,,,,,
ASIANPAINT_2020-12-31,ASIANPAINT,2021-01-20,,,,,,,,
ASIANPAINT_2021-03-31,ASIANPAINT,2021-05-10,,,,,,,,
ASIANPAINT_2021-06-30,ASIANPAINT,2021-07-18,,,,,,,,
ASIANPAINT_2021-09-30,ASIANPAINT,2021-10-20,,,,,,,,
ASIANPAINT_2021-12-31,ASIANPAINT,2022-01-19,,,,,,,,
ASIANPAINT_2022-03-31,ASIANPAINT,2022-05-10,,,,,,,,
ASIANPAINT_2022-12-31,ASIANPAINT,2023-01-18,,,,,,,,
ASIANPAINT_2023-03-31,ASIANPAINT,2023-05-10,,,,,,,,
ASIANPAINT_2023-06-30,ASIANPAINT,2023-07-24,3397841725406.334,82.75805584240717,0.012083415805516983,21.246828775013455,,3411936925406.334,,
ASIANPAINT_2023-09-30,ASIANPAINT,2023-10-25,2934817919783.166,71.48061767464094,0.013989806363337685,18.351523957466632,,2948913119783.166,,
ASIANPAINT_2023-12-31,ASIANPAINT,2024-01-16,3161199934257.1685,76.99439286183443,0.012987958769861186,19.767098986552647,,3175295134257.1685,,
ASIANPAINT_2024-03-31,ASIANPAINT,2024-05-08,2726270191290.666,66.40121552611221,0.015059965274381928,17.047467371909146,,2740365391290.666,,
ASIANPAINT_2024-06-30,ASIANPAINT,2024-07-15,2834817008647.5,51.92307692307693,0.019259259259259257,15.136542070809952,,2851267408647.5,,
ASIANPAINT_2024-09-30,ASIANPAINT,2024-11-07,2725844590912.75,49.9271162627327,0.020029196053256416,14.554682437342152,,2742294990912.75,,
ASIANPAINT_2024-12-31,ASIANPAINT,2025-02-03,2197906067333.75,40.25728837372673,0.024840222488821027,11.735747864642013,,2214356467333.75,,
ASIANPAINT_2025-06-30,ASIANPAINT,2025-07-28,2262250275390.4,61.68888888888889,0.016210374639769452,11.66119810137522,,2238237775390.4,,
ASIANPAINT_2025-09-30,ASIANPAINT,2025-11-11,2547784520772.4,231.66521360069746,0.004316573837121782,,28.548236602566643,,,
ASIANPAINT_2025-12-31,ASIANPAINT,2026-01-23,2591707925302.9,260.9749034749035,0.003831786070939823,13.237459517273203,30.441616750683014,2559468925302.9,147.06886809913692,
ASIANPAINT_2026-03-31,ASIANPAINT,2026-05-27,2562775251474.9,241.80090497737555,0.004135633818630937,,28.958828657572216,,,
ASIANPAINT_2026-06-30,ASIANPAINT,2026-07-28,2623042519979.0,223.911620294599,0.004466047803523134,12.273501971444333,28.423404554811963,2576315419979.0,129.9069897125353,
AXISBANK_2015-12-31,AXISBANK,2016-01-20,,,,,,,,
AXISBANK_2016-03-31,AXISBANK,2016-04-26,,,,,,,,
AXISBANK_2016-06-30,AXISBANK,2016-07-20,,,,,,,,
AXISBANK_2016-09-30,AXISBANK,2016-10-25,,,,,,,,
AXISBANK_2016-12-31,AXISBANK,2017-01-19,,,,,,,,
AXISBANK_2017-03-31,AXISBANK,2017-04-26,,,,,,,,
AXISBANK_2017-06-30,AXISBANK,2017-07-25,,,,,,,,
AXISBANK_2017-09-30,AXISBANK,2017-10-17,,,,,,,,
AXISBANK_2017-12-31,AXISBANK,2018-01-21,,,,,,,,
AXISBANK_2018-03-31,AXISBANK,2018-04-26,,,,,,,,
AXISBANK_2018-06-30,AXISBANK,2018-07-30,,,,,,,,
AXISBANK_2018-09-30,AXISBANK,2018-10-31,,,,,,,,
AXISBANK_2018-12-31,AXISBANK,2019-01-29,,,,,,,,
AXISBANK_2019-03-31,AXISBANK,2019-04-25,,,,,,,,
AXISBANK_2019-06-30,AXISBANK,2019-07-30,,,,,,,,
AXISBANK_2019-09-30,AXISBANK,2019-10-22,,,,,,,,
AXISBANK_2019-12-31,AXISBANK,2020-01-22,,,,,,,,
AXISBANK_2020-03-31,AXISBANK,2020-04-28,,,,,,,,
AXISBANK_2020-06-30,AXISBANK,2020-07-21,,,,,,,,
AXISBANK_2020-09-30,AXISBANK,2020-10-29,,,,,,,,
AXISBANK_2020-12-31,AXISBANK,2021-01-27,,,,,,,,
AXISBANK_2021-03-31,AXISBANK,2021-04-27,,,,,,,,
AXISBANK_2021-06-30,AXISBANK,2021-07-26,,,,,,,,
AXISBANK_2021-09-30,AXISBANK,2021-10-26,,,,,,,,
AXISBANK_2021-12-31,AXISBANK,2022-01-24,,,,,,,,
AXISBANK_2022-03-31,AXISBANK,2022-04-28,,,,,,,,
AXISBANK_2022-12-31,AXISBANK,2023-01-23,,,,,,,,
AXISBANK_2023-03-31,AXISBANK,2023-04-27,,,,,,,,
AXISBANK_2023-06-30,AXISBANK,2023-07-26,3005469007762.371,27.876711980392944,0.0358722363205298,2.315787800732762,,3597193407762.371,,
AXISBANK_2023-09-30,AXISBANK,2023-10-25,2939778292424.629,27.26740902417327,0.036673818150946204,2.2651714886671077,,3531502692424.629,,
AXISBANK_2023-12-31,AXISBANK,2024-01-23,3351461054071.0,31.08590182648402,0.03216892357126463,2.5823831833245223,,3943185454071.0,,
AXISBANK_2024-03-31,AXISBANK,2024-04-24,3271462901759.0,30.34389269406393,0.03295556078062544,2.520742639127655,,3863187301759.0,,
AXISBANK_2024-06-30,AXISBANK,2024-07-24,3825032337218.75,14.577696741559816,0.06859794230381279,2.435961400698921,,4726525037218.75,,
AXISBANK_2024-09-30,AXISBANK,2024-10-17,3493534678943.7495,13.314315962827902,0.07510712550249592,2.2248480220948745,,4395027378943.75,,
AXISBANK_2024-12-31,AXISBANK,2025-01-16,3203860049250.0,12.210328196682742,0.08189788053949905,2.040369525055864,,4105352749250.0,,
AXISBANK_2025-06-30,AXISBANK,2025-07-17,3592328642746.8,48.304872969596,0.02070184514571478,1.9186152383540107,16.450402328246174,4627704442746.8,,
AXISBANK_2025-09-30,AXISBANK,2025-10-15,3627340281647.9995,58.36327345309381,0.01713406292749658,1.8710230790210003,16.367157943589813,4802776181648.0,,
AXISBANK_2025-12-31,AXISBANK,2026-01-22,4015629443124.0,64.61077844311377,0.015477293790546803,2.0713070132664084,18.119182716621147,5191065343124.0,,
AXISBANK_2026-03-31,AXISBANK,2026-04-23,4252719527897.5996,60.95238095238095,0.01640625,2.0553767125672753,19.231509774880173,5825255127897.6,,
AXISBANK_2026-06-30,AXISBANK,2026-07-16,4064246541448.8,53.74434854089601,0.018606607525237077,1.8900364714214661,18.42111329226061,5688941841448.8,,
BAJAJ-AUTO_2015-12-31,BAJAJ-AUTO,2016-02-03,,,,,,,,
BAJAJ-AUTO_2016-03-31,BAJAJ-AUTO,2016-05-24,,,,,,,,
BAJAJ-AUTO_2016-06-30,BAJAJ-AUTO,2016-07-26,,,,,,,,
BAJAJ-AUTO_2016-09-30,BAJAJ-AUTO,2016-10-26,,,,,,,,
BAJAJ-AUTO_2016-12-31,BAJAJ-AUTO,2017-01-30,,,,,,,,
BAJAJ-AUTO_2017-03-31,BAJAJ-AUTO,2017-05-17,,,,,,,,
BAJAJ-AUTO_2017-06-30,BAJAJ-AUTO,2017-07-19,,,,,,,,
BAJAJ-AUTO_2017-09-30,BAJAJ-AUTO,2017-10-16,,,,,,,,
BAJAJ-AUTO_2017-12-31,BAJAJ-AUTO,2018-01-31,,,,,,,,
BAJAJ-AUTO_2018-03-31,BAJAJ-AUTO,2018-05-16,,,,,,,,
BAJAJ-AUTO_2018-06-30,BAJAJ-AUTO,2018-07-18,,,,,,,,
BAJAJ-AUTO_2018-09-30,BAJAJ-AUTO,2018-10-23,,,,,,,,
BAJAJ-AUTO_2018-12-31,BAJAJ-AUTO,2019-01-29,,,,,,,,
BAJAJ-AUTO_2019-03-31,BAJAJ-AUTO,2019-05-15,,,,,,,,
BAJAJ-AUTO_2019-06-30,BAJAJ-AUTO,2019-07-24,,,,,,,,
BAJAJ-AUTO_2019-09-30,BAJAJ-AUTO,2019-10-22,,,,,,,,
BAJAJ-AUTO_2019-12-31,BAJAJ-AUTO,2020-01-29,,,,,,,,
BAJAJ-AUTO_2020-03-31,BAJAJ-AUTO,2020-05-20,,,,,,,,
BAJAJ-AUTO_2020-06-30,BAJAJ-AUTO,2020-07-21,,,,,,,,
BAJAJ-AUTO_2020-09-30,BAJAJ-AUTO,2020-10-21,,,,,,,,
BAJAJ-AUTO_2020-12-31,BAJAJ-AUTO,2021-01-20,,,,,,,,
BAJAJ-AUTO_2021-03-31,BAJAJ-AUTO,2021-04-29,,,,,,,,
BAJAJ-AUTO_2021-06-30,BAJAJ-AUTO,2021-07-21,,,,,,,,
BAJAJ-AUTO_2021-09-30,BAJAJ-AUTO,2021-10-27,,,,,,,,
BAJAJ-AUTO_2021-12-31,BAJAJ-AUTO,2022-01-19,,,,,,,,
BAJAJ-AUTO_2022-03-31,BAJAJ-AUTO,2022-04-27,,,,,,,,
BAJAJ-AUTO_2022-12-31,BAJAJ-AUTO,2023-01-23,,,,,,,,
BAJAJ-AUTO_2023-03-31,BAJAJ-AUTO,2023-04-25,,,,,,,,
BAJAJ-AUTO_2023-06-30,BAJAJ-AUTO,2023-07-24,1381610039774.5,22.97764705882353,0.04352055706313041,4.705509451392877,,1379193839774.5,,
BAJAJ-AUTO_2023-09-30,BAJAJ-AUTO,2023-10-18,1453651010753.8545,24.175765165441177,0.04136373732772198,4.950867736344397,,1451234810753.8545,,
BAJAJ-AUTO_2023-12-31,BAJAJ-AUTO,2024-01-24,2040929007282.8545,33.94282398897059,0.029461308237786605,6.951028479033643,,2038512807282.8545,,
BAJAJ-AUTO_2024-03-31,BAJAJ-AUTO,2024-04-18,2552643158460.291,42.453175551470586,0.023555363927666415,8.693832675194459,,2550226958460.291,,
BAJAJ-AUTO_2024-06-30,BAJAJ-AUTO,2024-07-15,2700603492702.6,35.511563876651984,0.02815984121323016,9.32451233409996,,2712857992702.6,,
BAJAJ-AUTO_2024-09-30,BAJAJ-AUTO,2024-10-16,3243217266464.2,42.646659324522766,0.023448495517325973,11.198022769735669,,3255471766464.2,,
BAJAJ-AUTO_2024-12-31,BAJAJ-AUTO,2025-01-28,2344663262790.4,30.83113069016153,0.03243474947609068,8.09553922753804,,2356917762790.4,,
BAJAJ-AUTO_2025-03-31,BAJAJ-AUTO,2025-05-29,2477580744622.0,32.578928046989724,0.030694687024621102,8.554470241330055,,2489835244622.0,,
BAJAJ-AUTO_2025-06-30,BAJAJ-AUTO,2025-08-05,2298429742644.0,31.41412213740458,0.031832816961302475,6.531719358647113,,2298808242644.0,,
BAJAJ-AUTO_2025-09-30,BAJAJ-AUTO,2025-11-07,2437212700478.5,110.25916561314793,0.00906954079000172,,19.271698540701486,,,
BAJAJ-AUTO_2025-12-31,BAJAJ-AUTO,2026-01-30,2679836139420.0,126.44927536231883,0.007908309455587393,7.84270131856162,17.56850259623277,2778844339420.0,81.62292559002964,
BAJAJ-AUTO_2026-03-31,BAJAJ-AUTO,2026-05-06,2883678107388.0,104.86788617886178,0.009535807733307491,,18.751678393548286,,,
BAJAJ-AUTO_2026-06-30,BAJAJ-AUTO,2026-07-20,2938636810492.5,80.38579067990833,0.012440009503445,7.567566870748833,17.177014737540304,3054099510492.5,61.45873223847183,
BAJAJFINSV_2015-12-31,BAJAJFINSV,2016-02-03,,,,,,,,
BAJAJFINSV_2016-03-31,BAJAJFINSV,2016-05-24,,,,,,,,
BAJAJFINSV_2016-06-30,BAJAJFINSV,2016-07-25,,,,,,,,
BAJAJFINSV_2016-09-30,BAJAJFINSV,2016-10-27,,,,,,,,
BAJAJFINSV_2016-12-31,BAJAJFINSV,2017-01-30,,,,,,,,
BAJAJFINSV_2017-03-31,BAJAJFINSV,2017-05-17,,,,,,,,
BAJAJFINSV_2017-06-30,BAJAJFINSV,2017-07-19,,,,,,,,
BAJAJFINSV_2017-09-30,BAJAJFINSV,2017-10-16,,,,,,,,
BAJAJFINSV_2017-12-31,BAJAJFINSV,2018-02-01,,,,,,,,
BAJAJFINSV_2018-03-31,BAJAJFINSV,2018-05-17,,,,,,,,
BAJAJFINSV_2018-06-30,BAJAJFINSV,2018-07-19,,,,,,,,
BAJAJFINSV_2018-09-30,BAJAJFINSV,2018-10-23,,,,,,,,
BAJAJFINSV_2018-12-31,BAJAJFINSV,2019-01-29,,,,,,,,
BAJAJFINSV_2019-03-31,BAJAJFINSV,2019-05-16,,,,,,,,
BAJAJFINSV_2019-06-30,BAJAJFINSV,2019-07-25,,,,,,,,
BAJAJFINSV_2019-09-30,BAJAJFINSV,2019-10-22,,,,,,,,
BAJAJFINSV_2019-12-31,BAJAJFINSV,2020-01-29,,,,,,,,
BAJAJFINSV_2020-03-31,BAJAJFINSV,2020-05-20,,,,,,,,
BAJAJFINSV_2020-06-30,BAJAJFINSV,2020-07-21,,,,,,,,
BAJAJFINSV_2020-09-30,BAJAJFINSV,2020-10-21,,,,,,,,
BAJAJFINSV_2020-12-31,BAJAJFINSV,2021-01-20,,,,,,,,
BAJAJFINSV_2021-03-31,BAJAJFINSV,2021-04-27,,,,,,,,
BAJAJFINSV_2021-06-30,BAJAJFINSV,2021-07-19,,,,,,,,
BAJAJFINSV_2021-09-30,BAJAJFINSV,2021-10-27,,,,,,,,
BAJAJFINSV_2021-12-31,BAJAJFINSV,2022-01-19,,,,,,,,
BAJAJFINSV_2022-03-31,BAJAJFINSV,2022-04-27,,,,,,,,
BAJAJFINSV_2022-12-31,BAJAJFINSV,2023-01-29,,,,,,,,
BAJAJFINSV_2023-03-31,BAJAJFINSV,2023-04-26,,,,,,,,
BAJAJFINSV_2023-06-30,BAJAJFINSV,2023-07-26,2587315041166.0156,40.661248779296876,0.02459344043828681,5.575228059108787,,4237372941166.0156,,
BAJAJFINSV_2023-09-30,BAJAJFINSV,2023-10-25,2563453424281.0156,40.286248779296876,0.0248223657029567,5.523810294408203,,4213511324281.0156,,
BAJAJFINSV_2023-12-31,BAJAJFINSV,2024-01-29,2604018172985.5156,40.92374877929687,0.0244356890516808,5.611220494399196,,4254076072985.5156,,
BAJAJFINSV_2024-03-31,BAJAJFINSV,2024-04-24,2593519100393.383,40.758749389648436,0.024534609500407575,5.5885967616187076,,4243577000393.383,,
BAJAJFINSV_2024-06-30,BAJAJFINSV,2024-07-23,2580654684254.05,31.929980276134117,0.03131852858510672,4.27766238354872,,4810821484254.05,,
BAJAJFINSV_2024-09-30,BAJAJFINSV,2024-10-22,2746045500877.8,33.976331360946745,0.029432253570184606,4.551812225901736,,4976212300877.8,,
BAJAJFINSV_2024-12-31,BAJAJFINSV,2025-01-29,2854127403211.2,35.31360946745562,0.028317694369973192,4.730967496374358,,5084294203211.2,,
BAJAJFINSV_2025-06-30,BAJAJFINSV,2025-07-24,3241495321618.5,36.95090909090909,0.027062933622004622,4.477493530476629,,5173170521618.5,,
BAJAJFINSV_2025-09-30,BAJAJFINSV,2025-11-10,3415054690629.0005,122.44508670520231,0.008166926308832555,,11.296565967180612,,,
BAJAJFINSV_2025-12-31,BAJAJFINSV,2026-02-03,3213609521336.4,144.79856115107913,0.0069061459730709995,4.201325083411012,10.181158959863492,6414740121336.4,,
BAJAJFINSV_2026-03-31,BAJAJFINSV,2026-04-29,2849758282685.4,127.84057971014492,0.00782224237614783,,8.736377476276884,,,
BAJAJFINSV_2026-06-30,BAJAJFINSV,2026-07-30,3052621492859.2,120.84810126582279,0.00827485073845187,3.917883270667921,9.117051995320548,5712370292859.2,,
BAJFINANCE_2015-12-31,BAJFINANCE,2016-02-02,,,,,,,,
BAJFINANCE_2016-03-31,BAJFINANCE,2016-05-24,,,,,,,,
BAJFINANCE_2016-06-30,BAJFINANCE,2016-07-25,,,,,,,,
BAJFINANCE_2016-09-30,BAJFINANCE,2016-10-26,,,,,,,,
BAJFINANCE_2016-12-31,BAJFINANCE,2017-01-29,,,,,,,,
BAJFINANCE_2017-03-31,BAJFINANCE,2017-05-16,,,,,,,,
BAJFINANCE_2017-06-30,BAJFINANCE,2017-07-18,,,,,,,,
BAJFINANCE_2017-09-30,BAJFINANCE,2017-10-15,,,,,,,,
BAJFINANCE_2017-12-31,BAJFINANCE,2018-01-31,,,,,,,,
BAJFINANCE_2018-03-31,BAJFINANCE,2018-05-16,,,,,,,,
BAJFINANCE_2018-06-30,BAJFINANCE,2018-07-18,,,,,,,,
BAJFINANCE_2018-09-30,BAJFINANCE,2018-10-22,,,,,,,,
BAJFINANCE_2018-12-31,BAJFINANCE,2019-01-28,,,,,,,,
BAJFINANCE_2019-03-31,BAJFINANCE,2019-05-15,,,,,,,,
BAJFINANCE_2019-06-30,BAJFINANCE,2019-07-24,,,,,,,,
BAJFINANCE_2019-09-30,BAJFINANCE,2019-10-21,,,,,,,,
BAJFINANCE_2019-12-31,BAJFINANCE,2020-01-28,,,,,,,,
BAJFINANCE_2020-03-31,BAJFINANCE,2020-05-19,,,,,,,,
BAJFINANCE_2020-06-30,BAJFINANCE,2020-07-20,,,,,,,,
BAJFINANCE_2020-09-30,BAJFINANCE,2020-10-20,,,,,,,,
BAJFINANCE_2020-12-31,BAJFINANCE,2021-01-20,,,,,,,,
BAJFINANCE_2021-03-31,BAJFINANCE,2021-04-27,,,,,,,,
BAJFINANCE_2021-06-30,BAJFINANCE,2021-07-18,,,,,,,,
BAJFINANCE_2021-09-30,BAJFINANCE,2021-10-26,,,,,,,,
BAJFINANCE_2021-12-31,BAJFINANCE,2022-01-18,,,,,,,,
BAJFINANCE_2022-03-31,BAJFINANCE,2022-04-26,,,,,,,,
BAJFINANCE_2022-12-31,BAJFINANCE,2023-01-24,,,,,,,,
BAJFINANCE_2023-03-31,BAJFINANCE,2023-04-26,,,,,,,,
BAJFINANCE_2023-06-30,BAJFINANCE,2023-07-25,4597496955617.344,40.12475705708973,0.024922269275729055,8.455636442920314,,6214833855617.344,,
BAJFINANCE_2023-09-30,BAJFINANCE,2023-10-17,4891577719594.16,42.69135347327999,0.02342394697385006,8.996504669489985,,6508914619594.16,,
BAJFINANCE_2023-12-31,BAJFINANCE,2024-01-29,4346782943645.4883,37.93664493471244,0.026359737444388215,7.994527592420744,,5964119843645.488,,
BAJFINANCE_2024-03-31,BAJFINANCE,2024-04-25,4409189468331.328,38.48129926857493,0.025986648554162314,8.109304587273312,,6026526368331.328,,
BAJFINANCE_2024-06-30,BAJFINANCE,2024-07-23,41574015562561.0,285.0707687092127,0.00350790087853607,54.20669644582234,,43684702962561.0,,
BAJFINANCE_2024-09-30,BAJFINANCE,2024-10-22,41269955630989.0,282.9858462581575,0.0035337456385989606,53.81024485968054,,43380643030989.0,,
BAJFINANCE_2024-12-31,BAJFINANCE,2025-01-29,47955257073631.5,328.82659547419274,0.0030411165452050026,62.52694208140584,,50065944473631.5,,
BAJFINANCE_2025-03-31,BAJFINANCE,2025-04-29,,,,,,,,
BAJFINANCE_2025-06-30,BAJFINANCE,2025-07-23,6011326120612.0,36.10365398956003,0.027698027470825157,6.216928011974409,,8699512820612.0,,
BAJFINANCE_2025-09-30,BAJFINANCE,2025-11-10,6753744172595.0,143.7086092715232,0.00695852534562212,,57.763410553083794,,,
BAJFINANCE_2025-12-31,BAJFINANCE,2026-02-03,5993876158317.2,123.16730523627075,0.008119037743674824,5.807261550568158,48.59731467384804,9150220158317.2,,
BAJFINANCE_2026-03-31,BAJFINANCE,2026-04-29,5798433385440.0,145.7680250783699,0.006860215053763441,,45.06598810123001,,,
BAJFINANCE_2026-06-30,BAJFINANCE,2026-07-29,6556128808678.4,120.36529680365298,0.008308042488619119,5.75103962181289,49.808540285006224,10044434108678.4,,
BEL_2015-12-31,BEL,2016-01-26,,,,,,,,
BEL_2016-03-31,BEL,2016-05-25,,,,,,,,
BEL_2016-06-30,BEL,2016-08-03,,,,,,,,
BEL_2016-09-30,BEL,2016-10-27,,,,,,,,
BEL_2016-12-31,BEL,2017-01-24,,,,,,,,
BEL_2017-03-31,BEL,2017-05-29,,,,,,,,
BEL_2017-06-30,BEL,2017-07-31,,,,,,,,
BEL_2017-09-30,BEL,2017-10-30,,,,,,,,
BEL_2017-12-31,BEL,2018-01-30,,,,,,,,
BEL_2018-03-31,BEL,2018-05-29,,,,,,,,
BEL_2018-06-30,BEL,2018-07-30,,,,,,,,
BEL_2018-09-30,BEL,2018-10-24,,,,,,,,
BEL_2018-12-31,BEL,2019-01-30,,,,,,,,
BEL_2019-03-31,BEL,2019-05-29,,,,,,,,
BEL_2019-06-30,BEL,2019-07-29,,,,,,,,
BEL_2019-09-30,BEL,2019-11-04,,,,,,,,
BEL_2019-12-31,BEL,2020-01-30,,,,,,,,
BEL_2020-03-31,BEL,2020-06-29,,,,,,,,
BEL_2020-06-30,BEL,2020-07-27,,,,,,,,
BEL_2020-09-30,BEL,2020-11-04,,,,,,,,
BEL_2020-12-31,BEL,2021-01-28,,,,,,,,
BEL_2021-03-31,BEL,2021-06-22,,,,,,,,
BEL_2021-06-30,BEL,2021-08-04,,,,,,,,
BEL_2021-09-30,BEL,2021-10-27,,,,,,,,
BEL_2021-12-31,BEL,2022-01-26,,,,,,,,
BEL_2022-03-31,BEL,2022-05-23,,,,,,,,
BEL_2022-12-31,BEL,2023-01-24,,,,,,,,
BEL_2023-03-31,BEL,2023-05-17,,,,,,,,
BEL_2023-06-30,BEL,2023-07-27,930169355990.25,31.112469437652813,0.03214145383104126,6.71038944186398,,891325855990.25,,
BEL_2023-09-30,BEL,2023-10-25,959042960057.1254,32.078238862650906,0.03117378121291791,6.91868820663317,,920199460057.1254,,
BEL_2023-12-31,BEL,2024-01-28,1386665021553.6252,46.38141734675848,0.021560358807575085,10.00362166320718,,1347821521553.6252,,
BEL_2024-03-31,BEL,2024-05-20,1814287083050.1252,60.684595830866066,0.016478646455635928,13.08855511978119,,1775443583050.1252,,
BEL_2024-06-30,BEL,2024-07-26,2265300459107.0996,56.86238532110091,0.017586318167150696,13.875016823030943,,2253862359107.0996,,
BEL_2024-09-30,BEL,2024-10-24,1983508485249.1501,49.788990825688074,0.020084761378293715,12.149034575441908,,1972070385249.1501,,
BEL_2024-12-31,BEL,2025-01-29,1953172903108.7998,49.027522935779814,0.02039670658682635,11.963228445027003,,1941734803108.7998,,
BEL_2025-03-31,BEL,2025-05-19,2658932049048.75,66.74311926605505,0.014982817869415807,16.286019262270106,,2647493949048.75,,
BEL_2025-06-30,BEL,2025-07-28,2845331409188.25,133.76288659793815,0.0074759152215799615,14.24525422533242,31.097911591538526,2749968109188.25,91.33982493068888,
BEL_2025-09-30,BEL,2025-10-30,2989218864670.9,308.19548872180445,0.0032446938277628694,,67.3286918754454,,,
BEL_2025-12-31,BEL,2026-01-27,3033338830836.4497,312.7443609022556,0.003197499699483111,,68.32244299973534,,,
BEL_2026-03-31,BEL,2026-05-18,3118722499936.8003,197.5,0.005063291139240506,,43.59502225985728,,,
BEL_2026-06-30,BEL,2026-07-27,2976176450227.3496,133.93092105263156,0.007466535674812724,12.40677834423246,29.10848282229278,2890985850227.3496,93.50191953903263,
BHARTIARTL_2015-12-31,BHARTIARTL,2016-01-28,,,,,,,,
BHARTIARTL_2016-03-31,BHARTIARTL,2016-04-27,,,,,,,,
BHARTIARTL_2016-06-30,BHARTIARTL,2016-07-27,,,,,,,,
BHARTIARTL_2016-09-30,BHARTIARTL,2016-10-25,,,,,,,,
BHARTIARTL_2016-12-31,BHARTIARTL,2017-01-24,,,,,,,,
BHARTIARTL_2017-03-31,BHARTIARTL,2017-05-09,,,,,,,,
BHARTIARTL_2017-06-30,BHARTIARTL,2017-07-25,,,,,,,,
BHARTIARTL_2017-09-30,BHARTIARTL,2017-10-31,,,,,,,,
BHARTIARTL_2017-12-31,BHARTIARTL,2018-01-18,,,,,,,,
BHARTIARTL_2018-03-31,BHARTIARTL,2018-04-24,,,,,,,,
BHARTIARTL_2018-06-30,BHARTIARTL,2018-07-26,,,,,,,,
BHARTIARTL_2018-09-30,BHARTIARTL,2018-10-25,,,,,,,,
BHARTIARTL_2018-12-31,BHARTIARTL,2019-01-30,,,,,,,,
BHARTIARTL_2019-03-31,BHARTIARTL,2019-05-06,,,,,,,,
BHARTIARTL_2019-06-30,BHARTIARTL,2019-08-01,,,,,,,,
BHARTIARTL_2019-09-30,BHARTIARTL,2019-11-14,,,,,,,,
BHARTIARTL_2019-12-31,BHARTIARTL,2020-02-04,,,,,,,,
BHARTIARTL_2020-03-31,BHARTIARTL,2020-05-18,,,,,,,,
BHARTIARTL_2020-06-30,BHARTIARTL,2020-07-29,,,,,,,,
BHARTIARTL_2020-09-30,BHARTIARTL,2020-10-27,,,,,,,,
BHARTIARTL_2020-12-31,BHARTIARTL,2021-02-03,,,,,,,,
BHARTIARTL_2021-03-31,BHARTIARTL,2021-05-17,,,,,,,,
BHARTIARTL_2021-06-30,BHARTIARTL,2021-08-03,,,,,,,,
BHARTIARTL_2021-09-30,BHARTIARTL,2021-11-03,,,,,,,,
BHARTIARTL_2021-12-31,BHARTIARTL,2022-02-08,,,,,,,,
BHARTIARTL_2022-03-31,BHARTIARTL,2022-05-17,,,,,,,,
BHARTIARTL_2022-09-30,BHARTIARTL,2022-08-04,,,,,,,,
BHARTIARTL_2022-12-31,BHARTIARTL,2023-02-07,,,,,,,,
BHARTIARTL_2023-03-31,BHARTIARTL,2023-05-16,,,,,,,,
BHARTIARTL_2023-06-30,BHARTIARTL,2023-08-03,5199256091377.857,59.8284153882657,0.016714465751939883,6.703277071096951,,7387665091377.857,,
BHARTIARTL_2023-09-30,BHARTIARTL,2023-10-31,5453940381225.714,62.75909570446551,0.015933945331351337,7.031635461316834,,7642349381225.714,,
BHARTIARTL_2023-12-31,BHARTIARTL,2024-02-05,6641771014508.928,76.42759429156658,0.013084279431654768,8.563077211539188,,8830180014508.928,,
BHARTIARTL_2024-03-31,BHARTIARTL,2024-05-14,7660209657586.428,88.14688049609643,0.011344700962438312,9.876125902443603,,9848618657586.428,,
BHARTIARTL_2024-06-30,BHARTIARTL,2024-08-05,8859067049587.1,114.5078125,0.008733028587023265,10.801263917037435,,10945835049587.1,,
BHARTIARTL_2024-09-30,BHARTIARTL,2024-10-28,10053714386935.049,129.94921874999997,0.007695313674211683,12.257816972371028,,12140482386935.049,,
BHARTIARTL_2024-12-31,BHARTIARTL,2025-02-06,9790184794684.25,126.54296875,0.007902454082420126,11.936513085639207,,11876952794684.25,,
BHARTIARTL_2025-06-30,BHARTIARTL,2025-08-05,11764770768067.2,105.10337323177367,0.009514442488870484,10.349761698420805,24.573317782253394,13576643768067.2,49.527742275582405,45.47597348336586
BHARTIARTL_2025-09-30,BHARTIARTL,2025-11-03,12630976909274.0,209.49494949494948,0.0047733847637415625,10.550114521509544,25.53641925267576,14173673909274.0,49.85411307398796,41.15692154811696
BHARTIARTL_2025-12-31,BHARTIARTL,2026-02-05,,,,,,,,
BHARTIARTL_2026-03-31,BHARTIARTL,2026-05-13,10765236479482.8,162.35934664246824,0.006159177285937849,,19.942418304538585,,,
BHARTIARTL_2026-06-30,BHARTIARTL,2026-08-04,12001294155846.6,162.14814814814812,0.006167199634536319,8.051501346365473,21.669557114515953,13453429155846.6,45.92585856340454,41.91215515550038
CIPLA_2015-12-31,CIPLA,2016-02-10,,,,,,,,
CIPLA_2016-03-31,CIPLA,2016-05-24,,,,,,,,
CIPLA_2016-06-30,CIPLA,2016-08-10,,,,,,,,
CIPLA_2016-09-30,CIPLA,2016-11-09,,,,,,,,
CIPLA_2016-12-31,CIPLA,2017-02-08,,,,,,,,
CIPLA_2017-03-31,CIPLA,2017-05-25,,,,,,,,
CIPLA_2017-06-30,CIPLA,2017-08-09,,,,,,,,
CIPLA_2017-09-30,CIPLA,2017-11-06,,,,,,,,
CIPLA_2017-12-31,CIPLA,2018-02-07,,,,,,,,
CIPLA_2018-03-31,CIPLA,2018-05-22,,,,,,,,
CIPLA_2018-06-30,CIPLA,2018-08-08,,,,,,,,
CIPLA_2018-09-30,CIPLA,2018-11-04,,,,,,,,
CIPLA_2018-12-31,CIPLA,2019-02-05,,,,,,,,
CIPLA_2019-03-31,CIPLA,2019-05-21,,,,,,,,
CIPLA_2019-06-30,CIPLA,2019-08-07,,,,,,,,
CIPLA_2019-09-30,CIPLA,2019-11-06,,,,,,,,
CIPLA_2019-12-31,CIPLA,2020-02-04,,,,,,,,
CIPLA_2020-03-31,CIPLA,2020-05-13,,,,,,,,
CIPLA_2020-06-30,CIPLA,2020-08-05,,,,,,,,
CIPLA_2020-09-30,CIPLA,2020-11-04,,,,,,,,
CIPLA_2020-12-31,CIPLA,2021-01-27,,,,,,,,
CIPLA_2021-03-31,CIPLA,2021-05-11,,,,,,,,
CIPLA_2021-06-30,CIPLA,2021-08-05,,,,,,,,
CIPLA_2021-09-30,CIPLA,2021-10-26,,,,,,,,
CIPLA_2021-12-31,CIPLA,2022-01-23,,,,,,,,
CIPLA_2022-03-31,CIPLA,2022-05-10,,,,,,,,
CIPLA_2022-12-31,CIPLA,2023-01-23,,,,,,,,
CIPLA_2023-03-31,CIPLA,2023-05-10,,,,,,,,
CIPLA_2023-06-30,CIPLA,2023-07-25,851342087966.75,30.405015854713177,0.032889310263095516,3.6370048247495066,,853096987966.75,,
CIPLA_2023-09-30,CIPLA,2023-10-25,934236414456.2,33.36552179797852,0.0299710583294575,3.9911363420888266,,935991314456.2,,
CIPLA_2023-12-31,CIPLA,2024-01-22,1071855590562.7,38.28048288186437,0.026122972457950797,4.579057008237005,,1073610490562.7,,
CIPLA_2024-03-31,CIPLA,2024-05-08,1117701783656.75,39.91784375900836,0.02505145333092616,4.774915791487915,,1119456683656.75,,
CIPLA_2024-06-30,CIPLA,2024-07-25,1211090961353.0999,29.40697902372084,0.03400553314889503,4.5348291080204275,,1210284361353.0999,,
CIPLA_2024-09-30,CIPLA,2024-10-28,1213593799245.3,29.467751421289947,0.0339354023217909,4.544200775788078,,1212787199245.3,,
CIPLA_2024-12-31,CIPLA,2025-01-27,1127165155258.2,27.369143305234267,0.036537497313945996,4.220575925940682,,1126358555258.2,,
CIPLA_2025-06-30,CIPLA,2025-07-24,1201653512848.0,98.40608465608467,0.010161973250890514,3.8522622949625647,18.213163226811687,1099942612848.0,60.203202586026656,
CIPLA_2025-09-30,CIPLA,2025-10-29,1277501233521.5,98.44956413449565,0.010157485295047751,,18.685004527127237,,,
CIPLA_2025-12-31,CIPLA,2026-01-22,1107259307076.0,85.33001245330014,0.01171920607122008,,16.195009932309887,,,
CIPLA_2026-03-31,CIPLA,2026-05-12,1044660694113.7999,154.58133971291866,0.006469086125512652,,15.003090550638591,,,
CIPLA_2026-06-30,CIPLA,2026-07-22,1143093201128.0999,206.28279883381921,0.004847713942477564,3.319861933837903,17.683280083537788,1048949701128.0999,95.09021775961598,
COALINDIA_2015-12-31,COALINDIA,2016-02-11,,,,,,,,
COALINDIA_2016-03-31,COALINDIA,2016-05-26,,,,,,,,
COALINDIA_2016-06-30,COALINDIA,2016-09-13,,,,,,,,
COALINDIA_2016-09-30,COALINDIA,2016-12-13,,,,,,,,
COALINDIA_2016-12-31,COALINDIA,2017-02-08,,,,,,,,
COALINDIA_2017-03-31,COALINDIA,2017-05-29,,,,,,,,
COALINDIA_2017-06-30,COALINDIA,2017-08-10,,,,,,,,
COALINDIA_2017-09-30,COALINDIA,2017-11-08,,,,,,,,
COALINDIA_2017-12-31,COALINDIA,2018-02-07,,,,,,,,
COALINDIA_2018-03-31,COALINDIA,2018-05-28,,,,,,,,
COALINDIA_2018-06-30,COALINDIA,2018-08-08,,,,,,,,
COALINDIA_2018-09-30,COALINDIA,2018-11-12,,,,,,,,
COALINDIA_2018-12-31,COALINDIA,2019-02-10,,,,,,,,
COALINDIA_2019-03-31,COALINDIA,2019-05-30,,,,,,,,
COALINDIA_2019-06-30,COALINDIA,2019-08-13,,,,,,,,
COALINDIA_2019-09-30,COALINDIA,2019-11-07,,,,,,,,
COALINDIA_2019-12-31,COALINDIA,2020-02-11,,,,,,,,
COALINDIA_2020-03-31,COALINDIA,2020-06-24,,,,,,,,
COALINDIA_2020-06-30,COALINDIA,2020-09-02,,,,,,,,
COALINDIA_2020-09-30,COALINDIA,2020-11-11,,,,,,,,
COALINDIA_2020-12-31,COALINDIA,2021-02-10,,,,,,,,
COALINDIA_2021-03-31,COALINDIA,2021-06-14,,,,,,,,
COALINDIA_2021-06-30,COALINDIA,2021-08-09,,,,,,,,
COALINDIA_2021-09-30,COALINDIA,2021-11-10,,,,,,,,
COALINDIA_2021-12-31,COALINDIA,2022-02-14,,,,,,,,
COALINDIA_2022-03-31,COALINDIA,2022-05-25,,,,,,,,
COALINDIA_2022-09-30,COALINDIA,2022-08-10,,,,,,,,
COALINDIA_2022-12-31,COALINDIA,2023-01-31,,,,,,,,
COALINDIA_2023-03-31,COALINDIA,2023-05-04,,,,,,,,
COALINDIA_2023-06-30,COALINDIA,2023-08-08,1418968197291.75,4.467403958090803,0.22384364820846905,2.3321825515170787,,1406008097291.75,,
COALINDIA_2023-09-30,COALINDIA,2023-11-08,1956049933375.4915,6.158323513707496,0.16238185567454377,3.214917383787223,,1943089833375.4915,,
COALINDIA_2023-12-31,COALINDIA,2024-02-12,2667228744696.983,8.397361035952052,0.11908503108520031,4.383794049196814,,2654268644696.983,,
COALINDIA_2024-03-31,COALINDIA,2024-05-02,2797262350010.991,8.806751918829733,0.11354924144756458,4.597514205859237,,2784302250010.991,,
COALINDIA_2024-06-30,COALINDIA,2024-07-31,3218176732359.4004,8.604382929642446,0.11621983914209115,3.7773109140207777,,3223319932359.4004,,
COALINDIA_2024-09-30,COALINDIA,2024-10-25,2841634031579.7,7.597627286208602,0.13162003903708522,3.3353467300937965,,2846777231579.7,,
COALINDIA_2024-12-31,COALINDIA,2025-01-27,2315645168870.25,6.191300049431537,0.16151696606786428,2.7179712293054523,,2320788368870.25,,
COALINDIA_2025-03-31,COALINDIA,2025-05-07,2362173767739.1,6.315702751688911,0.15833550743542915,2.772583824864351,,2367316967739.1,,
COALINDIA_2025-06-30,COALINDIA,2025-07-31,2319342805866.45,23.789506953223768,0.04203533944466587,2.2801174886851023,5.275842817830965,2012136705866.4502,15.115686536582812,
COALINDIA_2025-09-30,COALINDIA,2025-10-28,2412869915983.1997,27.428170988086894,0.03645886561062851,,5.621889308242464,,,
COALINDIA_2025-12-31,COALINDIA,2026-02-12,2583940790200.1997,29.37281009110021,0.03404509125611357,,6.020477525676619,,,
COALINDIA_2026-03-31,COALINDIA,2026-04-27,2789617678517.5,38.97502153316107,0.02565745856353591,,9.051860245165432,,,
COALINDIA_2026-09-30,COALINDIA,2026-07-27,2634566359792.5,24.303581580443435,0.041146198830409354,2.2120334610163797,5.666949149726296,2173798759792.5,14.520742802699345,
DRREDDY_2015-12-31,DRREDDY,2016-02-08,,,,,,,,
DRREDDY_2016-03-31,DRREDDY,2016-05-11,,,,,,,,
DRREDDY_2016-06-30,DRREDDY,2016-07-25,,,,,,,,
DRREDDY_2016-09-30,DRREDDY,2016-11-06,,,,,,,,
DRREDDY_2016-12-31,DRREDDY,2017-02-01,,,,,,,,
DRREDDY_2017-03-31,DRREDDY,2017-05-10,,,,,,,,
DRREDDY_2017-06-30,DRREDDY,2017-07-26,,,,,,,,
DRREDDY_2017-09-30,DRREDDY,2017-10-30,,,,,,,,
DRREDDY_2017-12-31,DRREDDY,2018-01-23,,,,,,,,
DRREDDY_2018-03-31,DRREDDY,2018-05-21,,,,,,,,
DRREDDY_2018-06-30,DRREDDY,2018-07-25,,,,,,,,
DRREDDY_2018-09-30,DRREDDY,2018-10-24,,,,,,,,
DRREDDY_2018-12-31,DRREDDY,2019-01-30,,,,,,,,
DRREDDY_2019-03-31,DRREDDY,2019-05-15,,,,,,,,
DRREDDY_2019-06-30,DRREDDY,2019-07-29,,,,,,,,
DRREDDY_2019-09-30,DRREDDY,2019-10-30,,,,,,,,
DRREDDY_2019-12-31,DRREDDY,2020-01-26,,,,,,,,
DRREDDY_2020-03-31,DRREDDY,2020-05-19,,,,,,,,
DRREDDY_2020-06-30,DRREDDY,2020-07-28,,,,,,,,
DRREDDY_2020-09-30,DRREDDY,2020-10-27,,,,,,,,
DRREDDY_2020-12-31,DRREDDY,2021-01-27,,,,,,,,
DRREDDY_2021-03-31,DRREDDY,2021-05-11,,,,,,,,
DRREDDY_2021-06-30,DRREDDY,2021-07-26,,,,,,,,
DRREDDY_2021-09-30,DRREDDY,2021-10-27,,,,,,,,
DRREDDY_2021-12-31,DRREDDY,2022-01-26,,,,,,,,
DRREDDY_2022-03-31,DRREDDY,2022-05-18,,,,,,,,
DRREDDY_2022-06-30,DRREDDY,2022-07-28,,,,,,,,
DRREDDY_2022-09-30,DRREDDY,2022-10-26,,,,,,,,
DRREDDY_2022-12-31,DRREDDY,2023-01-23,,,,,,,,
DRREDDY_2023-03-31,DRREDDY,2023-05-10,,,,,,,,
DRREDDY_2023-06-30,DRREDDY,2023-07-26,909816113632.3608,20.21654061072203,0.04946444692271638,3.9387513523572815,,917509113632.3608,,
DRREDDY_2023-09-30,DRREDDY,2023-10-25,916163312964.4434,20.35757835575503,0.04912175616002493,3.966229476319178,,923856312964.4434,,
DRREDDY_2023-12-31,DRREDDY,2024-01-30,970513115096.6699,21.56525644094979,0.04637088377493727,4.201519172161123,,978206115096.6699,,
DRREDDY_2024-03-31,DRREDDY,2024-05-07,1039742382389.4434,23.10356321822503,0.043283366749729726,4.501224646802011,,1047435382389.4434,,
DRREDDY_2024-06-30,DRREDDY,2024-07-25,5706264724350.0,102.41190711019455,0.00976448958150937,20.339564157369455,,5719177724350.0,,
DRREDDY_2024-09-30,DRREDDY,2024-11-05,1059287629475.0,19.011327296093725,0.052600220091180636,3.7757534467118163,,1072200629475.0,,
DRREDDY_2024-12-31,DRREDDY,2025-01-23,1073609078325.0001,19.26835828924953,0.05189855746859004,3.8268012059347716,,1086522078325.0001,,
DRREDDY_2025-06-30,DRREDDY,2025-07-23,1039478253660.0001,65.30890052356021,0.015311848645181978,3.117923421538868,,1071590253660.0001,,
DRREDDY_2025-09-30,DRREDDY,2025-10-24,1068431223059.9999,75.41715628672151,0.013259582424431286,3.052146132680491,12.503291006178905,1050387223060.0,42.62589169142115,73.03515093717957
DRREDDY_2025-12-31,DRREDDY,2026-01-21,963386745662.0,,,2.6873537142339097,10.941235711826101,952114745662.0,39.16878170404805,61.862630556861234
DRREDDY_2026-03-31,DRREDDY,2026-05-12,1057361601300.0,87.46556473829202,0.011433070866141731,2.839576119463109,12.116257978869688,1042504601300.0,48.29540448902066,96.93450690319033
DRREDDY_2026-06-30,DRREDDY,2026-07-22,984907382006.0,446.33962264150944,0.002240446398376733,2.6120499280120297,13.103794231207258,974434382006.0,112.91244287439166,62.95349197865133
EICHERMOT_2015-12-31,EICHERMOT,2016-02-03,,,,,,,,
EICHERMOT_2016-03-31,EICHERMOT,2016-05-04,,,,,,,,
EICHERMOT_2016-06-30,EICHERMOT,2016-07-28,,,,,,,,
EICHERMOT_2016-09-30,EICHERMOT,2016-10-26,,,,,,,,
EICHERMOT_2016-12-31,EICHERMOT,2017-01-31,,,,,,,,
EICHERMOT_2017-03-31,EICHERMOT,2017-05-03,,,,,,,,
EICHERMOT_2017-06-30,EICHERMOT,2017-08-09,,,,,,,,
EICHERMOT_2017-09-30,EICHERMOT,2017-11-13,,,,,,,,
EICHERMOT_2017-12-31,EICHERMOT,2018-02-06,,,,,,,,
EICHERMOT_2018-03-31,EICHERMOT,2018-05-09,,,,,,,,
EICHERMOT_2018-06-30,EICHERMOT,2018-08-09,,,,,,,,
EICHERMOT_2018-09-30,EICHERMOT,2018-11-12,,,,,,,,
EICHERMOT_2018-12-31,EICHERMOT,2019-02-10,,,,,,,,
EICHERMOT_2019-03-31,EICHERMOT,2019-05-08,,,,,,,,
EICHERMOT_2019-06-30,EICHERMOT,2019-07-31,,,,,,,,
EICHERMOT_2019-09-30,EICHERMOT,2019-11-06,,,,,,,,
EICHERMOT_2019-12-31,EICHERMOT,2020-02-05,,,,,,,,
EICHERMOT_2020-03-31,EICHERMOT,2020-06-10,,,,,,,,
EICHERMOT_2020-06-30,EICHERMOT,2020-08-13,,,,,,,,
EICHERMOT_2020-09-30,EICHERMOT,2020-11-12,,,,,,,,
EICHERMOT_2020-12-31,EICHERMOT,2021-02-09,,,,,,,,
EICHERMOT_2021-03-31,EICHERMOT,2021-05-27,,,,,,,,
EICHERMOT_2021-06-30,EICHERMOT,2021-08-12,,,,,,,,
EICHERMOT_2021-09-30,EICHERMOT,2021-11-03,,,,,,,,
EICHERMOT_2021-12-31,EICHERMOT,2022-02-14,,,,,,,,
EICHERMOT_2022-03-31,EICHERMOT,2022-05-11,,,,,,,,
EICHERMOT_2022-06-30,EICHERMOT,2022-08-10,,,,,,,,
EICHERMOT_2022-12-31,EICHERMOT,2023-02-13,,,,,,,,
EICHERMOT_2023-03-31,EICHERMOT,2023-05-11,,,,,,,,
EICHERMOT_2023-06-30,EICHERMOT,2023-08-03,924867126152.0068,31.770069102950508,0.03147616697840702,6.169778857713177,,926863126152.0068,,
EICHERMOT_2023-09-30,EICHERMOT,2023-11-08,971552460447.9932,33.37375492412225,0.029963664630293336,6.481216231104376,,973548460447.9932,,
EICHERMOT_2023-12-31,EICHERMOT,2024-02-12,1059545795320.9863,36.39641001744924,0.027475237242370276,7.068218841282393,,1061541795320.9863,,
EICHERMOT_2024-03-31,EICHERMOT,2024-05-08,1258834044085.9863,43.242151698216304,0.023125583735493185,8.39766864985835,,1260830044085.9863,,
EICHERMOT_2024-06-30,EICHERMOT,2024-08-08,1253180987947.0,31.36581688596491,0.03188184142104918,6.944550744405955,,1256303287947.0,,
EICHERMOT_2024-09-30,EICHERMOT,2024-11-13,1256411894381.0,31.44668311403509,0.03179985616841371,6.96245493693452,,1259534194381.0,,
EICHERMOT_2024-12-31,EICHERMOT,2025-02-10,1460848868020.5,36.56352796052632,0.027349658410413556,8.095350305701745,,1463971168020.5,,
EICHERMOT_2025-06-30,EICHERMOT,2025-07-31,1499266271480.0,31.725358240993213,0.03152052665264698,7.039968893841191,,1464629271480.0,,
EICHERMOT_2025-09-30,EICHERMOT,2025-11-12,1888974342423.0,156.73274094326726,0.006380287832533798,,38.19489452127337,,,
EICHERMOT_2025-12-31,EICHERMOT,2026-02-10,2001132215040.0,146.35907723169507,0.006832510964912281,9.060607953520025,32.96111989642887,1956885515040.0,97.95545519364478,
EICHERMOT_2026-03-31,EICHERMOT,2026-05-22,1918373058305.5,135.03868471953578,0.007405285397120963,,31.973790229148157,,,
EICHERMOT_2026-06-30,EICHERMOT,2026-07-29,2133890192916.0,140.66907775768536,0.007108882889831598,8.501503747650911,35.797940806484895,2078232192916.0,94.95237801791923,
ETERNAL_2021-06-30,ETERNAL,2021-08-10,,,,,,,,
ETERNAL_2021-09-30,ETERNAL,2021-11-10,,,,,,,,
ETERNAL_2021-12-31,ETERNAL,2022-02-10,,,,,,,,
ETERNAL_2022-03-31,ETERNAL,2022-05-23,,,,,,,,
ETERNAL_2022-12-31,ETERNAL,2023-02-09,,,,,,,,
ETERNAL_2023-03-31,ETERNAL,2023-05-17,,,,,,,,
ETERNAL_2023-06-30,ETERNAL,2023-08-02,711356134400.4773,-70.87500254313152,-0.01410934693641023,3.655478594041507,,714246134400.4773,,
ETERNAL_2023-09-30,ETERNAL,2023-11-01,867344224803.2727,-86.41666412353516,-0.011571842192039149,4.457061792411474,,870234224803.2727,,
ETERNAL_2023-12-31,ETERNAL,2024-02-07,1174302096935.5454,-116.99999491373698,-0.008547008918566969,6.034440374797253,,1177192096935.5454,,
ETERNAL_2024-03-31,ETERNAL,2024-05-12,1683668276161.7273,-167.75000254313153,-0.005961251772517154,8.651943865168178,,1686558276161.7273,,
ETERNAL_2024-06-30,ETERNAL,2024-07-31,1801760601813.7466,518.9250183105469,0.0019270606825927928,8.82653506007812,,1806160601813.7466,,
ETERNAL_2024-09-30,ETERNAL,2024-10-21,1801760601813.7466,518.9250183105469,0.0019270606825927928,8.82653506007812,,1806160601813.7466,,
ETERNAL_2024-12-31,ETERNAL,2025-01-17,1801760601813.7466,518.9250183105469,0.0019270606825927928,8.82653506007812,,1806160601813.7466,,
GRASIM_2015-12-31,GRASIM,2016-01-27,,,,,,,,
GRASIM_2016-03-31,GRASIM,2016-05-04,,,,,,,,
GRASIM_2016-06-30,GRASIM,2016-08-10,,,,,,,,
GRASIM_2016-09-30,GRASIM,2016-10-26,,,,,,,,
GRASIM_2016-12-31,GRASIM,2017-01-29,,,,,,,,
GRASIM_2017-03-31,GRASIM,2017-05-17,,,,,,,,
GRASIM_2017-06-30,GRASIM,2017-08-10,,,,,,,,
GRASIM_2017-09-30,GRASIM,2017-11-13,,,,,,,,
GRASIM_2017-12-31,GRASIM,2018-02-13,,,,,,,,
GRASIM_2018-03-31,GRASIM,2018-05-22,,,,,,,,
GRASIM_2018-06-30,GRASIM,2018-08-12,,,,,,,,
GRASIM_2018-09-30,GRASIM,2018-11-14,,,,,,,,
GRASIM_2018-12-31,GRASIM,2019-02-06,,,,,,,,
GRASIM_2019-03-31,GRASIM,2019-05-22,,,,,,,,
GRASIM_2019-06-30,GRASIM,2019-08-12,,,,,,,,
GRASIM_2019-09-30,GRASIM,2019-11-13,,,,,,,,
GRASIM_2019-12-31,GRASIM,2020-02-09,,,,,,,,
GRASIM_2020-03-31,GRASIM,2020-06-10,,,,,,,,
GRASIM_2020-06-30,GRASIM,2020-08-12,,,,,,,,
GRASIM_2020-09-30,GRASIM,2020-11-12,,,,,,,,
GRASIM_2020-12-31,GRASIM,2021-02-10,,,,,,,,
GRASIM_2021-03-31,GRASIM,2021-05-24,,,,,,,,
GRASIM_2021-06-30,GRASIM,2021-08-11,,,,,,,,
GRASIM_2021-09-30,GRASIM,2021-11-10,,,,,,,,
GRASIM_2021-12-31,GRASIM,2022-02-13,,,,,,,,
GRASIM_2022-03-31,GRASIM,2022-05-24,,,,,,,,
GRASIM_2022-06-30,GRASIM,2022-08-10,,,,,,,,
GRASIM_2022-09-30,GRASIM,2022-11-13,,,,,,,,
GRASIM_2022-12-31,GRASIM,2023-02-13,,,,,,,,
GRASIM_2023-03-31,GRASIM,2023-05-24,,,,,,,,
GRASIM_2023-06-30,GRASIM,2023-08-09,1215235227612.2612,17.766892162281337,0.05628446387055665,1.5433128215482759,,2222383327612.261,,
GRASIM_2023-09-30,GRASIM,2023-11-09,1274066193078.5562,18.62700829082403,0.05368548638551991,1.6180264088811522,,2281214293078.556,,
GRASIM_2023-12-31,GRASIM,2024-02-07,1395807478296.5,20.406881221610128,0.04900307838029837,1.7726342429198196,,2402955578296.5,,
GRASIM_2024-03-31,GRASIM,2024-05-22,1610747883344.4673,23.549337028546923,0.042464040443592206,2.045602204547367,,2617895983344.4673,,
GRASIM_2024-06-30,GRASIM,2024-08-08,1726364749270.75,29.88432178508514,0.033462362210913095,1.947341244310081,,3073927349270.75,,
GRASIM_2024-09-30,GRASIM,2024-11-14,1712321265762.2498,29.6412213740458,0.033736801442183884,1.9315001802119853,,3059883865762.25,,
GRASIM_2024-12-31,GRASIM,2025-02-10,1677924907603.75,29.045801526717554,0.03442838370565046,1.8927010522036065,,3025487507603.75,,
GRASIM_2025-03-31,GRASIM,2025-05-22,,,,,,,,
GRASIM_2025-06-30,GRASIM,2025-08-07,1861642244782.0999,123.64578639026587,0.008087618908772826,1.909195924100826,4.205460750862149,3442561344782.0996,51.77733877165585,
GRASIM_2025-09-30,GRASIM,2025-11-03,1970073622284.2,138.68483978957437,0.007210593468740301,,4.910687705603558,,,
GRASIM_2025-12-31,GRASIM,2026-02-10,2003944372523.9001,,,,,,,
GRASIM_2026-03-31,GRASIM,2026-05-19,1993839427732.7998,192.34600262123197,0.005198964295448351,,4.49955040981658,,,
GRASIM_2026-06-30,GRASIM,2026-08-11,2253291309305.4,115.19417475728154,0.008680994521702488,2.1777259606515593,4.409476250722147,4214176309305.4004,52.400333603639275,
HCLTECH_2015-12-31,HCLTECH,2016-01-18,,,,,,,,
HCLTECH_2016-03-31,HCLTECH,2016-04-27,,,,,,,,
HCLTECH_2016-06-30,HCLTECH,2016-08-02,,,,,,,,
HCLTECH_2016-09-30,HCLTECH,2016-10-19,,,,,,,,
HCLTECH_2016-12-31,HCLTECH,2017-01-23,,,,,,,,
HCLTECH_2017-03-31,HCLTECH,2017-05-10,,,,,,,,
HCLTECH_2017-06-30,HCLTECH,2017-07-26,,,,,,,,
HCLTECH_2017-09-30,HCLTECH,2017-10-24,,,,,,,,
HCLTECH_2017-12-31,HCLTECH,2018-01-17,,,,,,,,
HCLTECH_2018-03-31,HCLTECH,2018-05-01,,,,,,,,
HCLTECH_2018-06-30,HCLTECH,2018-07-25,,,,,,,,
HCLTECH_2018-09-30,HCLTECH,2018-10-23,,,,,,,,
HCLTECH_2018-12-31,HCLTECH,2019-01-29,,,,,,,,
HCLTECH_2019-03-31,HCLTECH,2019-05-09,,,,,,,,
HCLTECH_2019-06-30,HCLTECH,2019-08-07,,,,,,,,
HCLTECH_2019-09-30,HCLTECH,2019-10-23,,,,,,,,
HCLTECH_2019-12-31,HCLTECH,2020-01-15,,,,,,,,
HCLTECH_2020-03-31,HCLTECH,2020-05-06,,,,,,,,
HCLTECH_2020-06-30,HCLTECH,2020-07-15,,,,,,,,
HCLTECH_2020-09-30,HCLTECH,2020-10-14,,,,,,,,
HCLTECH_2020-12-31,HCLTECH,2021-01-13,,,,,,,,
HCLTECH_2021-03-31,HCLTECH,2021-04-21,,,,,,,,
HCLTECH_2021-06-30,HCLTECH,2021-07-19,,,,,,,,
HCLTECH_2021-09-30,HCLTECH,2021-10-12,,,,,,,,
HCLTECH_2021-12-31,HCLTECH,2022-01-12,,,,,,,,
HCLTECH_2022-03-31,HCLTECH,2022-04-21,,,,,,,,
HCLTECH_2022-06-30,HCLTECH,2022-07-12,,,,,,,,
HCLTECH_2022-12-31,HCLTECH,2023-01-12,,,,,,,,
HCLTECH_2023-03-31,HCLTECH,2023-04-20,,,,,,,,
HCLTECH_2023-06-30,HCLTECH,2023-07-12,3006664269644.204,20.26921060098786,0.049335912467714106,4.596994525868364,,2963954269644.204,,
HCLTECH_2023-09-30,HCLTECH,2023-10-12,3313137848996.25,22.33528016061325,0.04477221654749745,5.065572737552557,,3270427848996.25,,
HCLTECH_2023-12-31,HCLTECH,2024-01-10,4039659165352.523,27.23307128282419,0.03672005957810189,6.176376676634084,,3996949165352.523,,
HCLTECH_2024-03-31,HCLTECH,2024-04-24,4004869591932.75,26.99853987954006,0.037039040054081464,6.123185676833193,,3962159591932.75,,
HCLTECH_2024-06-30,HCLTECH,2024-07-12,4225006804623.4,26.96508814379537,0.037084989103961026,6.189307244954661,,4188156804623.4,,
HCLTECH_2024-09-30,HCLTECH,2024-10-14,5025759600500.3,32.075699965433806,0.03117624872029743,7.362347978407484,,4988909600500.3,,
HCLTECH_2024-12-31,HCLTECH,2025-01-13,5387276334519.8,34.38299343242309,0.029084145973660398,7.891941951745163,,5350426334519.8,,
HCLTECH_2025-06-30,HCLTECH,2025-07-14,4387894026461.4,102.00251889168764,0.009803679466600816,6.299467412908477,14.507353125905574,4160484026461.4004,60.027182606570484,
HCLTECH_2025-09-30,HCLTECH,2025-10-13,4053727664430.3003,105.4834156669019,0.009480163243460226,,13.35703866496524,,,
HCLTECH_2025-12-31,HCLTECH,2026-01-12,,,,,,,,
HCLTECH_2026-03-31,HCLTECH,2026-04-21,3903210099897.6,95.76079734219269,0.010442686650013877,,11.523411962380727,,,
HCLTECH_2026-06-30,HCLTECH,2026-07-13,3304282311136.8003,73.74396135265701,0.013560432361611528,4.3960384635625624,9.723911336149026,3050282311136.8003,43.36483240171738,
HDFCBANK_2015-12-31,HDFCBANK,2016-01-21,,,,,,,,
HDFCBANK_2016-03-31,HDFCBANK,2016-04-20,,,,,,,,
HDFCBANK_2016-06-30,HDFCBANK,2016-07-20,,,,,,,,
HDFCBANK_2016-09-30,HDFCBANK,2016-10-24,,,,,,,,
HDFCBANK_2016-12-31,HDFCBANK,2017-01-23,,,,,,,,
HDFCBANK_2017-03-31,HDFCBANK,2017-04-19,,,,,,,,
HDFCBANK_2017-06-30,HDFCBANK,2017-07-23,,,,,,,,
HDFCBANK_2017-09-30,HDFCBANK,2017-10-23,,,,,,,,
HDFCBANK_2017-12-31,HDFCBANK,2018-01-17,,,,,,,,
HDFCBANK_2018-03-31,HDFCBANK,2018-04-18,,,,,,,,
HDFCBANK_2018-06-30,HDFCBANK,2018-07-18,,,,,,,,
HDFCBANK_2018-09-30,HDFCBANK,2018-10-16,,,,,,,,
HDFCBANK_2018-12-31,HDFCBANK,2019-01-16,,,,,,,,
HDFCBANK_2019-03-31,HDFCBANK,2019-04-15,,,,,,,,
HDFCBANK_2019-06-30,HDFCBANK,2019-07-21,,,,,,,,
HDFCBANK_2019-09-30,HDFCBANK,2019-10-16,,,,,,,,
HDFCBANK_2019-12-31,HDFCBANK,2020-01-15,,,,,,,,
HDFCBANK_2020-03-31,HDFCBANK,2020-04-15,,,,,,,,
HDFCBANK_2020-06-30,HDFCBANK,2020-07-15,,,,,,,,
HDFCBANK_2020-09-30,HDFCBANK,2020-10-14,,,,,,,,
HDFCBANK_2020-12-31,HDFCBANK,2021-01-13,,,,,,,,
HDFCBANK_2021-03-31,HDFCBANK,2021-04-14,,,,,,,,
HDFCBANK_2021-06-30,HDFCBANK,2021-07-14,,,,,,,,
HDFCBANK_2021-09-30,HDFCBANK,2021-10-12,,,,,,,,
HDFCBANK_2022-03-31,HDFCBANK,2022-04-11,,,,,,,,
HDFCBANK_2022-12-31,HDFCBANK,2023-01-11,,,,,,,,
HDFCBANK_2023-03-31,HDFCBANK,2023-04-11,,,,,,,,
HDFCBANK_2023-06-30,HDFCBANK,2023-07-16,9175887011577.0,9.272101939557961,0.10785041045910611,3.150842938667311,,9963759611577.0,,
HDFCBANK_2023-09-30,HDFCBANK,2023-10-16,8534774429241.411,8.624266889862074,0.11595188469590517,2.930695823691482,,9322647029241.41,,
HDFCBANK_2023-12-31,HDFCBANK,2024-01-16,9369225235336.09,9.467467435803238,0.1056248681900175,3.2172319838176295,,10157097835336.09,,
HDFCBANK_2024-03-31,HDFCBANK,2024-04-17,8421226799770.5,8.509528642309427,0.11751532217989068,2.8917055063445662,,9209099399770.5,,
HDFCBANK_2024-06-30,HDFCBANK,2024-07-18,24534943805759.2,36.56702898550725,0.027347039881099825,3.531565794028823,,29202522605759.2,,
HDFCBANK_2024-09-30,HDFCBANK,2024-10-17,25421501875530.1,37.88836050724638,0.02639332994650808,3.6591771787709475,,30089080675530.1,,
HDFCBANK_2024-12-31,HDFCBANK,2025-01-21,24954292609969.6,37.19202898550725,0.026887481734047734,3.591926963161345,,29621871409969.6,,
HDFCBANK_2025-06-30,HDFCBANK,2025-07-17,30408330659349.0,44.33065595716198,0.022557753284010267,3.96102133988101,31.90603504080283,34512113659349.0,,
HDFCBANK_2025-09-30,HDFCBANK,2025-10-16,15249145922679.9,94.16193181818181,0.010620003017046312,2.810208236239943,17.867344378056103,19099146222679.9,,
HDFCBANK_2025-12-31,HDFCBANK,2026-01-14,14218298355740.25,,,1.7989601317325694,,18685968255740.25,,
HDFCBANK_2026-03-31,HDFCBANK,2026-04-16,12221022666890.25,,,1.5462562394366766,,16688692566890.25,,
HDFCBANK_2026-06-30,HDFCBANK,2026-07-16,12442372673924.6,17.66775956284153,0.056600272176172216,1.5234198615192092,,15435339173924.602,,
HDFCLIFE_2017-12-31,HDFCLIFE,2018-01-17,,,,,,,,
HDFCLIFE_2018-03-31,HDFCLIFE,2018-04-18,,,,,,,,
HDFCLIFE_2018-06-30,HDFCLIFE,2018-07-18,,,,,,,,
HDFCLIFE_2018-09-30,HDFCLIFE,2018-10-23,,,,,,,,
HDFCLIFE_2018-12-31,HDFCLIFE,2019-01-22,,,,,,,,
HDFCLIFE_2019-03-31,HDFCLIFE,2019-04-24,,,,,,,,
HDFCLIFE_2019-06-30,HDFCLIFE,2019-07-22,,,,,,,,
HDFCLIFE_2019-09-30,HDFCLIFE,2019-10-22,,,,,,,,
HDFCLIFE_2019-12-31,HDFCLIFE,2020-01-22,,,,,,,,
HDFCLIFE_2020-03-31,HDFCLIFE,2020-04-27,,,,,,,,
HDFCLIFE_2020-06-30,HDFCLIFE,2020-07-20,,,,,,,,
HDFCLIFE_2020-09-30,HDFCLIFE,2020-10-19,,,,,,,,
HDFCLIFE_2020-12-31,HDFCLIFE,2021-01-20,,,,,,,,
HDFCLIFE_2021-03-31,HDFCLIFE,2021-04-26,,,,,,,,
HDFCLIFE_2021-06-30,HDFCLIFE,2021-07-18,,,,,,,,
HDFCLIFE_2021-09-30,HDFCLIFE,2021-10-20,,,,,,,,
HDFCLIFE_2021-12-31,HDFCLIFE,2022-01-19,,,,,,,,
HDFCLIFE_2022-03-31,HDFCLIFE,2022-04-26,,,,,,,,
HDFCLIFE_2022-12-31,HDFCLIFE,2023-01-18,,,,,,,,
HDFCLIFE_2023-03-31,HDFCLIFE,2023-04-26,,,,,,,,
HDFCLIFE_2023-06-30,HDFCLIFE,2023-07-19,1416203716965.7441,102.81591073213241,0.00972612111179283,10.899625220470117,,1406667392965.7441,,
HDFCLIFE_2023-09-30,HDFCLIFE,2023-10-11,1335514189207.0,96.9578783151326,0.010313757039420756,10.278608906749835,,1325977865207.0,,
HDFCLIFE_2023-12-31,HDFCLIFE,2024-01-10,1385904895626.2559,100.61622655335901,0.009938754754131808,10.66643433608947,,1376368571626.2559,,
HDFCLIFE_2024-03-31,HDFCLIFE,2024-04-17,1299198465308.488,94.3213690461681,0.010602051370888429,9.999109724985276,,1289662141308.488,,
HDFCLIFE_2024-06-30,HDFCLIFE,2024-07-12,1366689448416.15,86.94254445964432,0.011501848792384549,9.318544697696561,,1354406648416.15,,
HDFCLIFE_2024-09-30,HDFCLIFE,2024-10-14,1592589419395.8,101.31326949384406,0.00987037537132055,10.858806078379473,,1580306619395.8,,
HDFCLIFE_2024-12-31,HDFCLIFE,2025-01-15,1277770230900.6,81.28590971272232,0.012302255132951866,8.712263802016045,,1265487430900.6,,
HDFCLIFE_2025-06-30,HDFCLIFE,2025-07-15,1629080535968.05,342.4660633484163,0.0029199973574684547,10.0843011842312,6.745703029693912,1582436335968.05,,
HDFCLIFE_2025-09-30,HDFCLIFE,2025-10-15,1639634311010.8,299.6653543307086,0.0033370557708730215,9.637775757767487,5.56381974568623,1663464311010.8,,
HDFCLIFE_2025-12-31,HDFCLIFE,2026-01-13,1612384263012.0,294.68503937007875,0.003393453573814295,9.477599887918235,5.4713513494661274,1636214263012.0,,
HDFCLIFE_2026-03-31,HDFCLIFE,2026-04-16,1362193504104.0,325.5154639175258,0.0030720506730007916,7.739458781327714,4.630027698397565,1387299404104.0,,
HDFCLIFE_2026-06-30,HDFCLIFE,2026-07-15,1226952830512.5,247.2826086956522,0.004043956043956044,6.912589455909843,6.1919217825371,1207504930512.5,,
HINDALCO_2015-12-31,HINDALCO,2016-02-08,,,,,,,,
HINDALCO_2016-03-31,HINDALCO,2016-05-25,,,,,,,,
HINDALCO_2016-06-30,HINDALCO,2016-08-10,,,,,,,,
HINDALCO_2016-09-30,HINDALCO,2016-11-09,,,,,,,,
HINDALCO_2016-12-31,HINDALCO,2017-02-12,,,,,,,,
HINDALCO_2017-03-31,HINDALCO,2017-05-29,,,,,,,,
HINDALCO_2017-06-30,HINDALCO,2017-08-09,,,,,,,,
HINDALCO_2017-09-30,HINDALCO,2017-11-01,,,,,,,,
HINDALCO_2017-12-31,HINDALCO,2018-01-31,,,,,,,,
HINDALCO_2018-03-31,HINDALCO,2018-05-15,,,,,,,,
HINDALCO_2018-06-30,HINDALCO,2018-08-08,,,,,,,,
HINDALCO_2018-09-30,HINDALCO,2018-10-31,,,,,,,,
HINDALCO_2018-12-31,HINDALCO,2019-02-10,,,,,,,,
HINDALCO_2019-03-31,HINDALCO,2019-05-16,,,,,,,,
HINDALCO_2019-06-30,HINDALCO,2019-08-07,,,,,,,,
HINDALCO_2019-09-30,HINDALCO,2019-11-07,,,,,,,,
HINDALCO_2019-12-31,HINDALCO,2020-02-12,,,,,,,,
HINDALCO_2020-03-31,HINDALCO,2020-06-10,,,,,,,,
HINDALCO_2020-06-30,HINDALCO,2020-08-12,,,,,,,,
HINDALCO_2020-09-30,HINDALCO,2020-11-09,,,,,,,,
HINDALCO_2020-12-31,HINDALCO,2021-02-09,,,,,,,,
HINDALCO_2021-03-31,HINDALCO,2021-05-19,,,,,,,,
HINDALCO_2021-06-30,HINDALCO,2021-08-04,,,,,,,,
HINDALCO_2021-09-30,HINDALCO,2021-11-10,,,,,,,,
HINDALCO_2021-12-31,HINDALCO,2022-02-09,,,,,,,,
HINDALCO_2022-03-31,HINDALCO,2022-05-25,,,,,,,,
HINDALCO_2022-12-31,HINDALCO,2023-02-08,,,,,,,,
HINDALCO_2023-03-31,HINDALCO,2023-05-23,,,,,,,,
HINDALCO_2023-06-30,HINDALCO,2023-08-07,1032738380071.7328,10.248016007573096,0.09757986319117948,1.0893175327212758,,1507248380071.733,,
HINDALCO_2023-09-30,HINDALCO,2023-11-08,1084280837193.5344,10.759479448698606,0.0929412993228918,1.1436837723282645,,1558790837193.5344,,
HINDALCO_2023-12-31,HINDALCO,2024-02-12,1294005537660.4656,12.840608734722911,0.07787792780383157,1.3648983583955294,,1768515537660.4656,,
HINDALCO_2024-03-31,HINDALCO,2024-05-22,1520836906935.5344,15.091490030709188,0.06626250939868311,1.6041568117371627,,1995346906935.5344,,
HINDALCO_2024-06-30,HINDALCO,2024-08-12,1397549404759.8,13.786418400876233,0.0725351553189799,1.31662936404556,,1842949404759.8,,
HINDALCO_2024-09-30,HINDALCO,2024-11-11,1455285615967.8,14.355969331872947,0.06965743495841917,1.3710225688841784,,1900685615967.8,,
HINDALCO_2024-12-31,HINDALCO,2025-02-13,1337925663570.0,13.198247535596934,0.07576763485477178,1.2604579198179866,,1783325663570.0,,
HINDALCO_2025-03-31,HINDALCO,2025-05-19,1461947486491.8,14.421686746987953,0.06934001670843776,1.377298707904019,,1907347486491.8,,
HINDALCO_2025-06-30,HINDALCO,2025-08-11,1494025347072.8,9.356834932554582,0.10687374600579624,1.2076933344160896,,1909985347072.8,,
HINDALCO_2025-09-30,HINDALCO,2025-11-06,1753751999649.5999,43.8,0.022831050228310504,,2.730340016891269,,,
HINDALCO_2025-12-31,HINDALCO,2026-02-12,2155557034294.4,45.23452157598499,0.02210700953961012,1.5982953704376195,3.2631279092530803,2623237034294.4,35.724322951033635,
HINDALCO_2026-03-31,HINDALCO,2026-05-22,2467699022440.0,120.4343105320304,0.008303281644428418,,3.709654127929526,,,
HINDALCO_2026-06-30,HINDALCO,2026-08-06,2279772679106.0,88.00342759211654,0.01136319376825706,1.6691481949481268,2.917810245486542,3043912679106.0,67.74788958615625,
HINDUNILVR_2015-12-31,HINDUNILVR,2016-01-13,,,,,,,,
HINDUNILVR_2016-03-31,HINDUNILVR,2016-05-08,,,,,,,,
HINDUNILVR_2016-06-30,HINDUNILVR,2016-07-17,,,,,,,,
HINDUNILVR_2016-09-30,HINDUNILVR,2016-10-26,,,,,,,,
HINDUNILVR_2016-12-31,HINDUNILVR,2017-01-23,,,,,,,,
HINDUNILVR_2017-03-31,HINDUNILVR,2017-05-17,,,,,,,,
HINDUNILVR_2017-06-30,HINDUNILVR,2017-07-18,,,,,,,,
HINDUNILVR_2017-09-30,HINDUNILVR,2017-10-25,,,,,,,,
HINDUNILVR_2017-12-31,HINDUNILVR,2018-01-17,,,,,,,,
HINDUNILVR_2018-03-31,HINDUNILVR,2018-05-14,,,,,,,,
HINDUNILVR_2018-06-30,HINDUNILVR,2018-07-16,,,,,,,,
HINDUNILVR_2018-09-30,HINDUNILVR,2018-10-10,,,,,,,,
HINDUNILVR_2018-12-31,HINDUNILVR,2019-01-17,,,,,,,,
HINDUNILVR_2019-03-31,HINDUNILVR,2019-05-01,,,,,,,,
HINDUNILVR_2019-06-30,HINDUNILVR,2019-07-23,,,,,,,,
HINDUNILVR_2019-09-30,HINDUNILVR,2019-10-14,,,,,,,,
HINDUNILVR_2019-12-31,HINDUNILVR,2020-01-29,,,,,,,,
HINDUNILVR_2020-03-31,HINDUNILVR,2020-04-28,,,,,,,,
HINDUNILVR_2020-06-30,HINDUNILVR,2020-07-21,,,,,,,,
HINDUNILVR_2020-09-30,HINDUNILVR,2020-10-19,,,,,,,,
HINDUNILVR_2020-12-31,HINDUNILVR,2021-01-27,,,,,,,,
HINDUNILVR_2021-03-31,HINDUNILVR,2021-04-28,,,,,,,,
HINDUNILVR_2021-06-30,HINDUNILVR,2021-07-21,,,,,,,,
HINDUNILVR_2021-09-30,HINDUNILVR,2021-10-18,,,,,,,,
HINDUNILVR_2021-12-31,HINDUNILVR,2022-01-20,,,,,,,,
HINDUNILVR_2022-03-31,HINDUNILVR,2022-04-27,,,,,,,,
HINDUNILVR_2022-12-31,HINDUNILVR,2023-01-19,,,,,,,,
HINDUNILVR_2023-03-31,HINDUNILVR,2023-04-26,,,,,,,,
HINDUNILVR_2023-06-30,HINDUNILVR,2023-07-20,6351532579001.5,62.76410494543766,0.0159326736335892,12.626297270597766,,6356582579001.5,,
HINDUNILVR_2023-09-30,HINDUNILVR,2023-10-19,5986993724154.472,59.16183184713838,0.01690278966655035,11.901625564874506,,5992043724154.472,,
HINDUNILVR_2023-12-31,HINDUNILVR,2024-01-17,6021767215927.528,59.50545396665312,0.016805182270526,11.970752258125652,,6026817215927.528,,
HINDUNILVR_2024-03-31,HINDUNILVR,2024-04-24,5310663649935.5,52.478523334107265,0.019055414224090256,10.557139889343789,,5315713649935.5,,
HINDUNILVR_2024-06-30,HINDUNILVR,2024-07-23,6499791787633.7,63.24531321444901,0.015811448298299204,12.690444350879963,,6506381787633.7,,
HINDUNILVR_2024-09-30,HINDUNILVR,2024-10-23,6248268043036.601,60.797896662094196,0.01644793742714248,12.199359684166895,,6254858043036.601,,
HINDUNILVR_2024-12-31,HINDUNILVR,2025-01-22,5504974847302.899,53.56538637402834,0.01866877227426962,10.748125360816314,,5511564847302.899,,
HINDUNILVR_2026-03-31,HINDUNILVR,2026-04-29,5437852346000.8,82.30440967283073,0.01215001728309713,,33.49462485987558,,,
ICICIBANK_2015-12-31,ICICIBANK,2016-01-28,,,,,,,,
ICICIBANK_2016-03-31,ICICIBANK,2016-04-27,,,,,,,,
ICICIBANK_2016-06-30,ICICIBANK,2016-07-27,,,,,,,,
ICICIBANK_2016-09-30,ICICIBANK,2016-11-07,,,,,,,,
ICICIBANK_2016-12-31,ICICIBANK,2017-01-31,,,,,,,,
ICICIBANK_2017-03-31,ICICIBANK,2017-05-03,,,,,,,,
ICICIBANK_2017-06-30,ICICIBANK,2017-07-27,,,,,,,,
ICICIBANK_2017-09-30,ICICIBANK,2017-10-25,,,,,,,,
ICICIBANK_2017-12-31,ICICIBANK,2018-01-31,,,,,,,,
ICICIBANK_2018-03-31,ICICIBANK,2018-05-07,,,,,,,,
ICICIBANK_2018-06-30,ICICIBANK,2018-07-25,,,,,,,,
ICICIBANK_2018-09-30,ICICIBANK,2018-10-24,,,,,,,,
ICICIBANK_2018-12-31,ICICIBANK,2019-01-30,,,,,,,,
ICICIBANK_2019-03-31,ICICIBANK,2019-05-06,,,,,,,,
ICICIBANK_2019-06-30,ICICIBANK,2019-07-24,,,,,,,,
ICICIBANK_2019-09-30,ICICIBANK,2019-10-26,,,,,,,,
ICICIBANK_2019-12-31,ICICIBANK,2020-01-22,,,,,,,,
ICICIBANK_2020-03-31,ICICIBANK,2020-05-06,,,,,,,,
ICICIBANK_2020-06-30,ICICIBANK,2020-07-22,,,,,,,,
ICICIBANK_2020-09-30,ICICIBANK,2020-10-28,,,,,,,,
ICICIBANK_2020-12-31,ICICIBANK,2021-01-27,,,,,,,,
ICICIBANK_2021-03-31,ICICIBANK,2021-04-21,,,,,,,,
ICICIBANK_2021-06-30,ICICIBANK,2021-07-21,,,,,,,,
ICICIBANK_2021-09-30,ICICIBANK,2021-10-20,,,,,,,,
ICICIBANK_2021-12-31,ICICIBANK,2022-01-19,,,,,,,,
ICICIBANK_2022-03-31,ICICIBANK,2022-04-20,,,,,,,,
ICICIBANK_2022-12-31,ICICIBANK,2023-01-18,,,,,,,,
ICICIBANK_2023-03-31,ICICIBANK,2023-04-19,,,,,,,,
ICICIBANK_2023-06-30,ICICIBANK,2023-07-19,6797422058581.399,20.34803537222055,0.049144793672081744,3.1689939932548294,,6996842759581.399,,
ICICIBANK_2023-09-30,ICICIBANK,2023-10-18,6590032346131.25,19.727215719063544,0.05069139072847682,3.0723078161492503,,6789453047131.25,,
ICICIBANK_2023-12-31,ICICIBANK,2024-01-17,6855379343909.25,20.521530100334445,0.048729309905780505,3.1960139851703593,,7054800044909.25,,
ICICIBANK_2024-03-31,ICICIBANK,2024-04-24,7658403152974.25,22.925376254180602,0.04361978573056759,3.5703879177342412,,7857823853974.25,,
ICICIBANK_2024-06-30,ICICIBANK,2024-07-25,8412055866749.7,19.333440929632022,0.051723850070957506,3.2841141305962553,,8520747051749.699,,
ICICIBANK_2024-09-30,ICICIBANK,2024-10-24,8797230976768.25,20.218689477081988,0.04945918978247855,3.4344886694252095,,8905922161768.25,,
ICICIBANK_2024-12-31,ICICIBANK,2025-01-23,8439091858975.25,19.39557779212395,0.05155814437278968,3.2946691346890806,,8547783043975.25,,
ICICIBANK_2025-06-30,ICICIBANK,2025-07-17,10167515664909.3,75.30254777070064,0.013279763163459505,3.239032929081069,,9820969128909.3,,
ICICIBANK_2025-09-30,ICICIBANK,2025-10-16,10113200150357.6,75.75093532870122,0.01320115712975376,3.068181839665081,28.39700931850941,10296478150357.6,,
ICICIBANK_2025-12-31,ICICIBANK,2026-01-14,10132632393242.4,,,3.0196827377081075,29.28094338525878,10609345593242.4,,
ICICIBANK_2026-03-31,ICICIBANK,2026-04-16,9621230129959.5,77.81954887218045,0.012850241545893721,2.7588133979522813,27.26132427182894,9981812229959.5,,
ICICIBANK_2026-06-30,ICICIBANK,2026-07-16,10154471645355.8,69.65618860510806,0.014356226202228177,2.7969096068425507,28.410203823688658,9328155591355.8,,
INDIGO_2015-12-31,INDIGO,2016-01-21,,,,,,,,
INDIGO_2016-03-31,INDIGO,2016-04-27,,,,,,,,
INDIGO_2016-06-30,INDIGO,2016-08-01,,,,,,,,
INDIGO_2016-09-30,INDIGO,2016-11-08,,,,,,,,
INDIGO_2016-12-31,INDIGO,2017-01-31,,,,,,,,
INDIGO_2017-03-31,INDIGO,2017-05-09,,,,,,,,
INDIGO_2017-06-30,INDIGO,2017-07-31,,,,,,,,
INDIGO_2017-09-30,INDIGO,2017-10-31,,,,,,,,
INDIGO_2017-12-31,INDIGO,2018-01-23,,,,,,,,
INDIGO_2018-03-31,INDIGO,2018-05-02,,,,,,,,
INDIGO_2018-06-30,INDIGO,2018-07-30,,,,,,,,
INDIGO_2018-09-30,INDIGO,2018-10-24,,,,,,,,
INDIGO_2018-12-31,INDIGO,2019-01-23,,,,,,,,
INDIGO_2019-03-31,INDIGO,2019-05-27,,,,,,,,
INDIGO_2019-06-30,INDIGO,2019-07-17,,,,,,,,
INDIGO_2019-09-30,INDIGO,2019-10-24,,,,,,,,
INDIGO_2019-12-31,INDIGO,2020-01-27,,,,,,,,
INDIGO_2020-03-31,INDIGO,2020-06-02,,,,,,,,
INDIGO_2020-06-30,INDIGO,2020-07-29,,,,,,,,
INDIGO_2020-09-30,INDIGO,2020-10-29,,,,,,,,
INDIGO_2020-12-31,INDIGO,2021-01-28,,,,,,,,
INDIGO_2021-03-31,INDIGO,2021-06-06,,,,,,,,
INDIGO_2021-06-30,INDIGO,2021-07-27,,,,,,,,
INDIGO_2021-09-30,INDIGO,2021-10-28,,,,,,,,
INDIGO_2021-12-31,INDIGO,2022-02-02,,,,,,,,
INDIGO_2022-03-31,INDIGO,2022-05-25,,,,,,,,
INDIGO_2022-12-31,INDIGO,2023-02-01,,,,,,,,
INDIGO_2023-03-31,INDIGO,2023-05-18,,,,,,,,
INDIGO_2023-06-30,INDIGO,2023-08-02,989043991890.242,-323.4930704701293,-0.0030912563244297935,-15.833530113270212,,1424906941890.242,,
INDIGO_2023-09-30,INDIGO,2023-11-01,932561341886.742,-305.0189216681116,-0.0032784851330898454,-14.929303661220782,,1368424291886.742,,
INDIGO_2023-12-31,INDIGO,2024-01-31,1141739939274.734,-373.4363300953657,-0.002677832656893952,-18.278027932286314,,1577602889274.734,,
INDIGO_2024-03-31,INDIGO,2024-05-23,1696600009149.5,-554.9180327868853,-0.0018020679468242244,-27.16074062964859,,2132462959149.5,,
INDIGO_2024-06-30,INDIGO,2024-07-26,1734356641152.5999,21.234346202920463,0.04709351493301287,86.86985430265965,,2240205641152.5996,,
INDIGO_2024-09-30,INDIGO,2024-10-25,1685221554042.9001,20.632767827607392,0.048466594901628454,84.4087930900526,,2191070554042.9001,,
INDIGO_2024-12-31,INDIGO,2025-01-24,1606366107880.2,19.66731250886064,0.050845787880244124,80.45910883447033,,2112215107880.2,,
INDIGO_2025-03-31,INDIGO,2025-05-21,,,,,,,,
INDIGO_2025-06-30,INDIGO,2025-07-30,2218070138060.0,72.41074807619529,0.013810104529616724,23.676588224632265,10.01300176535647,2553099138060.0,56.191107008979664,
INDIGO_2025-09-30,INDIGO,2025-11-04,2181330566364.0,100.2311522048364,0.009976938087635268,,10.64255776098125,,,
INDIGO_2025-12-31,INDIGO,2026-01-22,1899618901948.0,87.28662873399715,0.011456508453860257,,9.268106448227242,,,
INDIGO_2026-03-31,INDIGO,2026-05-29,1705541551095.0,310.2112676056338,0.0032236095346197505,,7.266312275934202,,,
INDIGO_2026-06-30,INDIGO,2026-07-23,1942150395453.0,-76.55440414507771,-0.013062605752961084,27.86002776395404,8.655476306033407,2326294395453.0,-268.2844418697959,
INFY_2015-12-31,INFY,2016-01-13,,,,,,,,
INFY_2016-03-31,INFY,2016-04-11,,,,,,,,
INFY_2016-06-30,INFY,2016-07-13,,,,,,,,
INFY_2016-09-30,INFY,2016-10-12,,,,,,,,
INFY_2016-12-31,INFY,2017-01-11,,,,,,,,
INFY_2017-03-31,INFY,2017-04-11,,,,,,,,
INFY_2017-06-30,INFY,2017-07-12,,,,,,,,
INFY_2017-09-30,INFY,2017-10-24,,,,,,,,
INFY_2017-12-31,INFY,2018-01-10,,,,,,,,
INFY_2018-03-31,INFY,2018-04-11,,,,,,,,
INFY_2018-06-30,INFY,2018-07-11,,,,,,,,
INFY_2018-09-30,INFY,2018-10-16,,,,,,,,
INFY_2018-12-31,INFY,2019-01-09,,,,,,,,
INFY_2019-03-31,INFY,2019-04-10,,,,,,,,
INFY_2019-06-30,INFY,2019-07-10,,,,,,,,
INFY_2019-09-30,INFY,2019-10-09,,,,,,,,
INFY_2019-12-31,INFY,2020-01-08,,,,,,,,
INFY_2020-03-31,INFY,2020-04-20,,,,,,,,
INFY_2020-06-30,INFY,2020-07-15,,,,,,,,
INFY_2020-09-30,INFY,2020-10-14,,,,,,,,
INFY_2020-12-31,INFY,2021-01-13,,,,,,,,
INFY_2021-03-31,INFY,2021-04-14,,,,,,,,
INFY_2021-06-30,INFY,2021-07-14,,,,,,,,
INFY_2021-09-30,INFY,2021-10-13,,,,,,,,
INFY_2021-12-31,INFY,2022-01-12,,,,,,,,
INFY_2022-03-31,INFY,2022-04-11,,,,,,,,
INFY_2022-12-31,INFY,2023-01-12,,,,,,,,
INFY_2023-03-31,INFY,2023-04-11,,,,,,,,
INFY_2023-06-30,INFY,2023-07-20,5995694297287.5,2041.549295774648,0.0004898240772680234,653.6954096475687,,5995223297287.5,,
INFY_2023-09-30,INFY,2023-10-12,6061876504087.5,2064.084507042254,0.0004844762879563288,660.9110885398495,,6061405504087.5,,
INFY_2023-12-31,INFY,2024-01-11,6180590635562.934,2104.5069734815143,0.0004751706754127246,673.8541905323739,,6180119635562.934,,
INFY_2024-03-31,INFY,2024-04-17,5850713698544.184,1992.1830298195423,0.0005019619106436133,637.8885410536615,,5850242698544.184,,
INFY_2024-06-30,INFY,2024-07-18,7278240213861.75,2313.2236842105262,0.00043229714740763915,689.2925668966521,,7277469213861.75,,
INFY_2024-09-30,INFY,2024-10-17,8147836844743.5,2589.6052631578946,0.0003861592398760226,771.6485315601383,,8147065844743.5,,
INFY_2024-12-31,INFY,2025-01-16,7983687802065.75,2537.434210526316,0.00039409888770774456,756.1026424913108,,7982916802065.75,,
INFY_2025-06-30,INFY,2025-07-23,6524110052836.0,7872.5,0.00012702445220704985,582.2498931580544,,6522211052836.0,,6684.538988561475
INFY_2025-09-30,INFY,2025-10-16,6099623863258.5,7744.736842105263,0.0001291199456337071,551.0546447970459,1234.491775603825,6096227863258.5,4751.541592563133,
INFY_2025-12-31,INFY,2026-01-14,6631666851610.8,,,570.0246563186179,1306.4749510659574,6627636851610.8,5051.55247836189,5731.777745558167
INFY_2026-03-31,INFY,2026-04-23,5019074904197.8,6892.222222222222,0.00014509108495889086,543.6017441999134,984.3253391248873,5017006904197.8,4266.16233350153,5217.333580247193
INFY_2026-06-30,INFY,2026-07-23,4238765806488.8003,4553.913043478261,0.00021959136910444912,433.1459029724914,841.0249616049207,4235980806488.8003,3175.397905913643,4523.762867117182
ITC_2015-12-31,ITC,2016-01-20,,,,,,,,
ITC_2016-03-31,ITC,2016-05-18,,,,,,,,
ITC_2016-06-30,ITC,2016-07-21,,,,,,,,
ITC_2016-09-30,ITC,2016-10-25,,,,,,,,
ITC_2016-12-31,ITC,2017-01-24,,,,,,,,
ITC_2017-03-31,ITC,2017-05-24,,,,,,,,
ITC_2017-06-30,ITC,2017-07-27,,,,,,,,
ITC_2017-09-30,ITC,2017-10-25,,,,,,,,
ITC_2017-12-31,ITC,2018-01-17,,,,,,,,
ITC_2018-03-31,ITC,2018-05-15,,,,,,,,
ITC_2018-06-30,ITC,2018-07-26,,,,,,,,
ITC_2018-09-30,ITC,2018-10-24,,,,,,,,
ITC_2018-12-31,ITC,2019-01-22,,,,,,,,
ITC_2019-03-31,ITC,2019-05-12,,,,,,,,
ITC_2019-06-30,ITC,2019-07-31,,,,,,,,
ITC_2019-09-30,ITC,2019-10-24,,,,,,,,
ITC_2019-12-31,ITC,2020-01-29,,,,,,,,
ITC_2020-03-31,ITC,2020-06-24,,,,,,,,
ITC_2020-06-30,ITC,2020-07-22,,,,,,,,
ITC_2020-09-30,ITC,2020-11-04,,,,,,,,
ITC_2020-12-31,ITC,2021-02-11,,,,,,,,
ITC_2021-03-31,ITC,2021-06-01,,,,,,,,
ITC_2021-06-30,ITC,2021-07-21,,,,,,,,
ITC_2021-09-30,ITC,2021-10-27,,,,,,,,
ITC_2021-12-31,ITC,2022-02-03,,,,,,,,
ITC_2022-03-31,ITC,2022-05-18,,,,,,,,
ITC_2022-12-31,ITC,2023-02-01,,,,,,,,
ITC_2023-03-31,ITC,2023-05-17,,,,,,,,
ITC_2023-06-30,ITC,2023-08-10,5406149790034.765,28.136930675432566,0.03554047922054051,7.817409391613545,,5404579690034.765,,
ITC_2023-09-30,ITC,2023-10-19,5389994277226.671,28.05284744400873,0.03564700524593523,7.79404817106706,,5388424177226.671,,
ITC_2023-12-31,ITC,2024-01-29,5382813880746.184,28.015476241611417,0.03569455651497007,7.783665162629976,,5381243780746.184,,
ITC_2024-03-31,ITC,2024-05-22,5264339614456.154,27.398863245876456,0.0364978645656221,7.612348814039821,,5262769514456.154,,
ITC_2024-06-30,ITC,2024-08-01,6163706990232.7,30.14041514041514,0.03317804334616164,8.272654905220582,,6160485390232.7,,
ITC_2024-09-30,ITC,2024-10-24,5889043117870.7,28.797313797313798,0.03472546109815561,7.90401320395493,,5885821517870.7,,
ITC_2024-12-31,ITC,2025-02-06,5507010640858.101,26.929181929181933,0.03713443663568351,7.391266110376341,,5503789040858.101,,
ITC_2025-03-31,ITC,2025-05-22,,,,,,,,
ITC_2025-06-30,ITC,2025-08-01,5211505182797.45,105.69796954314721,0.00946091967823268,7.441812740098643,26.16448633412114,5014003382797.45,69.59669454508098,
ITC_2025-09-30,ITC,2025-10-30,5253609449612.5,100.17942583732058,0.009982089552238806,,24.580670266605935,,,
ITC_2025-12-31,ITC,2026-01-29,3997134258260.4004,76.22009569377991,0.013119899560577526,,18.70185444045529,,,
ITC_2026-03-31,ITC,2026-05-20,3849206813483.0,78.05837563451777,0.012810925052836935,,19.325034809717124,,,
ITC_2026-06-30,ITC,2026-07-31,3520780572911.0,65.34883720930233,0.015302491103202845,4.855760141269914,19.971652060401986,3309866472911.0,43.41520213688801,
JIOFIN_2023-09-30,JIOFIN,2023-10-16,1428218304851.0847,4570.313356207083,0.0002188033778125671,1.2515019713848423,,1435080304851.0847,,
JIOFIN_2023-12-31,JIOFIN,2024-01-15,1620405151538.0847,5185.313254554208,0.00019285237957836207,1.41990915163597,,1627267151538.0847,,
JIOFIN_2024-03-31,JIOFIN,2024-04-17,2298935922205.1694,7356.618742828707,0.00013593201373590392,2.014483940553603,,2305797922205.1694,,
JIOFIN_2024-06-30,JIOFIN,2024-07-15,2257957200415.1997,140.47430830039525,0.007118739448508723,1.622705836673933,,2257285400415.1997,,
JIOFIN_2024-09-30,JIOFIN,2024-10-18,2098807431505.8,130.57312252964428,0.007658543968518237,1.5083311005774729,,2098135631505.8,,
JIOFIN_2024-12-31,JIOFIN,2025-01-17,1772566288452.0,110.27667984189725,0.009068100358422938,1.27387430622405,,1771894488452.0,,
JIOFIN_2025-03-31,JIOFIN,2025-04-17,1565893953816.36,97.41897233201581,0.01026494096644622,1.1253469543191457,,1565222153816.36,,
JIOFIN_2025-12-31,JIOFIN,2026-01-13,1811730117663.8,558.0392156862746,0.0017919887561489807,,435.05189647099223,,,
JSWSTEEL_2015-12-31,JSWSTEEL,2016-01-27,,,,,,,,
JSWSTEEL_2016-03-31,JSWSTEEL,2016-05-17,,,,,,,,
JSWSTEEL_2016-06-30,JSWSTEEL,2016-07-26,,,,,,,,
JSWSTEEL_2016-09-30,JSWSTEEL,2016-10-26,,,,,,,,
JSWSTEEL_2016-12-31,JSWSTEEL,2017-01-30,,,,,,,,
JSWSTEEL_2017-03-31,JSWSTEEL,2017-05-17,,,,,,,,
JSWSTEEL_2017-06-30,JSWSTEEL,2017-07-31,,,,,,,,
JSWSTEEL_2017-09-30,JSWSTEEL,2017-10-31,,,,,,,,
JSWSTEEL_2017-12-31,JSWSTEEL,2018-01-30,,,,,,,,
JSWSTEEL_2018-03-31,JSWSTEEL,2018-05-16,,,,,,,,
JSWSTEEL_2018-06-30,JSWSTEEL,2018-07-24,,,,,,,,
JSWSTEEL_2018-09-30,JSWSTEEL,2018-10-24,,,,,,,,
JSWSTEEL_2018-12-31,JSWSTEEL,2019-02-05,,,,,,,,
JSWSTEEL_2019-03-31,JSWSTEEL,2019-05-22,,,,,,,,
JSWSTEEL_2019-06-30,JSWSTEEL,2019-07-24,,,,,,,,
JSWSTEEL_2019-09-30,JSWSTEEL,2019-10-22,,,,,,,,
JSWSTEEL_2019-12-31,JSWSTEEL,2020-01-22,,,,,,,,
JSWSTEEL_2020-03-31,JSWSTEEL,2020-05-20,,,,,,,,
JSWSTEEL_2020-06-30,JSWSTEEL,2020-07-22,,,,,,,,
JSWSTEEL_2020-09-30,JSWSTEEL,2020-10-21,,,,,,,,
JSWSTEEL_2020-12-31,JSWSTEEL,2021-01-20,,,,,,,,
JSWSTEEL_2021-03-31,JSWSTEEL,2021-05-19,,,,,,,,
JSWSTEEL_2021-06-30,JSWSTEEL,2021-07-21,,,,,,,,
JSWSTEEL_2021-09-30,JSWSTEEL,2021-10-21,,,,,,,,
JSWSTEEL_2021-12-31,JSWSTEEL,2022-01-19,,,,,,,,
JSWSTEEL_2022-03-31,JSWSTEEL,2022-05-25,,,,,,,,
JSWSTEEL_2022-12-31,JSWSTEEL,2023-01-18,,,,,,,,
JSWSTEEL_2023-03-31,JSWSTEEL,2023-05-17,,,,,,,,
JSWSTEEL_2023-06-30,JSWSTEEL,2023-07-19,1904009906906.208,46.20186840222068,0.021644146320972925,2.8982569554855133,,2815819906906.208,,
JSWSTEEL_2023-09-30,JSWSTEEL,2023-10-18,1885977233763.708,45.76429547339921,0.02185109569929371,2.8708078754299535,,2797787233763.708,,
JSWSTEEL_2023-12-31,JSWSTEEL,2024-01-23,1900403372277.708,46.114353816456386,0.021685222002246502,2.892767139474401,,2812213372277.708,,
JSWSTEEL_2024-03-31,JSWSTEEL,2024-05-15,2094074252478.104,50.813886359803455,0.019679659865399594,3.187570214594876,,3005884252478.104,,
JSWSTEEL_2024-06-30,JSWSTEEL,2024-07-19,2167146987634.55,24.59082112247719,0.04066557985271797,2.790234183051861,,3168636987634.55,,
JSWSTEEL_2024-09-30,JSWSTEEL,2024-10-24,2334412871833.9,26.48880287531103,0.0377518004383676,3.005591512487479,,3335902871833.9,,
JSWSTEEL_2024-12-31,JSWSTEEL,2025-01-24,2271916587351.5503,25.779651645009675,0.038790283661322325,2.9251266108119713,,3273406587351.5503,,
JSWSTEEL_2025-03-31,JSWSTEEL,2025-05-23,,,,,,,,
JSWSTEEL_2025-06-30,JSWSTEEL,2025-07-17,2523943671376.0,168.43648208469057,0.005936956101334364,3.174931658669619,5.692121673791751,3533873671376.0,55.90687662357222,
JSWSTEEL_2025-09-30,JSWSTEEL,2025-10-16,2866591713549.0,131.2541993281075,0.0076188038563262525,,6.751275820887894,,,
JSWSTEEL_2025-12-31,JSWSTEEL,2026-01-22,2896673684436.0,132.63157894736844,0.007539682539682539,,6.8221236091285915,,,
JSWSTEEL_2026-03-31,JSWSTEEL,2026-05-14,3170364686270.1,148.21714285714287,0.006746857891896059,,7.011134006214423,,,
JSWSTEEL_2026-06-30,JSWSTEEL,2026-07-16,2980249732812.0,18.240215118016135,0.05482391482391482,2.978671037162304,5.984677562978433,3674649732812.0,13.766342235087851,
KOTAKBANK_2015-12-31,KOTAKBANK,2016-01-17,,,,,,,,
KOTAKBANK_2016-03-31,KOTAKBANK,2016-05-10,,,,,,,,
KOTAKBANK_2016-06-30,KOTAKBANK,2016-07-20,,,,,,,,
KOTAKBANK_2016-09-30,KOTAKBANK,2016-10-24,,,,,,,,
KOTAKBANK_2016-12-31,KOTAKBANK,2017-01-23,,,,,,,,
KOTAKBANK_2017-03-31,KOTAKBANK,2017-04-26,,,,,,,,
KOTAKBANK_2017-06-30,KOTAKBANK,2017-07-19,,,,,,,,
KOTAKBANK_2017-09-30,KOTAKBANK,2017-10-24,,,,,,,,
KOTAKBANK_2017-12-31,KOTAKBANK,2018-01-17,,,,,,,,
KOTAKBANK_2018-03-31,KOTAKBANK,2018-04-26,,,,,,,,
KOTAKBANK_2018-06-30,KOTAKBANK,2018-07-18,,,,,,,,
KOTAKBANK_2018-09-30,KOTAKBANK,2018-10-23,,,,,,,,
KOTAKBANK_2018-12-31,KOTAKBANK,2019-01-20,,,,,,,,
KOTAKBANK_2019-03-31,KOTAKBANK,2019-04-25,,,,,,,,
KOTAKBANK_2019-06-30,KOTAKBANK,2019-07-22,,,,,,,,
KOTAKBANK_2019-09-30,KOTAKBANK,2019-10-21,,,,,,,,
KOTAKBANK_2019-12-31,KOTAKBANK,2020-01-19,,,,,,,,
KOTAKBANK_2020-03-31,KOTAKBANK,2020-05-12,,,,,,,,
KOTAKBANK_2020-06-30,KOTAKBANK,2020-07-26,,,,,,,,
KOTAKBANK_2020-09-30,KOTAKBANK,2020-10-25,,,,,,,,
KOTAKBANK_2020-12-31,KOTAKBANK,2021-01-21,,,,,,,,
KOTAKBANK_2021-03-31,KOTAKBANK,2021-05-02,,,,,,,,
KOTAKBANK_2021-06-30,KOTAKBANK,2021-07-25,,,,,,,,
KOTAKBANK_2021-09-30,KOTAKBANK,2021-10-25,,,,,,,,
KOTAKBANK_2021-12-31,KOTAKBANK,2022-01-26,,,,,,,,
KOTAKBANK_2022-03-31,KOTAKBANK,2022-05-03,,,,,,,,
KOTAKBANK_2022-12-31,KOTAKBANK,2023-01-18,,,,,,,,
KOTAKBANK_2023-03-31,KOTAKBANK,2023-04-26,,,,,,,,
KOTAKBANK_2023-06-30,KOTAKBANK,2023-07-19,3787568851991.0747,25.441687171351667,0.03930556936986628,3.3722914508914528,,3836209814991.0747,,
KOTAKBANK_2023-09-30,KOTAKBANK,2023-10-18,3483228238128.9253,23.39738408565394,0.042739820671369326,3.1013194130506467,,3531869201128.9253,,
KOTAKBANK_2023-12-31,KOTAKBANK,2024-01-17,3535375348406.4253,23.747664309833283,0.04210940440091729,3.1477489991649854,,3584016311406.4253,,
KOTAKBANK_2024-03-31,KOTAKBANK,2024-05-01,3226068646213.754,21.67000323891926,0.04614673975701134,2.8723553658691987,,3274709609213.754,,
KOTAKBANK_2024-06-30,KOTAKBANK,2024-07-18,18157172502107.5,99.87698195735375,0.010012316956343232,13.970098028353329,,18223626190107.5,,
KOTAKBANK_2024-09-30,KOTAKBANK,2024-10-17,18527919749584.5,101.91634773100056,0.009811968563075023,14.255350337896274,,18594373437584.5,,
KOTAKBANK_2024-12-31,KOTAKBANK,2025-01-16,17946452886919.5,98.71787862219793,0.010129877322699453,13.807970710328918,,18012906574919.5,,
KOTAKBANK_2025-06-30,KOTAKBANK,2025-07-24,21294862366526.5,96.23090745732254,0.010391671724009151,13.52146185984603,106.08360591205839,21351245475526.5,,
KOTAKBANK_2025-09-30,KOTAKBANK,2025-10-23,22118408462716.8,494.5777777777778,0.002021926671459382,,115.33923209788479,,,
KOTAKBANK_2025-12-31,KOTAKBANK,2026-01-22,4235702052690.0,94.79305740987985,0.010549295774647886,,,,,
KOTAKBANK_2026-03-31,KOTAKBANK,2026-04-29,3800159151492.0,77.17171717171716,0.012958115183246076,,18.574547051717193,,,
KOTAKBANK_2026-06-30,KOTAKBANK,2026-07-16,3751309255892.5,69.20183486238531,0.014450483892350525,2.0699634314145263,18.07395621217538,3670416134892.5,,
LT_2015-12-31,LT,2016-01-27,,,,,,,,
LT_2016-03-31,LT,2016-05-25,,,,,,,,
LT_2016-06-30,LT,2016-07-27,,,,,,,,
LT_2016-09-30,LT,2016-11-22,,,,,,,,
LT_2016-12-31,LT,2017-01-24,,,,,,,,
LT_2017-03-31,LT,2017-05-29,,,,,,,,
LT_2017-06-30,LT,2017-07-26,,,,,,,,
LT_2017-09-30,LT,2017-11-08,,,,,,,,
LT_2017-12-31,LT,2018-01-31,,,,,,,,
LT_2018-03-31,LT,2018-05-28,,,,,,,,
LT_2018-06-30,LT,2018-07-25,,,,,,,,
LT_2018-09-30,LT,2018-10-31,,,,,,,,
LT_2018-12-31,LT,2019-01-23,,,,,,,,
LT_2019-03-31,LT,2019-05-08,,,,,,,,
LT_2019-06-30,LT,2019-07-23,,,,,,,,
LT_2019-09-30,LT,2019-10-23,,,,,,,,
LT_2019-12-31,LT,2020-01-22,,,,,,,,
LT_2020-03-31,LT,2020-06-03,,,,,,,,
LT_2020-06-30,LT,2020-07-22,,,,,,,,
LT_2020-09-30,LT,2020-10-28,,,,,,,,
LT_2020-12-31,LT,2021-01-21,,,,,,,,
LT_2021-03-31,LT,2021-05-11,,,,,,,,
LT_2021-06-30,LT,2021-07-26,,,,,,,,
LT_2021-09-30,LT,2021-10-27,,,,,,,,
LT_2021-12-31,LT,2022-01-26,,,,,,,,
LT_2022-03-31,LT,2022-05-12,,,,,,,,
LT_2022-06-30,LT,2022-07-26,,,,,,,,
LT_2022-09-30,LT,2022-10-31,,,,,,,,
LT_2022-12-31,LT,2023-01-30,,,,,,,,
LT_2023-03-31,LT,2023-05-10,,,,,,,,
LT_2023-06-30,LT,2023-07-25,3599299203116.88,34.397580958277366,0.029071811800165614,4.029399298990808,,4636536703116.88,,
LT_2023-09-30,LT,2023-10-31,4116727677246.56,39.3425124087055,0.025417797155697797,4.608658152806166,,5153965177246.561,,
LT_2023-12-31,LT,2024-01-30,5106538509554.061,48.80188111253358,0.020491013403644686,5.71674693586137,,6143776009554.061,,
LT_2024-03-31,LT,2024-05-08,4900705711455.62,46.83478976032572,0.021351649171853684,5.486318042467636,,5937943211455.62,,
LT_2024-06-30,LT,2024-07-24,4838077471139.55,37.48881550916063,0.02667462245521317,5.602269625276403,,5881714671139.55,,
LT_2024-09-30,LT,2024-10-30,4685351787568.649,36.30538985939497,0.027544119588657268,5.425420357530531,,5728988987568.649,,
LT_2024-12-31,LT,2025-01-30,4702672612168.05,36.4396037494674,0.027442669433929173,5.445477070164176,,5746309812168.05,,
LT_2025-06-30,LT,2025-07-29,4807121731974.0,87.4993742177722,0.011428653163977573,4.922525417870558,6.461855627995271,5526870231974.0,56.32553839667685,
LT_2025-09-30,LT,2025-10-29,5445872856410.3,150.5553442373526,0.006642075743412243,,8.552081059808017,,,
LT_2025-12-31,LT,2026-01-28,5220090856022.0,144.31342715861544,0.006929362150764365,,8.197517885074056,,,
LT_2026-06-30,LT,2026-07-28,5271422552080.0,99.01808785529715,0.010099164926931107,4.82334358016942,6.369363187331022,5760143952080.0,56.15543701759688,
M&M_2015-12-31,M&M,2016-02-10,,,,,,,,
M&M_2016-03-31,M&M,2016-05-29,,,,,,,,
M&M_2016-06-30,M&M,2016-08-09,,,,,,,,
M&M_2016-09-30,M&M,2016-11-09,,,,,,,,
M&M_2016-12-31,M&M,2017-02-08,,,,,,,,
M&M_2017-03-31,M&M,2017-05-29,,,,,,,,
M&M_2017-06-30,M&M,2017-08-02,,,,,,,,
M&M_2017-09-30,M&M,2017-11-08,,,,,,,,
M&M_2017-12-31,M&M,2018-02-07,,,,,,,,
M&M_2018-03-31,M&M,2018-05-28,,,,,,,,
M&M_2018-06-30,M&M,2018-08-06,,,,,,,,
M&M_2018-09-30,M&M,2018-11-13,,,,,,,,
M&M_2018-12-31,M&M,2019-02-06,,,,,,,,
M&M_2019-03-31,M&M,2019-05-28,,,,,,,,
M&M_2019-06-30,M&M,2019-08-06,,,,,,,,
M&M_2019-09-30,M&M,2019-11-06,,,,,,,,
M&M_2019-12-31,M&M,2020-02-05,,,,,,,,
M&M_2020-03-31,M&M,2020-06-10,,,,,,,,
M&M_2020-06-30,M&M,2020-08-05,,,,,,,,
M&M_2020-09-30,M&M,2020-11-09,,,,,,,,
M&M_2020-12-31,M&M,2021-02-03,,,,,,,,
M&M_2021-03-31,M&M,2021-05-26,,,,,,,,
M&M_2021-06-30,M&M,2021-08-04,,,,,,,,
M&M_2021-09-30,M&M,2021-11-08,,,,,,,,
M&M_2021-12-31,M&M,2022-02-09,,,,,,,,
M&M_2022-03-31,M&M,2022-05-25,,,,,,,,
M&M_2022-12-31,M&M,2023-02-08,,,,,,,,
M&M_2023-03-31,M&M,2023-05-24,,,,,,,,
M&M_2023-06-30,M&M,2023-08-02,1847013433403.4812,16.151588177774304,0.061913416129323356,3.276834110554436,,2734547833403.4814,,
M&M_2023-09-30,M&M,2023-11-08,1849624813588.9907,16.174423927947615,0.061826004094780194,3.281467027409694,,2737159213588.9907,,
M&M_2023-12-31,M&M,2024-02-13,2047781102449.25,17.90724227925185,0.055843327766813416,3.633021203906217,,2935315502449.25,,
M&M_2024-03-31,M&M,2024-05-15,2862976488330.4814,25.035885698435465,0.03994266518250208,5.079280337116682,,3750510888330.4814,,
M&M_2024-06-30,M&M,2024-07-30,3257486283361.1997,29.017874875868916,0.03446151740186852,4.921376666852293,,4278440483361.1997,,
M&M_2024-09-30,M&M,2024-11-06,3271365241722.6,29.141509433962266,0.03431531239883457,4.942344853944559,,4292319441722.6,,
M&M_2024-12-31,M&M,2025-02-06,3500340185291.4,31.181231380337636,0.03207057437220338,5.2882778361735925,,4521294385291.4,,
M&M_2025-06-30,M&M,2025-07-30,3849094960636.1,110.49931129476585,0.009049830159867867,4.996303113306842,9.038474586958712,4679863360636.1,51.69954353533678,
M&M_2025-09-30,M&M,2025-11-03,3977846376191.3003,97.41696404062586,0.010265152582490349,,8.7548571221495,,,
M&M_2025-12-31,M&M,2026-02-10,4120084451408.6,100.90035684875103,0.009910767724032864,,9.067909439431128,,,
M&M_2026-03-31,M&M,2026-05-04,3483273964920.0,74.5142720076757,0.01342024786737486,,6.75315498545462,,,
M&M_2026-06-30,M&M,2026-07-29,3867683228378.4004,77.6711668273867,0.012874790489788316,4.154495024110398,7.046044843656993,4693911028378.4,41.671388404218355,
MARUTI_2015-12-31,MARUTI,2016-01-28,,,,,,,,
MARUTI_2016-03-31,MARUTI,2016-04-25,,,,,,,,
MARUTI_2016-06-30,MARUTI,2016-07-25,,,,,,,,
MARUTI_2016-09-30,MARUTI,2016-10-26,,,,,,,,
MARUTI_2016-12-31,MARUTI,2017-01-23,,,,,,,,
MARUTI_2017-03-31,MARUTI,2017-04-26,,,,,,,,
MARUTI_2017-06-30,MARUTI,2017-07-26,,,,,,,,
MARUTI_2017-09-30,MARUTI,2017-10-25,,,,,,,,
MARUTI_2017-12-31,MARUTI,2018-01-23,,,,,,,,
MARUTI_2018-03-31,MARUTI,2018-04-25,,,,,,,,
MARUTI_2018-06-30,MARUTI,2018-07-25,,,,,,,,
MARUTI_2018-09-30,MARUTI,2018-10-24,,,,,,,,
MARUTI_2018-12-31,MARUTI,2019-01-23,,,,,,,,
MARUTI_2019-03-31,MARUTI,2019-04-24,,,,,,,,
MARUTI_2019-06-30,MARUTI,2019-07-24,,,,,,,,
MARUTI_2019-09-30,MARUTI,2019-10-23,,,,,,,,
MARUTI_2019-12-31,MARUTI,2020-01-27,,,,,,,,
MARUTI_2020-03-31,MARUTI,2020-05-12,,,,,,,,
MARUTI_2020-06-30,MARUTI,2020-07-28,,,,,,,,
MARUTI_2020-09-30,MARUTI,2020-10-28,,,,,,,,
MARUTI_2020-12-31,MARUTI,2021-01-27,,,,,,,,
MARUTI_2021-03-31,MARUTI,2021-04-26,,,,,,,,
MARUTI_2021-06-30,MARUTI,2021-07-27,,,,,,,,
MARUTI_2021-09-30,MARUTI,2021-10-26,,,,,,,,
MARUTI_2021-12-31,MARUTI,2022-01-23,,,,,,,,
MARUTI_2022-03-31,MARUTI,2022-04-27,,,,,,,,
MARUTI_2022-12-31,MARUTI,2023-01-23,,,,,,,,
MARUTI_2023-03-31,MARUTI,2023-04-25,,,,,,,,
MARUTI_2023-06-30,MARUTI,2023-07-31,2966652749245.0,37.363985694719226,0.026763740040220956,3.9767356511711762,,2961276749245.0,,
MARUTI_2023-09-30,MARUTI,2023-10-25,3198680325330.9766,40.28629435921093,0.024822337618931767,4.287763739682972,,3193304325330.9766,,
MARUTI_2023-12-31,MARUTI,2024-01-30,3006195147099.0234,37.86200879099452,0.026411699535547357,4.029741404311279,,3000819147099.0234,,
MARUTI_2024-03-31,MARUTI,2024-04-24,3910139341642.9883,49.24687948823429,0.020305855119996236,5.241459596144498,,3904763341642.9883,,
MARUTI_2024-06-30,MARUTI,2024-07-30,4047508696775.1,30.007808675788443,0.033324659284662855,4.726410267615372,,4022099696775.1,,
MARUTI_2024-09-30,MARUTI,2024-10-28,3610363357885.5,26.76685858138505,0.03735963250821849,4.215941143777734,,3584954357885.5,,
MARUTI_2024-12-31,MARUTI,2025-01-28,3811738206532.5,28.25983077317545,0.03538591607382204,4.451093239446611,,3786329206532.5,,
MARUTI_2025-06-30,MARUTI,2025-07-30,3967131678732.0,101.43086816720256,0.009858931684894595,4.122127806379683,9.83901865738435,3852790678732.0,59.946020424950596,
MARUTI_2025-09-30,MARUTI,2025-10-30,5095310422722.0,134.35582822085888,0.007442922374429225,,13.412629538423065,,,
MARUTI_2025-12-31,MARUTI,2026-01-27,4793163482315.0,126.38865859724756,0.007912102328632339,,12.617273683404889,,,
MARUTI_2026-03-31,MARUTI,2026-04-27,4157031944076.0,107.16485654076835,0.009331417334745122,,8.744797640744512,,,
MARUTI_2026-06-30,MARUTI,2026-07-31,4475206238316.0,122.3062381852552,0.008176197836166925,4.176335164909576,8.678346319515198,4302982238316.0,63.8472028832406,
MAXHEALTH_2020-09-30,MAXHEALTH,2020-11-10,,,,,,,,
MAXHEALTH_2020-12-31,MAXHEALTH,2021-02-03,,,,,,,,
MAXHEALTH_2021-03-31,MAXHEALTH,2021-05-26,,,,,,,,
MAXHEALTH_2021-06-30,MAXHEALTH,2021-08-09,,,,,,,,
MAXHEALTH_2021-09-30,MAXHEALTH,2021-11-10,,,,,,,,
MAXHEALTH_2021-12-31,MAXHEALTH,2022-02-09,,,,,,,,
MAXHEALTH_2022-03-31,MAXHEALTH,2022-05-24,,,,,,,,
MAXHEALTH_2022-12-31,MAXHEALTH,2023-02-01,,,,,,,,
MAXHEALTH_2023-03-31,MAXHEALTH,2023-05-15,,,,,,,,
MAXHEALTH_2023-06-30,MAXHEALTH,2023-08-07,566387806259.5795,51.35123024524098,0.019473730137023852,7.64398308488836,,561727006259.5795,,
MAXHEALTH_2023-09-30,MAXHEALTH,2023-11-05,561339054977.9205,50.89348806461818,0.01964887921869936,7.57584501946694,,556678254977.9205,,
MAXHEALTH_2023-12-31,MAXHEALTH,2024-01-30,714987592034.1705,64.82394581109705,0.015426398184925246,9.649489270447765,,710326792034.1705,,
MAXHEALTH_2024-03-31,MAXHEALTH,2024-05-21,810720558875.0,73.50352112676056,0.013604790419161678,10.941503630767693,,806059758875.0,,
MAXHEALTH_2024-06-30,MAXHEALTH,2024-07-31,896346218278.0,85.07841328413284,0.011753862835456765,10.66045782156339,,899493418278.0,,
MAXHEALTH_2024-09-30,MAXHEALTH,2024-11-05,1015259701396.7999,96.36531365313652,0.010377177867126173,12.074724034052714,,1018406901396.7999,,
MAXHEALTH_2024-12-31,MAXHEALTH,2025-01-29,996210218200.0,94.55719557195572,0.010575609756097561,11.848164019628598,,999357418200.0,,
MAXHEALTH_2025-03-31,MAXHEALTH,2025-05-19,,,,,,,,
MAXHEALTH_2025-06-30,MAXHEALTH,2025-08-12,1225482272011.7998,114.49591280653951,0.008733936220847215,13.063631326431343,,1248968272011.7998,,
MAXHEALTH_2025-09-30,MAXHEALTH,2025-11-14,1078481609873.9999,350.19047619047615,0.0028555887952134897,,53.19084469951715,,,
MAXHEALTH_2025-12-31,MAXHEALTH,2026-02-04,996979848168.9501,204.2729083665339,0.004895411770442244,9.917819191307856,46.68667076423223,1023998448168.9501,168.40694814060524,
MAXHEALTH_2026-03-31,MAXHEALTH,2026-05-21,1062568971216.2999,353.1067961165048,0.002832004399230135,,51.393407135906784,,,
MAXHEALTH_2026-06-30,MAXHEALTH,2026-08-12,980433553807.5,287.85714285714283,0.003473945409429281,9.123172136823358,45.75286430043073,1008532853807.5,154.14863415270688,
NESTLEIND_2023-09-30,NESTLEIND,2023-10-18,2242913905197.422,93.84005332291247,0.010656430432311305,91.20613480147456,,2236353605197.422,,
NESTLEIND_2023-12-31,NESTLEIND,2024-02-06,2368596592958.0273,99.09842284565349,0.010090977951864151,96.31691151722033,,2362036292958.0273,,
NESTLEIND_2024-03-31,NESTLEIND,2024-04-24,2410537429418.0273,100.8531626600948,0.009915405462992747,98.02239899714243,,2403977129418.0273,,
NESTLEIND_2024-06-30,NESTLEIND,2024-07-24,4900618012848.0,205.03428801936266,0.004877233021169434,199.27935087236753,,4894057712848.0,,
NESTLEIND_2024-09-30,NESTLEIND,2024-10-16,4747991934420.0,198.64864864864865,0.005034013605442177,193.07294470980048,,4741431634420.0,,
NESTLEIND_2024-12-31,NESTLEIND,2025-01-30,4275747757452.0,178.89068172650263,0.005590006088348704,173.8695477519651,,4269187457452.0,,
NESTLEIND_2025-06-30,NESTLEIND,2025-07-23,4729190869800.0,147.47444377630788,0.0067808358817533125,117.92875858870234,86.81173627111923,4738803369800.0,343.13544020043014,
NESTLEIND_2025-09-30,NESTLEIND,2025-10-15,2357447838824.2,364.5970149253732,0.0027427542164728995,,46.46169537844603,,,
NESTLEIND_2025-12-31,NESTLEIND,2026-01-29,2485800779123.7,384.44776119402985,0.0026011336283872973,,48.99133574414659,,,
NESTLEIND_2026-03-31,NESTLEIND,2026-04-20,2484269802777.6,248.82011605415863,0.004018967661691542,,44.019863538670904,,,
NESTLEIND_2026-06-30,NESTLEIND,2026-07-21,,,,,,,,
NTPC_2015-12-31,NTPC,2016-01-27,,,,,,,,
NTPC_2016-03-31,NTPC,2016-05-29,,,,,,,,
NTPC_2016-06-30,NTPC,2016-08-21,,,,,,,,
NTPC_2016-09-30,NTPC,2016-10-26,,,,,,,,
NTPC_2016-12-31,NTPC,2017-02-07,,,,,,,,
NTPC_2017-03-31,NTPC,2017-05-28,,,,,,,,
NTPC_2017-06-30,NTPC,2017-07-26,,,,,,,,
NTPC_2017-09-30,NTPC,2017-11-12,,,,,,,,
NTPC_2017-12-31,NTPC,2018-01-31,,,,,,,,
NTPC_2018-03-31,NTPC,2018-05-27,,,,,,,,
NTPC_2018-06-30,NTPC,2018-07-25,,,,,,,,
NTPC_2018-09-30,NTPC,2018-10-31,,,,,,,,
NTPC_2018-12-31,NTPC,2019-01-30,,,,,,,,
NTPC_2019-03-31,NTPC,2019-05-22,,,,,,,,
NTPC_2019-06-30,NTPC,2019-08-07,,,,,,,,
NTPC_2019-09-30,NTPC,2019-11-06,,,,,,,,
NTPC_2019-12-31,NTPC,2020-02-05,,,,,,,,
NTPC_2020-03-31,NTPC,2020-06-24,,,,,,,,
NTPC_2020-06-30,NTPC,2020-08-12,,,,,,,,
NTPC_2020-09-30,NTPC,2020-11-02,,,,,,,,
NTPC_2020-12-31,NTPC,2021-02-03,,,,,,,,
NTPC_2021-03-31,NTPC,2021-06-16,,,,,,,,
NTPC_2021-06-30,NTPC,2021-07-28,,,,,,,,
NTPC_2021-09-30,NTPC,2021-10-28,,,,,,,,
NTPC_2021-12-31,NTPC,2022-01-26,,,,,,,,
NTPC_2022-03-31,NTPC,2022-05-18,,,,,,,,
NTPC_2022-12-31,NTPC,2023-01-24,,,,,,,,
NTPC_2023-03-31,NTPC,2023-05-17,,,,,,,,
NTPC_2023-06-30,NTPC,2023-07-26,1954847951798.1533,11.55963337749516,0.08650793388887637,1.3296189653631827,,4179323051798.1533,,
NTPC_2023-09-30,NTPC,2023-10-25,2250111405986.5767,13.305619441041157,0.07515621534428543,1.5304468037157521,,4474586505986.576,,
NTPC_2023-12-31,NTPC,2024-01-29,3147052875422.1934,18.6095176486794,0.05373594409476613,2.1405149102840006,,5371527975422.193,,
NTPC_2024-03-31,NTPC,2024-05-22,3625098693379.6533,21.4363535609814,0.046649725064257526,2.465664897158491,,5849573793379.653,,
NTPC_2024-06-30,NTPC,2024-07-25,3802547624448.0996,18.273532152842495,0.05472395766925922,2.3661034764504247,,6165224024448.1,,
NTPC_2024-09-30,NTPC,2024-10-24,3994056780594.5996,19.193849021435227,0.05210002427773732,2.4852684481701646,,6356733180594.6,,
NTPC_2024-12-31,NTPC,2025-01-23,3138325994269.0996,15.081547064305683,0.06630619496369536,1.9527971188401887,,5501002394269.1,,
NTPC_2025-03-31,NTPC,2025-05-22,3310441818147.5996,15.90866728797763,0.06285881663737553,2.0598947516516004,,5673118218147.6,,
NTPC_2025-06-30,NTPC,2025-07-29,3244504488436.4004,42.62420382165605,0.023460848774656304,1.7626359764541062,6.510663443485835,5693639588436.4,34.220882240836744,
NTPC_2025-09-30,NTPC,2025-10-30,3346062241924.3496,55.66935483870967,0.017963204403882372,,7.1093947691558075,,,
NTPC_2025-12-31,NTPC,2026-01-30,3451247741924.0,57.41935483870967,0.017415730337078654,,7.332882914151725,,,
NTPC_2026-03-31,NTPC,2026-05-21,3770309003616.0,68.69257950530036,0.014557613168724278,,8.223913362428041,,,
NTPC_2026-06-30,NTPC,2026-07-24,3366682481724.8,32.118408880666045,0.031134792626728115,1.6570303332701202,6.775676351997282,6012231481724.8,34.87982229916476,
ONGC_2015-12-31,ONGC,2016-02-11,,,,,,,,
ONGC_2016-03-31,ONGC,2016-05-25,,,,,,,,
ONGC_2016-06-30,ONGC,2016-09-07,,,,,,,,
ONGC_2016-09-30,ONGC,2016-10-26,,,,,,,,
ONGC_2016-12-31,ONGC,2017-01-31,,,,,,,,
ONGC_2017-03-31,ONGC,2017-05-24,,,,,,,,
ONGC_2017-06-30,ONGC,2017-07-27,,,,,,,,
ONGC_2017-09-30,ONGC,2017-10-25,,,,,,,,
ONGC_2017-12-31,ONGC,2018-02-07,,,,,,,,
ONGC_2018-03-31,ONGC,2018-05-30,,,,,,,,
ONGC_2018-06-30,ONGC,2018-08-02,,,,,,,,
ONGC_2018-09-30,ONGC,2018-10-31,,,,,,,,
ONGC_2018-12-31,ONGC,2019-02-14,,,,,,,,
ONGC_2019-06-30,ONGC,2019-08-13,,,,,,,,
ONGC_2019-09-30,ONGC,2019-11-14,,,,,,,,
ONGC_2019-12-31,ONGC,2020-02-12,,,,,,,,
ONGC_2020-03-31,ONGC,2020-06-30,,,,,,,,
ONGC_2020-06-30,ONGC,2020-09-01,,,,,,,,
ONGC_2020-09-30,ONGC,2020-11-13,,,,,,,,
ONGC_2020-12-31,ONGC,2021-02-10,,,,,,,,
ONGC_2021-03-31,ONGC,2021-06-24,,,,,,,,
ONGC_2021-06-30,ONGC,2021-08-11,,,,,,,,
ONGC_2021-09-30,ONGC,2021-11-10,,,,,,,,
ONGC_2021-12-31,ONGC,2022-02-09,,,,,,,,
ONGC_2022-03-31,ONGC,2022-05-30,,,,,,,,
ONGC_2022-12-31,ONGC,2023-02-14,,,,,,,,
ONGC_2023-03-31,ONGC,2023-05-24,,,,,,,,
ONGC_2023-06-30,ONGC,2023-08-09,2225451314757.469,6.062371278152309,0.16495195594565767,0.7821077012038021,,3966455104757.469,,
ONGC_2023-09-30,ONGC,2023-11-08,2457557619676.031,6.694654081683195,0.1493729157322758,0.8636786290290861,,4198561409676.031,,
ONGC_2023-12-31,ONGC,2024-02-12,3244453930443.469,8.83824516437575,0.11314463237913933,1.1402237327655589,,4985457720443.469,,
ONGC_2024-03-31,ONGC,2024-05-20,3490398619272.5615,9.508225229850282,0.1051720984543554,1.2266579917079383,,5231402409272.562,,
ONGC_2024-06-30,ONGC,2024-08-05,3903031623661.5,7.9429083461341525,0.12589846897663176,1.1511028879163476,,5788124403661.5,,
ONGC_2024-09-30,ONGC,2024-11-11,3231873728021.4,6.5770609318996405,0.15204359673024526,0.9531614243536171,,5116966508021.4,,
ONGC_2024-12-31,ONGC,2025-01-31,3303707122287.66,6.723246287762417,0.1487376718327558,0.9743469118314652,,5188799902287.66,,
ONGC_2025-03-31,ONGC,2025-05-21,3128463832948.08,6.366615463389657,0.15706932604149912,0.9226632269686941,,5013556612948.08,,
ONGC_2025-06-30,ONGC,2025-08-12,2962907358597.12,8.177777777777777,0.12228260869565219,0.8627135022364457,,4848297048597.12,,
ONGC_2025-09-30,ONGC,2025-11-10,3163983565996.8003,32.27214377406932,0.030986475735879076,,1.9398288012468923,,,
ONGC_2025-12-31,ONGC,2026-02-12,3476560158578.1,32.20862470862471,0.031047584584765694,0.9452856846656842,2.2015935541559846,4649425858578.1,22.46621489620583,
ONGC_2026-03-31,ONGC,2026-05-26,3617508479912.5,36.118090452261306,0.02768695652173913,,2.1607007355040913,,,
ONGC_2026-06-30,ONGC,2026-08-04,3044427567852.0,28.13953488372093,0.03553719008264463,0.8189056741324245,1.7516321393233425,4423497917852.0,20.375684396469964,
POWERGRID_2015-12-31,POWERGRID,2016-01-27,,,,,,,,
POWERGRID_2016-03-31,POWERGRID,2016-05-26,,,,,,,,
POWERGRID_2016-06-30,POWERGRID,2016-08-15,,,,,,,,
POWERGRID_2016-09-30,POWERGRID,2016-11-09,,,,,,,,
POWERGRID_2016-12-31,POWERGRID,2017-02-09,,,,,,,,
POWERGRID_2017-03-31,POWERGRID,2017-05-29,,,,,,,,
POWERGRID_2017-06-30,POWERGRID,2017-08-01,,,,,,,,
POWERGRID_2017-09-30,POWERGRID,2017-11-02,,,,,,,,
POWERGRID_2017-12-31,POWERGRID,2018-02-01,,,,,,,,
POWERGRID_2018-03-31,POWERGRID,2018-05-29,,,,,,,,
POWERGRID_2018-06-30,POWERGRID,2018-07-31,,,,,,,,
POWERGRID_2018-09-30,POWERGRID,2018-11-05,,,,,,,,
POWERGRID_2018-12-31,POWERGRID,2019-01-31,,,,,,,,
POWERGRID_2019-03-31,POWERGRID,2019-05-29,,,,,,,,
POWERGRID_2019-06-30,POWERGRID,2019-07-31,,,,,,,,
POWERGRID_2019-09-30,POWERGRID,2019-11-07,,,,,,,,
POWERGRID_2019-12-31,POWERGRID,2020-01-29,,,,,,,,
POWERGRID_2020-03-31,POWERGRID,2020-06-17,,,,,,,,
POWERGRID_2020-06-30,POWERGRID,2020-08-10,,,,,,,,
POWERGRID_2020-09-30,POWERGRID,2020-11-11,,,,,,,,
POWERGRID_2020-12-31,POWERGRID,2021-02-11,,,,,,,,
POWERGRID_2021-03-31,POWERGRID,2021-06-17,,,,,,,,
POWERGRID_2021-06-30,POWERGRID,2021-08-10,,,,,,,,
POWERGRID_2021-09-30,POWERGRID,2021-11-09,,,,,,,,
POWERGRID_2021-12-31,POWERGRID,2022-02-09,,,,,,,,
POWERGRID_2022-03-31,POWERGRID,2022-05-18,,,,,,,,
POWERGRID_2022-12-31,POWERGRID,2023-01-31,,,,,,,,
POWERGRID_2023-03-31,POWERGRID,2023-05-17,,,,,,,,
POWERGRID_2023-06-30,POWERGRID,2023-07-31,1855819291100.5557,12.034831489958725,0.08309214805660978,2.235218857907002,,3100221091100.5557,,
POWERGRID_2023-09-30,POWERGRID,2023-11-07,1934525594144.0,12.545235223160436,0.07971153846153844,2.3300157024287125,,3178927394144.0,,
POWERGRID_2023-12-31,POWERGRID,2024-02-06,2550690597086.5,16.541013268998796,0.06045578851412944,3.0721481076493964,,3795092397086.5,,
POWERGRID_2024-03-31,POWERGRID,2024-05-22,3029671693713.5,19.647165259348615,0.05089792785878741,3.64905103397189,,4274073493713.5,,
POWERGRID_2024-06-30,POWERGRID,2024-07-26,3201267834499.8,20.56152927120669,0.04863451481696688,3.673491070812579,,4444393434499.8,,
POWERGRID_2024-09-30,POWERGRID,2024-11-06,2962242316351.5,19.026284348864994,0.052558869701726844,3.3992065835380783,,4205367916351.5,,
POWERGRID_2024-12-31,POWERGRID,2025-02-03,2639511363832.2,16.95340501792115,0.058985200845665955,3.028869162976787,,3882636963832.2,,
POWERGRID_2025-03-31,POWERGRID,2025-05-19,2827848591166.95,18.16308243727599,0.055056734089787854,3.244988262872065,,4070974191166.95,,
POWERGRID_2025-06-30,POWERGRID,2025-07-29,2726006979348.9004,66.61363636363636,0.01501194131695667,2.9418565866380484,22.207162967645733,4003668679348.9004,38.09581909790789,
POWERGRID_2025-09-30,POWERGRID,2025-11-03,2849065504128.0,78.4741144414169,0.012743055555555554,,25.446673110460495,,,
POWERGRID_2026-03-31,POWERGRID,2026-05-15,2844377813299.35,67.96666666666667,0.014713094654242274,,22.947617268606763,,,
POWERGRID_2026-06-30,POWERGRID,2026-08-05,2620445126003.25,57.61758691206544,0.01735581188997338,2.6075629826003097,22.462992728226386,4086693026003.25,43.53251310231335,
RELIANCE_2015-12-31,RELIANCE,2016-01-19,,,,,,,,
RELIANCE_2016-03-31,RELIANCE,2016-04-20,,,,,,,,
RELIANCE_2016-06-30,RELIANCE,2016-07-13,,,,,,,,
RELIANCE_2016-09-30,RELIANCE,2016-10-20,,,,,,,,
RELIANCE_2016-12-31,RELIANCE,2017-01-16,,,,,,,,
RELIANCE_2017-03-31,RELIANCE,2017-04-24,,,,,,,,
RELIANCE_2017-06-30,RELIANCE,2017-07-20,,,,,,,,
RELIANCE_2017-09-30,RELIANCE,2017-10-11,,,,,,,,
RELIANCE_2017-12-31,RELIANCE,2018-01-17,,,,,,,,
RELIANCE_2018-03-31,RELIANCE,2018-04-25,,,,,,,,
RELIANCE_2018-06-30,RELIANCE,2018-07-25,,,,,,,,
RELIANCE_2018-09-30,RELIANCE,2018-10-15,,,,,,,,
RELIANCE_2018-12-31,RELIANCE,2019-01-17,,,,,,,,
RELIANCE_2019-03-31,RELIANCE,2019-04-15,,,,,,,,
RELIANCE_2019-06-30,RELIANCE,2019-07-17,,,,,,,,
RELIANCE_2019-09-30,RELIANCE,2019-10-16,,,,,,,,
RELIANCE_2019-12-31,RELIANCE,2020-01-15,,,,,,,,
RELIANCE_2020-03-31,RELIANCE,2020-04-28,,,,,,,,
RELIANCE_2020-06-30,RELIANCE,2020-07-30,,,,,,,,
RELIANCE_2020-09-30,RELIANCE,2020-10-28,,,,,,,,
RELIANCE_2020-12-31,RELIANCE,2021-01-20,,,,,,,,
RELIANCE_2021-03-31,RELIANCE,2021-04-28,,,,,,,,
RELIANCE_2021-06-30,RELIANCE,2021-07-21,,,,,,,,
RELIANCE_2021-09-30,RELIANCE,2021-10-20,,,,,,,,
RELIANCE_2021-12-31,RELIANCE,2022-01-19,,,,,,,,
RELIANCE_2022-03-31,RELIANCE,2022-05-04,,,,,,,,
RELIANCE_2022-06-30,RELIANCE,2022-07-20,,,,,,,,
RELIANCE_2022-09-30,RELIANCE,2022-10-19,,,,,,,,
RELIANCE_2022-12-31,RELIANCE,2023-01-18,,,,,,,,
RELIANCE_2023-03-31,RELIANCE,2023-04-19,,,,,,,,
RELIANCE_2023-06-30,RELIANCE,2023-07-19,17747644653469.93,26.605402285506898,0.037586351420994785,2.4791645229133046,,20750004653469.93,,
RELIANCE_2023-09-30,RELIANCE,2023-10-25,15277501648535.615,22.902423685686934,0.043663501021726295,2.134110797535819,,18279861648535.617,,
RELIANCE_2023-12-31,RELIANCE,2024-01-17,18425088253472.73,27.62095448162846,0.036204396943093714,2.5737964682894057,,21427448253472.73,,
RELIANCE_2024-03-31,RELIANCE,2024-04-22,20025608122860.117,30.020285537801755,0.03331080907744175,2.7973727318375516,,23027968122860.117,,
RELIANCE_2024-06-30,RELIANCE,2024-07-19,42089257732488.41,60.452866861030124,0.01654181268687908,5.304381293627497,,44615277732488.41,,
RELIANCE_2024-09-30,RELIANCE,2024-10-14,37146615097761.41,53.35374149659864,0.01874282799948999,4.68147505709165,,39672635097761.41,,
RELIANCE_2024-12-31,RELIANCE,2025-01-16,17137877521560.602,24.61516034985423,0.04062537012910103,2.1598346427401034,,19663897521560.6,,
RELIANCE_2025-03-31,RELIANCE,2025-04-25,17597296323611.203,25.27502429543246,0.03956474930790526,2.2177337987439145,,20123316323611.203,,
RELIANCE_2025-06-30,RELIANCE,2025-07-18,19974518316288.0,102.92887029288703,0.009715447154471545,2.3688944872258064,7.641712058812187,21282348316288.0,60.36175709424244,
RELIANCE_2025-09-30,RELIANCE,2025-10-17,19170475789942.4,71.01754385964912,0.01408102766798419,,7.86861979951008,,,
RELIANCE_2025-12-31,RELIANCE,2026-01-16,19728991853108.6,,,,,,,
RELIANCE_2026-03-31,RELIANCE,2026-04-24,17965769956449.0,96.35703918722787,0.010378068986293116,,6.781967103848172,,,
RELIANCE_2026-06-30,RELIANCE,2026-07-17,17960297679844.8,105.83732057416269,0.009448462929475586,1.9866926628369412,6.107719090333845,19168177679844.8,56.744161278403794,
SBILIFE_2017-09-30,SBILIFE,2017-10-30,,,,,,,,
SBILIFE_2017-12-31,SBILIFE,2018-01-29,,,,,,,,
SBILIFE_2018-03-31,SBILIFE,2018-04-25,,,,,,,,
SBILIFE_2018-06-30,SBILIFE,2018-07-25,,,,,,,,
SBILIFE_2018-09-30,SBILIFE,2018-10-16,,,,,,,,
SBILIFE_2018-12-31,SBILIFE,2019-01-16,,,,,,,,
SBILIFE_2019-03-31,SBILIFE,2019-04-25,,,,,,,,
SBILIFE_2019-06-30,SBILIFE,2019-07-23,,,,,,,,
SBILIFE_2019-09-30,SBILIFE,2019-10-15,,,,,,,,
SBILIFE_2019-12-31,SBILIFE,2020-01-21,,,,,,,,
SBILIFE_2020-03-31,SBILIFE,2020-05-04,,,,,,,,
SBILIFE_2020-06-30,SBILIFE,2020-07-20,,,,,,,,
SBILIFE_2020-09-30,SBILIFE,2020-10-25,,,,,,,,
SBILIFE_2020-12-31,SBILIFE,2021-01-20,,,,,,,,
SBILIFE_2021-03-31,SBILIFE,2021-05-02,,,,,,,,
SBILIFE_2021-06-30,SBILIFE,2021-07-25,,,,,,,,
SBILIFE_2021-09-30,SBILIFE,2021-10-27,,,,,,,,
SBILIFE_2021-12-31,SBILIFE,2022-01-19,,,,,,,,
SBILIFE_2022-03-31,SBILIFE,2022-04-27,,,,,,,,
SBILIFE_2022-12-31,SBILIFE,2023-01-18,,,,,,,,
SBILIFE_2023-03-31,SBILIFE,2023-04-26,,,,,,,,
SBILIFE_2023-06-30,SBILIFE,2023-07-25,1302264146498.9927,75.73340952188228,0.013204212068533132,10.00396341239442,,,,
SBILIFE_2023-09-30,SBILIFE,2023-10-25,1315325871975.7573,76.49301655495125,0.013073088826110255,10.104303289003617,,,,
SBILIFE_2023-12-31,SBILIFE,2024-01-23,1376730741004.5,80.0640279394645,0.012490003635041803,10.576014089579582,,,,
SBILIFE_2024-03-31,SBILIFE,2024-04-24,1461356441749.7644,84.98545103772555,0.011766719924285558,11.22610678872963,,,,
SBILIFE_2024-06-30,SBILIFE,2024-07-24,1635343031071.75,86.39947089947091,0.011574144952386782,10.969154841726835,,,,
SBILIFE_2024-09-30,SBILIFE,2024-10-22,1700638579389.75,89.84920634920636,0.011129758855224802,11.407128383893214,,,,
SBILIFE_2024-12-31,SBILIFE,2025-01-16,1515818127824.0,80.08465608465609,0.012486786469344608,10.167434868451414,,,,
SBILIFE_2025-06-30,SBILIFE,2025-07-23,1813363432688.5,223.11960542540075,0.004481901077645759,10.676043959579873,7.862873613003445,,,
SBILIFE_2025-09-30,SBILIFE,2025-10-23,1857056290564.0,312.42833052276563,0.00320073406379878,10.410477043065667,4.760103418414506,,,
SBILIFE_2025-12-31,SBILIFE,2026-01-27,2042992460424.0,343.7099494097808,0.002909429889117849,11.452817136706667,5.236704694452661,,,
SBILIFE_2026-03-31,SBILIFE,2026-04-22,1890133678662.4,327.7913043478261,0.0030507215619694395,9.937825571752072,4.099161636864689,,,
SBILIFE_2026-06-30,SBILIFE,2026-07-23,1859231246273.5,231.10972568578555,0.004326949015376315,9.741335252402285,45.403359437388275,,,
SBIN_2015-12-31,SBIN,2016-02-10,,,,,,,,
SBIN_2016-03-31,SBIN,2016-05-25,,,,,,,,
SBIN_2016-06-30,SBIN,2016-08-10,,,,,,,,
SBIN_2016-09-30,SBIN,2016-11-09,,,,,,,,
SBIN_2016-12-31,SBIN,2017-02-08,,,,,,,,
SBIN_2017-03-31,SBIN,2017-05-17,,,,,,,,
SBIN_2017-06-30,SBIN,2017-08-09,,,,,,,,
SBIN_2017-09-30,SBIN,2017-11-08,,,,,,,,
SBIN_2017-12-31,SBIN,2018-02-07,,,,,,,,
SBIN_2018-03-31,SBIN,2018-05-21,,,,,,,,
SBIN_2018-06-30,SBIN,2018-08-08,,,,,,,,
SBIN_2018-09-30,SBIN,2018-11-04,,,,,,,,
SBIN_2018-12-31,SBIN,2019-01-30,,,,,,,,
SBIN_2019-03-31,SBIN,2019-05-08,,,,,,,,
SBIN_2019-06-30,SBIN,2019-07-31,,,,,,,,
SBIN_2019-09-30,SBIN,2019-10-23,,,,,,,,
SBIN_2019-12-31,SBIN,2020-01-29,,,,,,,,
SBIN_2020-03-31,SBIN,2020-06-03,,,,,,,,
SBIN_2020-06-30,SBIN,2020-07-29,,,,,,,,
SBIN_2020-09-30,SBIN,2020-11-04,,,,,,,,
SBIN_2020-12-31,SBIN,2021-02-03,,,,,,,,
SBIN_2021-03-31,SBIN,2021-05-19,,,,,,,,
SBIN_2021-06-30,SBIN,2021-08-03,,,,,,,,
SBIN_2021-09-30,SBIN,2021-11-02,,,,,,,,
SBIN_2021-12-31,SBIN,2022-02-02,,,,,,,,
SBIN_2022-03-31,SBIN,2022-05-11,,,,,,,,
SBIN_2022-12-31,SBIN,2023-02-01,,,,,,,,
SBIN_2023-03-31,SBIN,2023-05-17,,,,,,,,
SBIN_2023-06-30,SBIN,2023-08-02,5340934120845.316,9.59823596162039,0.10418581122600142,1.4880100597288384,,5192829382845.316,,
SBIN_2023-09-30,SBIN,2023-11-01,5054900417303.634,9.084202476568764,0.11008120994433344,1.4083196874716053,,4906795679303.633,,
SBIN_2023-12-31,SBIN,2024-01-31,5716213943727.0,10.272654370489175,0.09734582357533177,1.5925648321761756,,5568109205727.0,,
SBIN_2024-03-31,SBIN,2024-05-08,7236075247144.184,13.00400942731305,0.07689935981587678,2.0160055370615995,,7087970509144.184,,
SBIN_2024-06-30,SBIN,2024-08-01,7698816484865.1,11.475987761074895,0.087138468672115,1.8554084583130517,,7288171065865.1,,
SBIN_2024-09-30,SBIN,2024-11-07,7671596418466.4,11.43541306372223,0.0874476500697999,1.8488484446367581,,7260950999466.4,,
SBIN_2024-12-31,SBIN,2025-02-05,6836698972040.699,10.190900625249434,0.09812675412832061,1.6476388448278134,,6426053553040.699,,
SBIN_2025-06-30,SBIN,2025-08-07,7185657820375.1,36.6643897996357,0.027274420915357388,1.475383057236805,7.090974169580936,7158420431375.1,,
SBIN_2025-09-30,SBIN,2025-11-03,8475711646289.801,39.97053872053872,0.025018426871643677,1.6284552311052372,9.552749795875497,10435592946289.8,,
SBIN_2025-12-31,SBIN,2026-02-05,,,,,,,,
SBIN_2026-03-31,SBIN,2026-05-07,10079834403912.0,47.2932005197055,0.021144688644688645,1.7026290009967637,9.43223771343081,13799780803912.0,,
SBIN_2026-06-30,SBIN,2026-08-06,10015220080810.0,50.98684210526316,0.01961290322580645,1.6800371520586115,9.903744522835417,10613007536810.0,,
SHRIRAMFIN_2015-12-31,SHRIRAMFIN,2016-01-27,,,,,,,,
SHRIRAMFIN_2016-03-31,SHRIRAMFIN,2016-04-27,,,,,,,,
SHRIRAMFIN_2016-06-30,SHRIRAMFIN,2016-07-26,,,,,,,,
SHRIRAMFIN_2016-09-30,SHRIRAMFIN,2016-10-24,,,,,,,,
SHRIRAMFIN_2016-12-31,SHRIRAMFIN,2017-01-30,,,,,,,,
SHRIRAMFIN_2017-03-31,SHRIRAMFIN,2017-04-26,,,,,,,,
SHRIRAMFIN_2017-06-30,SHRIRAMFIN,2017-07-30,,,,,,,,
SHRIRAMFIN_2017-09-30,SHRIRAMFIN,2017-10-31,,,,,,,,
SHRIRAMFIN_2017-12-31,SHRIRAMFIN,2018-01-23,,,,,,,,
SHRIRAMFIN_2018-03-31,SHRIRAMFIN,2018-04-25,,,,,,,,
SHRIRAMFIN_2018-06-30,SHRIRAMFIN,2018-07-26,,,,,,,,
SHRIRAMFIN_2018-09-30,SHRIRAMFIN,2018-10-25,,,,,,,,
SHRIRAMFIN_2018-12-31,SHRIRAMFIN,2019-01-27,,,,,,,,
SHRIRAMFIN_2019-03-31,SHRIRAMFIN,2019-05-08,,,,,,,,
SHRIRAMFIN_2019-06-30,SHRIRAMFIN,2019-07-24,,,,,,,,
SHRIRAMFIN_2019-09-30,SHRIRAMFIN,2019-10-24,,,,,,,,
SHRIRAMFIN_2019-12-31,SHRIRAMFIN,2020-02-03,,,,,,,,
SHRIRAMFIN_2020-03-31,SHRIRAMFIN,2020-06-10,,,,,,,,
SHRIRAMFIN_2020-06-30,SHRIRAMFIN,2020-08-13,,,,,,,,
SHRIRAMFIN_2020-09-30,SHRIRAMFIN,2020-10-29,,,,,,,,
SHRIRAMFIN_2020-12-31,SHRIRAMFIN,2021-01-28,,,,,,,,
SHRIRAMFIN_2021-03-31,SHRIRAMFIN,2021-04-29,,,,,,,,
SHRIRAMFIN_2021-06-30,SHRIRAMFIN,2021-07-28,,,,,,,,
SHRIRAMFIN_2021-09-30,SHRIRAMFIN,2021-10-27,,,,,,,,
SHRIRAMFIN_2021-12-31,SHRIRAMFIN,2022-01-24,,,,,,,,
SHRIRAMFIN_2022-03-31,SHRIRAMFIN,2022-04-28,,,,,,,,
SHRIRAMFIN_2022-12-31,SHRIRAMFIN,2023-01-31,,,,,,,,
SHRIRAMFIN_2023-03-31,SHRIRAMFIN,2023-04-27,,,,,,,,
SHRIRAMFIN_2023-06-30,SHRIRAMFIN,2023-07-26,681139353996.85,11.381780221869036,0.08785971794452617,1.5653748202183215,,1863121853996.85,,
SHRIRAMFIN_2023-09-30,SHRIRAMFIN,2023-10-25,680016117875.3046,11.363011042555469,0.0880048427529387,1.5627934313563958,,1861998617875.3047,,
SHRIRAMFIN_2023-12-31,SHRIRAMFIN,2024-01-23,853506964215.3864,14.262028214242768,0.07011625450308326,1.9615050911739342,,2035489464215.3862,,
SHRIRAMFIN_2024-03-31,SHRIRAMFIN,2024-04-24,921484231602.5409,15.3979225256547,0.06494382591767725,2.1177284867106896,,2103466731602.541,,
SHRIRAMFIN_2024-06-30,SHRIRAMFIN,2024-07-25,5033744689950.0,68.44660194174757,0.014609929078014184,10.284046722156482,,6488803389950.0,,
SHRIRAMFIN_2024-09-30,SHRIRAMFIN,2024-10-25,5810978169232.5,79.01507409299948,0.012655812975926795,11.871951136721629,,7266036869232.5,,
SHRIRAMFIN_2024-12-31,SHRIRAMFIN,2025-01-23,995475153689.9999,13.53602452733776,0.07387693469233673,2.033776764986377,,2450533853690.0,,
SHRIRAMFIN_2025-06-30,SHRIRAMFIN,2025-07-24,1191317207174.0,55.62335381913959,0.017978060137321446,2.109652921107239,19.63863985753826,2781875107174.0,,
SHRIRAMFIN_2025-09-30,SHRIRAMFIN,2025-10-30,1389866651894.0,64.36355710549259,0.0155367422959702,,23.166876720288965,,,
SHRIRAMFIN_2025-12-31,SHRIRAMFIN,2026-01-22,1893004969156.0,87.66346992153443,0.011407260069617108,,31.55339592583888,,,
SHRIRAMFIN_2026-03-31,SHRIRAMFIN,2026-04-23,1899684334558.0,75.09672619047619,0.013316159714653721,,28.210843296257135,,,
SHRIRAMFIN_2026-06-30,SHRIRAMFIN,2026-07-23,1930109757571.7998,63.91277258566978,0.015646324819652956,2.928020392383696,27.137936643858033,3688194557571.8,,
SUNPHARMA_2015-12-31,SUNPHARMA,2016-02-10,,,,,,,,
SUNPHARMA_2016-03-31,SUNPHARMA,2016-05-30,,,,,,,,
SUNPHARMA_2016-06-30,SUNPHARMA,2016-08-10,,,,,,,,
SUNPHARMA_2016-09-30,SUNPHARMA,2016-11-10,,,,,,,,
SUNPHARMA_2016-12-31,SUNPHARMA,2017-02-14,,,,,,,,
SUNPHARMA_2017-03-31,SUNPHARMA,2017-05-28,,,,,,,,
SUNPHARMA_2017-06-30,SUNPHARMA,2017-08-09,,,,,,,,
SUNPHARMA_2017-09-30,SUNPHARMA,2017-11-14,,,,,,,,
SUNPHARMA_2017-12-31,SUNPHARMA,2018-02-14,,,,,,,,
SUNPHARMA_2018-03-31,SUNPHARMA,2018-05-23,,,,,,,,
SUNPHARMA_2018-06-30,SUNPHARMA,2018-08-12,,,,,,,,
SUNPHARMA_2018-09-30,SUNPHARMA,2018-11-13,,,,,,,,
SUNPHARMA_2018-12-31,SUNPHARMA,2019-02-10,,,,,,,,
SUNPHARMA_2019-03-31,SUNPHARMA,2019-05-28,,,,,,,,
SUNPHARMA_2019-06-30,SUNPHARMA,2019-08-13,,,,,,,,
SUNPHARMA_2019-09-30,SUNPHARMA,2019-11-06,,,,,,,,
SUNPHARMA_2019-12-31,SUNPHARMA,2020-02-05,,,,,,,,
SUNPHARMA_2020-03-31,SUNPHARMA,2020-05-26,,,,,,,,
SUNPHARMA_2020-06-30,SUNPHARMA,2020-07-29,,,,,,,,
SUNPHARMA_2020-09-30,SUNPHARMA,2020-11-02,,,,,,,,
SUNPHARMA_2020-12-31,SUNPHARMA,2021-01-27,,,,,,,,
SUNPHARMA_2021-03-31,SUNPHARMA,2021-05-27,,,,,,,,
SUNPHARMA_2021-06-30,SUNPHARMA,2021-07-28,,,,,,,,
SUNPHARMA_2021-09-30,SUNPHARMA,2021-11-01,,,,,,,,
SUNPHARMA_2021-12-31,SUNPHARMA,2022-01-30,,,,,,,,
SUNPHARMA_2022-03-31,SUNPHARMA,2022-05-30,,,,,,,,
SUNPHARMA_2022-12-31,SUNPHARMA,2023-01-30,,,,,,,,
SUNPHARMA_2023-03-31,SUNPHARMA,2023-05-24,,,,,,,,
SUNPHARMA_2023-06-30,SUNPHARMA,2023-08-02,2723845024692.5,32.1600566572238,0.031094472583131468,4.864410286513816,,2746466424692.5,,
SUNPHARMA_2023-09-30,SUNPHARMA,2023-10-31,2611915989764.4863,30.838526220564805,0.032426971147964445,4.664520518950824,,2634537389764.4863,,
SUNPHARMA_2023-12-31,SUNPHARMA,2024-01-30,3291287745097.5,38.85977337110482,0.02573355203207581,5.877784462035082,,3313909145097.5,,
SUNPHARMA_2024-03-31,SUNPHARMA,2024-05-21,3697255104866.472,43.652973121016295,0.02290794712258808,6.602785988534183,,3719876504866.472,,
SUNPHARMA_2024-06-30,SUNPHARMA,2024-07-31,4125296580669.5,43.09147869674185,0.023206444295809463,6.479514944094838,,4065176780669.5,,
SUNPHARMA_2024-09-30,SUNPHARMA,2024-10-25,4463722778188.0,46.626566416040106,0.021447000645022574,7.011073720879423,,4403602978188.0,,
SUNPHARMA_2024-12-31,SUNPHARMA,2025-01-30,4172683446327.0,43.58646616541353,0.022942901500776262,6.5539444785967556,,4112563646327.0,,
SUNPHARMA_2025-03-31,SUNPHARMA,2025-05-22,4123737012939.0,43.07518796992481,0.02321522080642346,6.477065364478319,,4063617212939.0,,
SUNPHARMA_2025-06-30,SUNPHARMA,2025-07-30,4159966970986.0,192.64444444444445,0.005190910139577806,5.760289427743935,32.46023177246757,3920412470986.0,98.81864831789035,
SUNPHARMA_2025-09-30,SUNPHARMA,2025-11-03,4092899192028.0,179.62105263157895,0.00556727613689639,,29.68865813120055,,,
SUNPHARMA_2025-12-31,SUNPHARMA,2026-01-29,3812028062523.5,167.29473684210527,0.005977474359781036,,27.65130354425518,,,
SUNPHARMA_2026-03-31,SUNPHARMA,2026-05-21,4551021680444.1,135.09285714285713,0.0074023158673927995,,29.420137606488947,,,
SUNPHARMA_2026-09-30,SUNPHARMA,2026-07-30,4801309208467.0,177.08849557522123,0.005646894208185498,5.745248340006574,32.97659100236611,4509767808467.0,102.19973731427471,
TATACONSUM_2015-12-31,TATACONSUM,2016-02-10,,,,,,,,
TATACONSUM_2016-03-31,TATACONSUM,2016-05-24,,,,,,,,
TATACONSUM_2016-06-30,TATACONSUM,2016-08-08,,,,,,,,
TATACONSUM_2016-09-30,TATACONSUM,2016-11-15,,,,,,,,
TATACONSUM_2016-12-31,TATACONSUM,2017-02-01,,,,,,,,
TATACONSUM_2017-03-31,TATACONSUM,2017-05-30,,,,,,,,
TATACONSUM_2017-06-30,TATACONSUM,2017-08-09,,,,,,,,
TATACONSUM_2017-09-30,TATACONSUM,2017-11-13,,,,,,,,
TATACONSUM_2017-12-31,TATACONSUM,2018-01-31,,,,,,,,
TATACONSUM_2018-03-31,TATACONSUM,2018-05-09,,,,,,,,
TATACONSUM_2018-06-30,TATACONSUM,2018-07-31,,,,,,,,
TATACONSUM_2018-09-30,TATACONSUM,2018-10-30,,,,,,,,
TATACONSUM_2018-12-31,TATACONSUM,2019-02-04,,,,,,,,
TATACONSUM_2019-03-31,TATACONSUM,2019-04-23,,,,,,,,
TATACONSUM_2019-06-30,TATACONSUM,2019-07-31,,,,,,,,
TATACONSUM_2019-09-30,TATACONSUM,2019-10-30,,,,,,,,
TATACONSUM_2019-12-31,TATACONSUM,2020-02-04,,,,,,,,
TATACONSUM_2020-03-31,TATACONSUM,2020-05-14,,,,,,,,
TATACONSUM_2020-06-30,TATACONSUM,2020-08-04,,,,,,,,
TATACONSUM_2020-09-30,TATACONSUM,2020-11-04,,,,,,,,
TATACONSUM_2020-12-31,TATACONSUM,2021-02-02,,,,,,,,
TATACONSUM_2021-03-31,TATACONSUM,2021-05-06,,,,,,,,
TATACONSUM_2021-06-30,TATACONSUM,2021-08-03,,,,,,,,
TATACONSUM_2021-09-30,TATACONSUM,2021-10-20,,,,,,,,
TATACONSUM_2021-12-31,TATACONSUM,2022-02-02,,,,,,,,
TATACONSUM_2022-03-31,TATACONSUM,2022-05-04,,,,,,,,
TATACONSUM_2022-12-31,TATACONSUM,2023-02-02,,,,,,,,
TATACONSUM_2023-03-31,TATACONSUM,2023-04-25,,,,,,,,
TATACONSUM_2023-06-30,TATACONSUM,2023-07-26,821955337924.7887,67.95416631298173,0.014715801168014088,5.049886235761335,,822560137924.7887,,
TATACONSUM_2023-09-30,TATACONSUM,2023-10-31,846974208860.5,70.02257129569128,0.014281109383675737,5.203595867103979,,847579008860.5,,
TATACONSUM_2023-12-31,TATACONSUM,2024-02-07,1096880933944.4226,90.6833084130642,0.011027387702320927,6.738959740294093,,1097485733944.4226,,
TATACONSUM_2024-03-31,TATACONSUM,2024-04-23,1103605960342.4614,91.23929186037083,0.010960190282168809,6.78027660591398,,1104210760342.4614,,
TATACONSUM_2024-06-30,TATACONSUM,2024-07-30,1152695205952.5,97.94262295081968,0.010210059419198258,7.178864554823847,,1164269105952.5,,
TATACONSUM_2024-09-30,TATACONSUM,2024-10-18,1054635562731.25,89.61065573770492,0.011159387148410702,6.568159406277656,,1066209462731.25,,
TATACONSUM_2024-12-31,TATACONSUM,2025-01-30,932555406807.5,79.23770491803279,0.012620254473983655,5.807857030001015,,944129306807.5,,
TATACONSUM_2025-06-30,TATACONSUM,2025-07-23,1051441167730.7999,304.4699140401146,0.0032843967626576325,5.256921964867897,22.811694120280652,1044269167730.7999,144.47953287733472,
TATACONSUM_2025-09-30,TATACONSUM,2025-10-31,1155147626455.0,345.6973293768546,0.002892703862660944,,24.171780310886792,,,
TATACONSUM_2025-12-31,TATACONSUM,2026-01-23,1143744881644.5,342.2848664688427,0.0029215431296055485,,23.933174754169883,,,
TATACONSUM_2026-03-31,TATACONSUM,2026-05-08,1165923407689.4001,303.1443298969072,0.003298758714504336,,22.807578397679972,,,
TATACONSUM_2026-06-30,TATACONSUM,2026-07-24,1076643216640.0,256.60377358490564,0.003897058823529412,4.941557012841749,19.814473898432354,1061639116640.0,125.22725699659105,
TATASTEEL_2015-12-31,TATASTEEL,2016-02-04,,,,,,,,
TATASTEEL_2016-03-31,TATASTEEL,2016-05-25,,,,,,,,
TATASTEEL_2016-06-30,TATASTEEL,2016-09-08,,,,,,,,
TATASTEEL_2016-09-30,TATASTEEL,2016-11-09,,,,,,,,
TATASTEEL_2016-12-31,TATASTEEL,2017-02-07,,,,,,,,
TATASTEEL_2017-03-31,TATASTEEL,2017-05-16,,,,,,,,
TATASTEEL_2017-06-30,TATASTEEL,2017-08-07,,,,,,,,
TATASTEEL_2017-09-30,TATASTEEL,2017-10-30,,,,,,,,
TATASTEEL_2017-12-31,TATASTEEL,2018-02-07,,,,,,,,
TATASTEEL_2018-03-31,TATASTEEL,2018-05-16,,,,,,,,
TATASTEEL_2018-06-30,TATASTEEL,2018-08-13,,,,,,,,
TATASTEEL_2018-09-30,TATASTEEL,2018-11-13,,,,,,,,
TATASTEEL_2018-12-31,TATASTEEL,2019-02-06,,,,,,,,
TATASTEEL_2019-03-31,TATASTEEL,2019-04-25,,,,,,,,
TATASTEEL_2019-06-30,TATASTEEL,2019-08-07,,,,,,,,
TATASTEEL_2019-09-30,TATASTEEL,2019-11-06,,,,,,,,
TATASTEEL_2019-12-31,TATASTEEL,2020-02-05,,,,,,,,
TATASTEEL_2020-03-31,TATASTEEL,2020-06-29,,,,,,,,
TATASTEEL_2020-06-30,TATASTEEL,2020-08-13,,,,,,,,
TATASTEEL_2020-09-30,TATASTEEL,2020-11-13,,,,,,,,
TATASTEEL_2020-12-31,TATASTEEL,2021-02-09,,,,,,,,
TATASTEEL_2021-03-31,TATASTEEL,2021-05-05,,,,,,,,
TATASTEEL_2021-06-30,TATASTEEL,2021-08-12,,,,,,,,
TATASTEEL_2021-09-30,TATASTEEL,2021-11-11,,,,,,,,
TATASTEEL_2021-12-31,TATASTEEL,2022-02-02,,,,,,,,
TATASTEEL_2022-03-31,TATASTEEL,2022-05-03,,,,,,,,
TATASTEEL_2022-12-31,TATASTEEL,2023-02-06,,,,,,,,
TATASTEEL_2023-03-31,TATASTEEL,2023-05-02,,,,,,,,
TATASTEEL_2023-06-30,TATASTEEL,2023-07-24,1410238029585.0,16.10878661087866,0.06207792207792208,1.36807266206742,,2137869529585.0,,
TATASTEEL_2023-09-30,TATASTEEL,2023-11-01,1423668849331.2427,16.26220341340601,0.06149228210831712,1.3811019074419737,,2151300349331.2427,,
TATASTEEL_2023-12-31,TATASTEEL,2024-01-24,1650161567887.471,18.84937153367983,0.05305216665782263,1.600822614098346,,2377793067887.4707,,
TATASTEEL_2024-03-31,TATASTEEL,2024-05-29,2127566897447.5,24.302649930264995,0.04114777618364419,2.0639537780540946,,2855198397447.5,,
TATASTEEL_2024-06-30,TATASTEEL,2024-07-31,2061970565526.6301,-45.671270718232044,-0.021895602733926087,2.2404015195035387,,2861983365526.63,,
TATASTEEL_2024-09-30,TATASTEEL,2024-11-06,1915925230001.82,-42.43646408839779,-0.02356464002083062,2.0817182690747815,,2715938030001.8203,,
TATASTEEL_2024-12-31,TATASTEEL,2025-01-27,1576067382602.07,-34.908839779005525,-0.02864603940808736,1.712451097923318,,2376080182602.0703,,
TATASTEEL_2025-06-30,TATASTEEL,2025-07-30,2012457330510.9602,58.89051094890511,0.016980664352999504,2.2073768759519594,,2847470730510.96,,
TATASTEEL_2025-09-30,TATASTEEL,2025-11-12,2222122304229.0503,106.95209580838325,0.009349980404232685,,4.21302774743976,,,
TATASTEEL_2025-12-31,TATASTEEL,2026-02-06,2457702290223.66,79.14056224899598,0.012635745458236071,2.5884909736492347,4.2216926644678345,3313493390223.66,37.270338895010255,
TATASTEEL_2026-03-31,TATASTEEL,2026-05-15,2699156055515.4,100.38888888888889,0.009961261759822912,,4.764950169544743,,,
TATASTEEL_2026-06-30,TATASTEEL,2026-07-30,2331237755448.1196,79.88034188034187,0.012518724588059063,2.2817768202049473,3.718835208350972,3134333155448.1196,31.752462027708216,
TCS_2015-12-31,TCS,2016-01-12,,,,,,,,
TCS_2016-03-31,TCS,2016-04-12,,,,,,,,
TCS_2016-06-30,TCS,2016-07-14,,,,,,,,
TCS_2016-09-30,TCS,2016-10-13,,,,,,,,
TCS_2016-12-31,TCS,2017-01-12,,,,,,,,
TCS_2017-03-31,TCS,2017-04-18,,,,,,,,
TCS_2017-06-30,TCS,2017-07-13,,,,,,,,
TCS_2017-09-30,TCS,2017-10-12,,,,,,,,
TCS_2017-12-31,TCS,2018-01-11,,,,,,,,
TCS_2018-03-31,TCS,2018-04-19,,,,,,,,
TCS_2018-06-30,TCS,2018-07-10,,,,,,,,
TCS_2018-09-30,TCS,2018-10-11,,,,,,,,
TCS_2018-12-31,TCS,2019-01-10,,,,,,,,
TCS_2019-03-31,TCS,2019-04-10,,,,,,,,
TCS_2019-06-30,TCS,2019-07-09,,,,,,,,
TCS_2019-09-30,TCS,2019-10-10,,,,,,,,
TCS_2019-12-31,TCS,2020-01-15,,,,,,,,
TCS_2020-03-31,TCS,2020-04-16,,,,,,,,
TCS_2020-06-30,TCS,2020-07-09,,,,,,,,
TCS_2020-09-30,TCS,2020-10-07,,,,,,,,
TCS_2020-12-31,TCS,2021-01-06,,,,,,,,
TCS_2021-03-31,TCS,2021-04-12,,,,,,,,
TCS_2021-06-30,TCS,2021-07-08,,,,,,,,
TCS_2021-09-30,TCS,2021-10-06,,,,,,,,
TCS_2021-12-31,TCS,2022-01-12,,,,,,,,
TCS_2022-03-31,TCS,2022-04-11,,,,,,,,
TCS_2022-06-30,TCS,2022-07-06,,,,,,,,
TCS_2022-12-31,TCS,2023-01-09,,,,,,,,
TCS_2023-03-31,TCS,2023-04-12,,,,,,,,
TCS_2023-06-30,TCS,2023-07-12,11928141213513.465,28.300198822326156,0.035335440795952834,13.191344348307378,,11933871213513.465,,
TCS_2023-09-30,TCS,2023-10-11,13208809194063.465,31.33865702182264,0.03190947203971284,14.607636461629063,,13214539194063.465,,
TCS_2023-12-31,TCS,2024-01-11,13668569535074.768,32.42946478711802,0.030836154915428352,15.116085923067734,,13674299535074.768,,
TCS_2024-03-31,TCS,2024-04-09,14440629374777.768,34.26122101595733,0.029187517850990923,15.96990773995595,,14446359374777.768,,
TCS_2024-06-30,TCS,2024-07-11,14196289994376.6,31.17016205910391,0.03208196345286337,15.688415160269866,,14186429994376.6,,
TCS_2024-09-30,TCS,2024-10-10,15295103173593.2,33.58277724817286,0.029777167999243036,16.90272096452961,,15285243173593.2,,
TCS_2024-12-31,TCS,2025-01-09,14612912772074.299,32.08492214807753,0.031167287718038554,16.148827782464497,,14603052772074.299,,
TCS_2025-06-30,TCS,2025-07-10,12236371985876.0,100.08878366380586,0.009991129509166174,12.913559020933766,18.977298013114346,11912961985876.0,66.15372049020435,84.26673084412919
TCS_2025-09-30,TCS,2025-10-09,11077498553860.6,86.80748511482845,0.01151974393310906,11.313960324645695,17.46220431902612,10753158553860.6,58.015422464853515,92.93983181358
TCS_2025-12-31,TCS,2026-01-12,11721156323312.799,91.85143181173801,0.010887146561303867,11.971357699226637,18.47684525326355,11396816323312.799,61.48808375135041,98.34009835819111
TCS_2026-03-31,TCS,2026-04-09,9367228584102.0,87.91171477079797,0.011375048281189647,8.252410455648452,13.962807375649529,8903988584102.0,55.663844611790445,70.63209609487257
TCS_2026-06-30,TCS,2026-07-09,7415270368141.0,54.019504480759096,0.018511832154183946,6.914649727845021,10.488656494018219,7114370368141.0,35.51325497000449,53.39336382590006
TECHM_2015-12-31,TECHM,2016-02-01,,,,,,,,
TECHM_2016-03-31,TECHM,2016-05-24,,,,,,,,
TECHM_2016-06-30,TECHM,2016-08-01,,,,,,,,
TECHM_2016-09-30,TECHM,2016-10-27,,,,,,,,
TECHM_2016-12-31,TECHM,2017-01-30,,,,,,,,
TECHM_2017-03-31,TECHM,2017-05-02,,,,,,,,
TECHM_2017-06-30,TECHM,2017-07-31,,,,,,,,
TECHM_2017-09-30,TECHM,2017-10-31,,,,,,,,
TECHM_2017-12-31,TECHM,2018-01-29,,,,,,,,
TECHM_2018-03-31,TECHM,2018-05-23,,,,,,,,
TECHM_2018-06-30,TECHM,2018-07-30,,,,,,,,
TECHM_2018-09-30,TECHM,2018-10-30,,,,,,,,
TECHM_2018-12-31,TECHM,2019-02-05,,,,,,,,
TECHM_2019-03-31,TECHM,2019-05-21,,,,,,,,
TECHM_2019-06-30,TECHM,2019-07-30,,,,,,,,
TECHM_2019-09-30,TECHM,2019-11-05,,,,,,,,
TECHM_2019-12-31,TECHM,2020-01-29,,,,,,,,
TECHM_2020-03-31,TECHM,2020-04-28,,,,,,,,
TECHM_2020-06-30,TECHM,2020-07-27,,,,,,,,
TECHM_2020-09-30,TECHM,2020-10-21,,,,,,,,
TECHM_2020-12-31,TECHM,2021-01-27,,,,,,,,
TECHM_2021-03-31,TECHM,2021-04-26,,,,,,,,
TECHM_2021-06-30,TECHM,2021-07-29,,,,,,,,
TECHM_2021-09-30,TECHM,2021-10-25,,,,,,,,
TECHM_2021-12-31,TECHM,2022-02-01,,,,,,,,
TECHM_2022-03-31,TECHM,2022-05-11,,,,,,,,
TECHM_2022-12-31,TECHM,2023-01-30,,,,,,,,
TECHM_2023-03-31,TECHM,2023-04-27,,,,,,,,
TECHM_2023-06-30,TECHM,2023-07-26,1005915179382.7544,20.960761847669144,0.047708189581439325,3.6022674690066228,,992754179382.7544,,
TECHM_2023-09-30,TECHM,2023-10-25,1004991336391.1228,20.941511265384353,0.04775204555809532,3.598959108994334,,991830336391.1228,,
TECHM_2023-12-31,TECHM,2024-01-24,1238871840611.2544,25.814997271211496,0.03873717240773003,4.436505006754837,,1225710840611.2544,,
TECHM_2024-03-31,TECHM,2024-04-25,1047359113258.2456,21.824349996848643,0.045820379536819944,3.7506817069535554,,1034198113258.2456,,
TECHM_2024-06-30,TECHM,2024-07-25,1350260027820.0,57.56207674943567,0.01737254901960784,5.062956151319489,,1332156027820.0,,
TECHM_2024-09-30,TECHM,2024-10-17,1499406396906.0,63.92024078254327,0.01564449676280165,5.622197713131904,,1481302396906.0,,
TECHM_2024-12-31,TECHM,2025-01-17,1465252760908.2,62.46425884123401,0.01600915497199301,5.494134704598528,,1447148760908.2,,
TECHM_2025-06-30,TECHM,2025-07-16,1422602521655.7002,122.27376425855513,0.008178369301573481,5.199285571535552,10.629128225162136,1368784521655.7002,68.0445675907586,
TECHM_2025-09-30,TECHM,2025-10-14,1302022394448.0,114.1524105754277,0.008760217983651225,,9.752100144166816,,,
TECHM_2025-12-31,TECHM,2026-01-16,1479027111256.5,,,,,,,
TECHM_2026-03-31,TECHM,2026-04-21,1332197468582.4,118.73417721518986,0.008422174840085289,,9.25574207669177,,,
TECHM_2026-06-30,TECHM,2026-07-16,1337530172416.9,99.1010498687664,0.010090710454876516,4.51633330097483,8.871857923580368,1275137172416.9,54.01979124833298,
TITAN_2015-12-31,TITAN,2016-01-28,,,,,,,,
TITAN_2016-03-31,TITAN,2016-05-04,,,,,,,,
TITAN_2016-06-30,TITAN,2016-08-02,,,,,,,,
TITAN_2016-09-30,TITAN,2016-11-02,,,,,,,,
TITAN_2016-12-31,TITAN,2017-02-07,,,,,,,,
TITAN_2017-03-31,TITAN,2017-05-14,,,,,,,,
TITAN_2017-06-30,TITAN,2017-08-02,,,,,,,,
TITAN_2017-09-30,TITAN,2017-11-01,,,,,,,,
TITAN_2017-12-31,TITAN,2018-01-31,,,,,,,,
TITAN_2018-03-31,TITAN,2018-05-10,,,,,,,,
TITAN_2018-06-30,TITAN,2018-08-01,,,,,,,,
TITAN_2018-09-30,TITAN,2018-11-06,,,,,,,,
TITAN_2018-12-31,TITAN,2019-01-30,,,,,,,,
TITAN_2019-03-31,TITAN,2019-05-08,,,,,,,,
TITAN_2019-06-30,TITAN,2019-08-05,,,,,,,,
TITAN_2019-09-30,TITAN,2019-11-05,,,,,,,,
TITAN_2019-12-31,TITAN,2020-02-03,,,,,,,,
TITAN_2020-03-31,TITAN,2020-06-08,,,,,,,,
TITAN_2020-06-30,TITAN,2020-08-10,,,,,,,,
TITAN_2020-09-30,TITAN,2020-10-27,,,,,,,,
TITAN_2020-12-31,TITAN,2021-02-10,,,,,,,,
TITAN_2021-03-31,TITAN,2021-04-29,,,,,,,,
TITAN_2021-06-30,TITAN,2021-08-04,,,,,,,,
TITAN_2021-09-30,TITAN,2021-10-27,,,,,,,,
TITAN_2021-12-31,TITAN,2022-02-02,,,,,,,,
TITAN_2022-03-31,TITAN,2022-05-01,,,,,,,,
TITAN_2022-12-31,TITAN,2023-02-01,,,,,,,,
TITAN_2023-03-31,TITAN,2023-05-03,,,,,,,,
TITAN_2023-06-30,TITAN,2023-08-02,2649663413085.9375,81.32067474306884,0.01229699585203248,22.35814203937168,,2741013413085.9375,,
TITAN_2023-09-30,TITAN,2023-11-01,2824325913085.9375,86.6812319678708,0.011536522696985425,23.831962813989854,,2915675913085.9375,,
TITAN_2023-12-31,TITAN,2024-01-31,3290819543457.0312,100.998362437261,0.00990115063124106,27.768285743456513,,3382169543457.0312,,
TITAN_2024-03-31,TITAN,2024-05-01,3194432500000.0,98.04015296367113,0.010199902486591906,26.954961606615477,,3285782500000.0,,
TITAN_2024-06-30,TITAN,2024-08-02,3071317592266.0,87.92153377348907,0.011373777925397491,32.69794093757053,,3222507592266.0,,
TITAN_2024-09-30,TITAN,2024-11-05,2865430604190.0,82.02767902488573,0.012191006888011764,30.506021549984034,,3016620604190.0,,
TITAN_2024-12-31,TITAN,2025-02-04,3191381374412.0,91.35855764347383,0.010945882091336134,33.97616708625572,,3342571374412.0,,
TITAN_2025-06-30,TITAN,2025-08-07,3029880494582.0,347.83095723014253,0.0028749597447082593,26.065730338799035,21.80240695532849,3213520494582.0,194.40535357422868,
TITAN_2025-09-30,TITAN,2025-11-03,3303601219815.0,302.8048780487805,0.0033024567055980666,,22.300534763163224,,,
TITAN_2025-12-31,TITAN,2026-02-10,3786656992217.0005,347.0813008130081,0.002881169333114708,,25.56134057119617,,,
TITAN_2026-03-31,TITAN,2026-05-07,3823842911567.5,227.0690564048498,0.004403946604759141,,15.347553327583785,,,
TITAN_2026-06-30,TITAN,2026-08-07,4382890629660.0,372.3436322532027,0.0026856911556365107,27.91116748175508,21.268940795166692,4650150629660.0,213.9968076235619,
TMPV_2015-12-31,TMPV,2016-02-10,,,,,,,,
TMPV_2016-03-31,TMPV,2016-05-30,,,,,,,,
TMPV_2016-06-30,TMPV,2016-08-24,,,,,,,,
TMPV_2016-09-30,TMPV,2016-11-14,,,,,,,,
TMPV_2016-12-31,TMPV,2017-02-13,,,,,,,,
TMPV_2017-03-31,TMPV,2017-05-23,,,,,,,,
TMPV_2017-06-30,TMPV,2017-08-09,,,,,,,,
TMPV_2017-09-30,TMPV,2017-11-08,,,,,,,,
TMPV_2017-12-31,TMPV,2018-02-05,,,,,,,,
TMPV_2018-03-31,TMPV,2018-05-23,,,,,,,,
TMPV_2018-06-30,TMPV,2018-07-31,,,,,,,,
TMPV_2018-09-30,TMPV,2018-10-31,,,,,,,,
TMPV_2018-12-31,TMPV,2019-02-07,,,,,,,,
TMPV_2019-03-31,TMPV,2019-05-20,,,,,,,,
TMPV_2019-06-30,TMPV,2019-07-25,,,,,,,,
TMPV_2019-09-30,TMPV,2019-10-23,,,,,,,,
TMPV_2019-12-31,TMPV,2020-01-30,,,,,,,,
TMPV_2020-03-31,TMPV,2020-06-15,,,,,,,,
TMPV_2020-06-30,TMPV,2020-07-29,,,,,,,,
TMPV_2020-09-30,TMPV,2020-10-27,,,,,,,,
TMPV_2020-12-31,TMPV,2021-01-27,,,,,,,,
TMPV_2021-03-31,TMPV,2021-05-18,,,,,,,,
TMPV_2021-06-30,TMPV,2021-07-26,,,,,,,,
TMPV_2021-09-30,TMPV,2021-11-01,,,,,,,,
TMPV_2021-12-31,TMPV,2022-01-31,,,,,,,,
TMPV_2022-03-31,TMPV,2022-05-12,,,,,,,,
TMPV_2022-12-31,TMPV,2023-01-23,,,,,,,,
TMPV_2023-03-31,TMPV,2023-05-10,,,,,,,,
TMPV_2023-06-30,TMPV,2023-07-25,2448995852219.5146,101.66136919030703,0.009836578121705504,5.403572657257171,,3496260852219.5146,,
TMPV_2023-09-30,TMPV,2023-11-02,2437506310556.5146,101.18442165453597,0.009882944267984273,5.37822162486635,,3484771310556.5146,,
TMPV_2023-12-31,TMPV,2024-01-31,3386350959559.2646,140.57233898362978,0.0071137750657791505,7.471794383141674,,4433615959559.265,,
TMPV_2024-03-31,TMPV,2024-05-08,3876188278871.9707,160.90619643655603,0.006214801058915662,8.552593087942844,,4923453278871.971,,
TMPV_2024-06-30,TMPV,2024-08-01,3807907254514.643,12.135442408574287,0.08240325868082492,4.4842168380256755,,4505877254514.643,,
TMPV_2024-09-30,TMPV,2024-11-08,3807907254514.643,12.135442408574287,0.08240325868082492,4.4842168380256755,,4505877254514.643,,
TMPV_2024-12-31,TMPV,2025-01-29,3807907254514.643,12.135442408574287,0.08240325868082492,4.4842168380256755,,4505877254514.643,,
TMPV_2025-06-30,TMPV,2025-08-08,3657972267364.9785,12.61777808779762,0.0792532562422443,3.1495146261235867,,3721722267364.9785,,
TMPV_2025-09-30,TMPV,2025-11-13,1466249577363.9,37.36619718309859,0.026762156049754994,,1.6826173412789616,,,
TMPV_2025-12-31,TMPV,2026-02-05,1377723061419.95,-21.38,-0.046772684752104776,1.2440386663355336,1.9211354288143876,1470973061419.95,-58.53454283406088,
TMPV_2026-03-31,TMPV,2026-05-14,1246972016943.75,-35.77085533262935,-0.027955719557195575,,1.7914977615742405,,,
TMPV_2026-06-30,TMPV,2026-08-13,1287359196024.8,22.267515923566883,0.04490846681922196,1.1487304101302782,1.2269561450061475,1623029196024.8,12.355581577533496,
TRENT_2015-12-31,TRENT,2016-02-04,,,,,,,,
TRENT_2016-03-31,TRENT,2016-05-26,,,,,,,,
TRENT_2016-06-30,TRENT,2016-08-11,,,,,,,,
TRENT_2016-09-30,TRENT,2016-10-27,,,,,,,,
TRENT_2016-12-31,TRENT,2017-01-23,,,,,,,,
TRENT_2017-03-31,TRENT,2017-05-24,,,,,,,,
TRENT_2017-06-30,TRENT,2017-07-31,,,,,,,,
TRENT_2017-09-30,TRENT,2017-11-09,,,,,,,,
TRENT_2017-12-31,TRENT,2018-02-08,,,,,,,,
TRENT_2018-03-31,TRENT,2018-05-03,,,,,,,,
TRENT_2018-06-30,TRENT,2018-08-08,,,,,,,,
TRENT_2018-09-30,TRENT,2018-11-01,,,,,,,,
TRENT_2018-12-31,TRENT,2019-02-04,,,,,,,,
TRENT_2019-03-31,TRENT,2019-04-29,,,,,,,,
TRENT_2019-06-30,TRENT,2019-07-31,,,,,,,,
TRENT_2019-09-30,TRENT,2019-11-07,,,,,,,,
TRENT_2019-12-31,TRENT,2020-02-06,,,,,,,,
TRENT_2020-03-31,TRENT,2020-05-20,,,,,,,,
TRENT_2020-06-30,TRENT,2020-08-13,,,,,,,,
TRENT_2020-09-30,TRENT,2020-11-05,,,,,,,,
TRENT_2020-12-31,TRENT,2021-02-04,,,,,,,,
TRENT_2021-03-31,TRENT,2021-04-28,,,,,,,,
TRENT_2021-06-30,TRENT,2021-08-10,,,,,,,,
TRENT_2021-09-30,TRENT,2021-11-02,,,,,,,,
TRENT_2021-12-31,TRENT,2022-02-10,,,,,,,,
TRENT_2022-03-31,TRENT,2022-04-27,,,,,,,,
TRENT_2022-06-30,TRENT,2022-08-10,,,,,,,,
TRENT_2022-12-31,TRENT,2023-02-08,,,,,,,,
TRENT_2023-03-31,TRENT,2023-04-27,,,,,,,,
TRENT_2023-06-30,TRENT,2023-08-08,913798265980.0208,205.4796104522632,0.004866662915113512,35.20715803104696,,957607365980.0208,,
TRENT_2023-09-30,TRENT,2023-11-06,1190811869704.5208,267.76977831797063,0.0037345513981511475,45.88004075163151,,1234620969704.5208,,
TRENT_2023-12-31,TRENT,2024-02-06,1618356664685.0,363.90887290167865,0.0027479406919275126,62.35264496048916,,1662165764685.0,,
TRENT_2024-03-31,TRENT,2024-04-28,2295480344649.7085,516.169076457584,0.0019373496894910841,88.44111688543236,,2339289444649.7085,,
TRENT_2024-06-30,TRENT,2024-08-08,3009610165123.1,202.44261119081781,0.0049396715153877495,73.9872795489166,,3024194565123.1,,
TRENT_2024-09-30,TRENT,2024-11-06,3708862887440.9497,249.47812051649927,0.004008367539123997,91.17748153620806,,3723447287440.9497,,
TRENT_2024-12-31,TRENT,2025-02-05,3066052686690.4497,206.23923959827835,0.0048487378151114355,75.37484418105508,,3080637086690.4497,,
ULTRACEMCO_2015-12-31,ULTRACEMCO,2016-01-19,,,,,,,,
ULTRACEMCO_2016-03-31,ULTRACEMCO,2016-04-24,,,,,,,,
ULTRACEMCO_2016-06-30,ULTRACEMCO,2016-07-18,,,,,,,,
ULTRACEMCO_2016-09-30,ULTRACEMCO,2016-10-16,,,,,,,,
ULTRACEMCO_2016-12-31,ULTRACEMCO,2017-01-18,,,,,,,,
ULTRACEMCO_2017-03-31,ULTRACEMCO,2017-04-23,,,,,,,,
ULTRACEMCO_2017-06-30,ULTRACEMCO,2017-07-17,,,,,,,,
ULTRACEMCO_2017-09-30,ULTRACEMCO,2017-10-17,,,,,,,,
ULTRACEMCO_2017-12-31,ULTRACEMCO,2018-01-17,,,,,,,,
ULTRACEMCO_2018-03-31,ULTRACEMCO,2018-04-25,,,,,,,,
ULTRACEMCO_2018-06-30,ULTRACEMCO,2018-07-17,,,,,,,,
ULTRACEMCO_2018-09-30,ULTRACEMCO,2018-10-16,,,,,,,,
ULTRACEMCO_2018-12-31,ULTRACEMCO,2019-01-23,,,,,,,,
ULTRACEMCO_2019-03-31,ULTRACEMCO,2019-04-23,,,,,,,,
ULTRACEMCO_2019-06-30,ULTRACEMCO,2019-08-07,,,,,,,,
ULTRACEMCO_2019-09-30,ULTRACEMCO,2019-10-17,,,,,,,,
ULTRACEMCO_2019-12-31,ULTRACEMCO,2020-01-22,,,,,,,,
ULTRACEMCO_2020-03-31,ULTRACEMCO,2020-05-19,,,,,,,,
ULTRACEMCO_2020-06-30,ULTRACEMCO,2020-07-27,,,,,,,,
ULTRACEMCO_2020-09-30,ULTRACEMCO,2020-10-20,,,,,,,,
ULTRACEMCO_2020-12-31,ULTRACEMCO,2021-01-20,,,,,,,,
ULTRACEMCO_2021-03-31,ULTRACEMCO,2021-05-05,,,,,,,,
ULTRACEMCO_2021-06-30,ULTRACEMCO,2021-07-21,,,,,,,,
ULTRACEMCO_2021-09-30,ULTRACEMCO,2021-10-17,,,,,,,,
ULTRACEMCO_2021-12-31,ULTRACEMCO,2022-01-16,,,,,,,,
ULTRACEMCO_2022-03-31,ULTRACEMCO,2022-04-27,,,,,,,,
ULTRACEMCO_2022-12-31,ULTRACEMCO,2023-01-18,,,,,,,,
ULTRACEMCO_2023-03-31,ULTRACEMCO,2023-04-26,,,,,,,,
ULTRACEMCO_2023-06-30,ULTRACEMCO,2023-07-19,2401024007438.7246,47.4490155822747,0.021075252831453162,4.419777889400858,,2507897707438.7246,,
ULTRACEMCO_2023-09-30,ULTRACEMCO,2023-10-18,2386351162866.2754,47.15905095526661,0.021204837242135434,4.392768282743444,,2493224862866.2754,,
ULTRACEMCO_2023-12-31,ULTRACEMCO,2024-01-17,2840759210724.949,56.13905885054689,0.017812909950310974,5.2292374877448555,,2947632910724.949,,
ULTRACEMCO_2024-03-31,ULTRACEMCO,2024-04-28,2796438335672.449,55.263190102683154,0.018095227549150255,5.147652121255788,,2903312035672.449,,
ULTRACEMCO_2024-06-30,ULTRACEMCO,2024-07-18,3356658586470.25,47.95672582039774,0.020852132477623474,5.573300736591087,,3465152286470.25,,
ULTRACEMCO_2024-09-30,ULTRACEMCO,2024-10-18,3190097309769.6997,45.577057685181366,0.021940863469234732,5.296747115718107,,3298591009769.6997,,
ULTRACEMCO_2024-12-31,ULTRACEMCO,2025-01-22,3081866342618.75,44.030757195207315,0.022711396843950904,5.117043486824868,,3190360042618.75,,
ULTRACEMCO_2025-06-30,ULTRACEMCO,2025-07-18,3676245356616.0,148.23864310283477,0.006745879340694511,5.19932458070656,15.939792521701126,3871710156616.0,82.36892545641375,
ULTRACEMCO_2025-09-30,ULTRACEMCO,2025-10-16,3638099746808.0,163.4439888903584,0.00611830393267519,,17.099989644439955,,,
ULTRACEMCO_2025-12-31,ULTRACEMCO,2026-01-22,3639866100464.0,163.52334347308556,0.006115334843092851,,17.10829195370251,,,
ULTRACEMCO_2026-03-31,ULTRACEMCO,2026-04-24,3531448175192.0,204.67417263732514,0.0048858143023837305,,16.177278710416278,,,
ULTRACEMCO_2026-06-30,ULTRACEMCO,2026-07-17,3449727309645.0,115.7079427725703,0.008642449049202694,4.502176889301904,13.371310765860693,3634940209645.0,64.04548995420716,
WIPRO_2015-12-31,WIPRO,2016-01-17,,,,,,,,
WIPRO_2016-03-31,WIPRO,2016-04-20,,,,,,,,
WIPRO_2016-06-30,WIPRO,2016-07-19,,,,,,,,
WIPRO_2016-09-30,WIPRO,2016-10-19,,,,,,,,
WIPRO_2016-12-31,WIPRO,2017-01-23,,,,,,,,
WIPRO_2017-03-31,WIPRO,2017-04-25,,,,,,,,
WIPRO_2017-06-30,WIPRO,2017-07-20,,,,,,,,
WIPRO_2017-09-30,WIPRO,2017-10-17,,,,,,,,
WIPRO_2017-12-31,WIPRO,2018-01-17,,,,,,,,
WIPRO_2018-03-31,WIPRO,2018-04-25,,,,,,,,
WIPRO_2018-06-30,WIPRO,2018-07-18,,,,,,,,
WIPRO_2018-09-30,WIPRO,2018-10-24,,,,,,,,
WIPRO_2018-12-31,WIPRO,2019-01-16,,,,,,,,
WIPRO_2019-03-31,WIPRO,2019-04-14,,,,,,,,
WIPRO_2019-06-30,WIPRO,2019-07-17,,,,,,,,
WIPRO_2019-09-30,WIPRO,2019-10-15,,,,,,,,
WIPRO_2019-12-31,WIPRO,2020-01-14,,,,,,,,
WIPRO_2020-03-31,WIPRO,2020-04-15,,,,,,,,
WIPRO_2020-06-30,WIPRO,2020-07-14,,,,,,,,
WIPRO_2020-09-30,WIPRO,2020-10-13,,,,,,,,
WIPRO_2020-12-31,WIPRO,2021-01-13,,,,,,,,
WIPRO_2021-03-31,WIPRO,2021-04-15,,,,,,,,
WIPRO_2021-06-30,WIPRO,2021-07-15,,,,,,,,
WIPRO_2021-09-30,WIPRO,2021-10-13,,,,,,,,
WIPRO_2021-12-31,WIPRO,2022-01-12,,,,,,,,
WIPRO_2022-03-31,WIPRO,2022-04-27,,,,,,,,
WIPRO_2022-12-31,WIPRO,2023-01-11,,,,,,,,
WIPRO_2023-03-31,WIPRO,2023-04-27,,,,,,,,
WIPRO_2023-06-30,WIPRO,2023-07-13,2159983970271.1155,19.066730550917253,0.05244737671880995,2.765083862378598,,2242769970271.115,,
WIPRO_2023-09-30,WIPRO,2023-10-18,2232020092062.635,19.70261180885064,0.05075469230687418,2.8573002494516317,,2314806092062.635,,
WIPRO_2023-12-31,WIPRO,2024-01-10,2484830769543.1924,21.934236271930157,0.04559082831070473,3.180933542179609,,2567616769543.1924,,
WIPRO_2024-03-31,WIPRO,2024-04-17,2456071154541.9424,21.68036779997658,0.04612467875204037,3.144117182233106,,2538857154541.9424,,
WIPRO_2024-06-30,WIPRO,2024-07-19,5816260327886.4,53.5254562920269,0.0186826992103374,7.756223741418862,,5883956327886.4,,
WIPRO_2024-09-30,WIPRO,2024-10-17,5519288672595.0,50.79250720461095,0.01968794326241135,7.360199754621721,,5586984672595.0,,
WIPRO_2024-12-31,WIPRO,2025-01-17,2943098706833.4,27.084534101825167,0.036921439971626176,3.924743869154788,,3010794706833.4,,
WIPRO_2025-06-30,WIPRO,2025-07-17,2733880646671.4004,76.8731563421829,0.013008442056792018,3.300556491202438,,2803941646671.4004,,
WIPRO_2025-09-30,WIPRO,2025-10-16,2657495434696.5,80.06624605678233,0.012489657617903157,3.058448911669657,12.00606938773007,2285564434696.5,44.20735449404267,64.62937899016269
WIPRO_2025-12-31,WIPRO,2026-01-16,2800700807754.0,,,3.2539273298145495,12.339356697730567,2452087807754.0,47.44660141549119,82.68483726245867
WIPRO_2026-03-31,WIPRO,2026-04-16,2202454174372.62,70.79461279461279,0.014125368591267956,2.455958177448895,9.349944278575213,1827739174372.62,35.66250754858676,51.70808504419919
WIPRO_2026-06-30,WIPRO,2026-07-16,1862094350269.7202,53.37537537537538,0.018735231236637784,2.103186867234551,7.68308013298119,1521379350269.7202,27.26242003888039,58.68375879328481
