event_key,symbol,company_name,period_ended,fiscal_quarter,result_announcement_datetime,announcement_session_type,feature_cutoff_date,reaction_start_date,reaction_class,quality_flags,price_history_days,benchmark_history_days
ADANIENT_2015-12-31,ADANIENT,Adani Enterprises Ltd.,2015-12-31,2015-Q3,2016-02-01 14:04:10,during_market,2016-01-31,2016-02-02,POSITIVE,INSUFFICIENT_HISTORY_return_60d|INSUFFICIENT_HISTORY_volatility_60d|INSUFFICIENT_HISTORY_distance_from_50dma|INSUFFICIENT_HISTORY_distance_from_200dma|INSUFFICIENT_HISTORY_drawdown_from_60d_high|INSUFFICIENT_HISTORY_drawdown_from_252d_high|LIMITED_HISTORY|VERY_LIMITED_HISTORY,21,21
ADANIENT_2016-03-31,ADANIENT,Adani Enterprises Ltd.,2016-03-31,2016-Q4,2016-05-04 14:48:30,during_market,2016-05-03,2016-05-05,NEGATIVE,INSUFFICIENT_HISTORY_distance_from_200dma|INSUFFICIENT_HISTORY_drawdown_from_252d_high|VERY_LIMITED_HISTORY,82,82
ADANIENT_2016-06-30,ADANIENT,Adani Enterprises Ltd.,2016-06-30,2016-Q1,2016-08-10 14:25:19,during_market,2016-08-09,2016-08-11,NEUTRAL,INSUFFICIENT_HISTORY_distance_from_200dma|INSUFFICIENT_HISTORY_drawdown_from_252d_high|VERY_LIMITED_HISTORY,151,151
ADANIENT_2016-09-30,ADANIENT,Adani Enterprises Ltd.,2016-09-30,2016-Q2,2016-10-24 15:56:50,post_market,2016-10-24,2016-10-25,NEUTRAL,INSUFFICIENT_HISTORY_drawdown_from_252d_high|VERY_LIMITED_HISTORY,200,200
ADANIENT_2016-12-31,ADANIENT,Adani Enterprises Ltd.,2016-12-31,2016-Q3,2017-02-14 17:14:24,post_market,2017-02-14,2017-02-15,NEUTRAL,OK,278,278
ADANIENT_2017-03-31,ADANIENT,Adani Enterprises Ltd.,2017-03-31,2017-Q4,2017-05-24 17:12:25,post_market,2017-05-24,2017-05-25,NEUTRAL,OK,344,344
ADANIENT_2017-06-30,ADANIENT,Adani Enterprises Ltd.,2017-06-30,2017-Q1,2017-08-12 14:14:04,non_trading_day,2017-08-09,2017-08-13,NEGATIVE,OK,398,398
ADANIENT_2017-09-30,ADANIENT,Adani Enterprises Ltd.,2017-09-30,2017-Q2,2017-11-13 16:37:13,post_market,2017-11-13,2017-11-14,POSITIVE,OK,462,462
ADANIENT_2017-12-31,ADANIENT,Adani Enterprises Ltd.,2017-12-31,2017-Q3,2018-01-18 14:23:55,during_market,2018-01-17,2018-01-21,POSITIVE,OK,508,508
ADANIENT_2018-03-31,ADANIENT,Adani Enterprises Ltd.,2018-03-31,2018-Q4,2018-05-10 17:38:34,post_market,2018-05-10,2018-05-13,NEUTRAL,OK,583,583
ADANIENT_2018-06-30,ADANIENT,Adani Enterprises Ltd.,2018-06-30,2018-Q1,2018-08-07 18:00:25,post_market,2018-08-07,2018-08-08,NEUTRAL,OK,646,646
ADANIENT_2018-09-30,ADANIENT,Adani Enterprises Ltd.,2018-09-30,2018-Q2,2018-10-31 13:38:22,during_market,2018-10-30,2018-11-01,NEGATIVE,OK,700,700
ADANIENT_2018-12-31,ADANIENT,Adani Enterprises Ltd.,2018-12-31,2018-Q3,2019-02-07 13:45:51,during_market,2019-02-06,2019-02-10,POSITIVE,OK,768,768
ADANIENT_2019-03-31,ADANIENT,Adani Enterprises Ltd.,2019-03-31,2019-Q4,2019-05-29 14:20:38,during_market,2019-05-28,2019-05-30,NEUTRAL,OK,839,839
ADANIENT_2019-06-30,ADANIENT,Adani Enterprises Ltd.,2019-06-30,2019-Q1,2019-08-08 14:49:37,during_market,2019-08-07,2019-08-12,POSITIVE,OK,889,889
ADANIENT_2019-09-30,ADANIENT,Adani Enterprises Ltd.,2019-09-30,2019-Q2,2019-11-12 15:47:06,post_market,2019-11-12,2019-11-13,NEUTRAL,OK,950,950
ADANIENT_2019-12-31,ADANIENT,Adani Enterprises Ltd.,2019-12-31,2019-Q3,2020-02-05 14:29:18,during_market,2020-02-04,2020-02-06,POSITIVE,OK,1009,1009
ADANIENT_2020-03-31,ADANIENT,Adani Enterprises Ltd.,2020-03-31,2020-Q4,2020-05-06 14:04:28,during_market,2020-05-05,2020-05-07,NEUTRAL,OK,1067,1067
ADANIENT_2020-06-30,ADANIENT,Adani Enterprises Ltd.,2020-06-30,2020-Q1,2020-08-06 17:31:03,post_market,2020-08-06,2020-08-09,POSITIVE,OK,1133,1133
ADANIENT_2020-09-30,ADANIENT,Adani Enterprises Ltd.,2020-09-30,2020-Q2,2020-11-04 14:04:32,during_market,2020-11-03,2020-11-05,NEUTRAL,OK,1195,1195
ADANIENT_2020-12-31,ADANIENT,Adani Enterprises Ltd.,2020-12-31,2020-Q3,2021-02-03 14:36:15,during_market,2021-02-02,2021-02-04,POSITIVE,OK,1257,1257
ADANIENT_2021-03-31,ADANIENT,Adani Enterprises Ltd.,2021-03-31,2021-Q4,2021-05-05 14:01:10,during_market,2021-05-04,2021-05-06,NEUTRAL,OK,1317,1317
ADANIENT_2021-06-30,ADANIENT,Adani Enterprises Ltd.,2021-06-30,2021-Q1,2021-08-04 15:35:50,post_market,2021-08-04,2021-08-05,NEGATIVE,OK,1381,1381
ADANIENT_2021-09-30,ADANIENT,Adani Enterprises Ltd.,2021-09-30,2021-Q2,2021-10-27 17:47:05,post_market,2021-10-27,2021-10-28,POSITIVE,OK,1438,1438
ADANIENT_2021-12-31,ADANIENT,Adani Enterprises Ltd.,2021-12-31,2021-Q3,2022-02-14 17:51:28,post_market,2022-02-14,2022-02-15,NEGATIVE,OK,1513,1513
ADANIENT_2022-03-31,ADANIENT,Adani Enterprises Ltd.,2022-03-31,2022-Q4,2022-05-04 11:35:54,during_market,2022-05-03,2022-05-05,NEGATIVE,OK,1564,1564
ADANIENT_2022-12-31,ADANIENT,Adani Enterprises Ltd.,2022-12-31,2022-Q3,2023-02-14 13:47:08,during_market,2023-02-13,2023-02-15,NEGATIVE,OK,1761,1761
ADANIENT_2023-03-31,ADANIENT,Adani Enterprises Ltd.,2023-03-31,2023-Q4,2023-05-04 15:21:53,during_market,2023-05-03,2023-05-07,POSITIVE,OK,1812,1812
ADANIENT_2023-06-30,ADANIENT,Adani Enterprises Ltd.,2023-06-30,2023-Q1,2023-08-03 14:55:20,during_market,2023-08-02,2023-08-06,NEUTRAL,OK,1876,1876
ADANIENT_2023-09-30,ADANIENT,Adani Enterprises Ltd.,2023-09-30,2023-Q2,2023-11-02 18:31:20,post_market,2023-11-02,2023-11-05,NEUTRAL,OK,1938,1938
ADANIENT_2023-12-31,ADANIENT,Adani Enterprises Ltd.,2023-12-31,2024-Q4,2024-02-01 14:09:11,during_market,2024-01-31,2024-02-04,NEUTRAL,OK,1997,1997
ADANIENT_2024-03-31,ADANIENT,Adani Enterprises Ltd.,2024-03-31,2024-Q4,2024-05-02 15:09:36,during_market,2024-05-01,2024-05-05,NEUTRAL,OK,2056,2056
ADANIENT_2024-06-30,ADANIENT,Adani Enterprises Ltd.,2024-06-30,2024-Q1,2024-08-01 14:51:16,during_market,2024-07-31,2024-08-02,POSITIVE,OK,2117,2117
ADANIENT_2024-09-30,ADANIENT,Adani Enterprises Ltd.,2024-09-30,2024-Q3,2024-10-29 14:58:48,during_market,2024-10-28,2024-10-30,NEUTRAL,OK,2178,2178
ADANIENT_2024-12-31,ADANIENT,Adani Enterprises Ltd.,2024-12-31,2024-Q3,2025-01-30 14:17:21,during_market,2025-01-29,2025-01-31,NEUTRAL,OK,2242,2242
ADANIENT_2025-06-30,ADANIENT,Adani Enterprises Ltd.,2025-06-30,2025-Q1,2025-07-31 14:38:23,during_market,2025-07-30,2025-08-01,NEGATIVE,OK,2365,2365
ADANIENT_2025-09-30,ADANIENT,Adani Enterprises Ltd.,2025-09-30,2025-Q2,2025-11-04 20:09:27,post_market,2025-11-04,2025-11-06,NEUTRAL,OK,2430,2430
ADANIENT_2025-12-31,ADANIENT,Adani Enterprises Ltd.,2025-12-31,2025-Q3,2026-02-03 14:41:34,during_market,2026-02-02,2026-02-04,NEUTRAL,OK,2490,2490
ADANIENT_2026-06-30,ADANIENT,Adani Enterprises Ltd.,2026-06-30,2026-Q1,2026-07-29 14:36:38,during_market,2026-07-28,2026-07-30,NEUTRAL,OK,2608,2608
ADANIPORTS_2015-12-31,ADANIPORTS,Adani Ports and Special Economic Zone Ltd.,2015-12-31,2015-Q3,2016-02-12 13:57:33,non_trading_day,2016-02-10,2016-02-14,POSITIVE,INSUFFICIENT_HISTORY_return_60d|INSUFFICIENT_HISTORY_volatility_60d|INSUFFICIENT_HISTORY_distance_from_50dma|INSUFFICIENT_HISTORY_distance_from_200dma|INSUFFICIENT_HISTORY_drawdown_from_60d_high|INSUFFICIENT_HISTORY_drawdown_from_252d_high|LIMITED_HISTORY|VERY_LIMITED_HISTORY,29,29
ADANIPORTS_2016-03-31,ADANIPORTS,Adani Ports and Special Economic Zone Ltd.,2016-03-31,2016-Q4,2016-05-03 16:03:49,post_market,2016-05-03,2016-05-04,NEGATIVE,INSUFFICIENT_HISTORY_distance_from_200dma|INSUFFICIENT_HISTORY_drawdown_from_252d_high|VERY_LIMITED_HISTORY,82,82
ADANIPORTS_2016-06-30,ADANIPORTS,Adani Ports and Special Economic Zone Ltd.,2016-06-30,2016-Q1,2016-08-09 14:32:46,during_market,2016-08-08,2016-08-10,POSITIVE,INSUFFICIENT_HISTORY_distance_from_200dma|INSUFFICIENT_HISTORY_drawdown_from_252d_high|VERY_LIMITED_HISTORY,150,150
ADANIPORTS_2016-09-30,ADANIPORTS,Adani Ports and Special Economic Zone Ltd.,2016-09-30,2016-Q2,2016-10-25 14:36:57,during_market,2016-10-24,2016-10-26,NEUTRAL,INSUFFICIENT_HISTORY_drawdown_from_252d_high|VERY_LIMITED_HISTORY,200,200
ADANIPORTS_2016-12-31,ADANIPORTS,Adani Ports and Special Economic Zone Ltd.,2016-12-31,2016-Q3,2017-02-14 14:03:45,during_market,2017-02-13,2017-02-15,NEUTRAL,OK,277,277
ADANIPORTS_2017-03-31,ADANIPORTS,Adani Ports and Special Economic Zone Ltd.,2017-03-31,2017-Q1,2017-05-25 16:29:20,post_market,2017-05-25,2017-05-28,POSITIVE,OK,345,345
ADANIPORTS_2017-06-30,ADANIPORTS,Adani Ports and Special Economic Zone Ltd.,2017-06-30,2017-Q1,2017-08-12 14:28:30,non_trading_day,2017-08-09,2017-08-13,NEGATIVE,OK,398,398
ADANIPORTS_2017-09-30,ADANIPORTS,Adani Ports and Special Economic Zone Ltd.,2017-09-30,2017-Q3,2017-11-13 14:39:27,during_market,2017-11-12,2017-11-14,NEGATIVE,OK,461,461
ADANIPORTS_2017-12-31,ADANIPORTS,Adani Ports and Special Economic Zone Ltd.,2017-12-31,2017-Q3,2018-01-18 14:05:03,during_market,2018-01-17,2018-01-21,NEUTRAL,OK,508,508
ADANIPORTS_2018-03-31,ADANIPORTS,Adani Ports and Special Economic Zone Ltd.,2018-03-31,2018-Q1,2018-05-03 16:33:33,post_market,2018-05-03,2018-05-06,NEUTRAL,OK,578,578
ADANIPORTS_2018-06-30,ADANIPORTS,Adani Ports and Special Economic Zone Ltd.,2018-06-30,2018-Q1,2018-08-07 11:19:33,during_market,2018-08-06,2018-08-08,NEUTRAL,OK,645,645
ADANIPORTS_2018-09-30,ADANIPORTS,Adani Ports and Special Economic Zone Ltd.,2018-09-30,2018-Q2,2018-10-23 16:07:47,post_market,2018-10-23,2018-10-24,POSITIVE,OK,695,695
ADANIPORTS_2018-12-31,ADANIPORTS,Adani Ports and Special Economic Zone Ltd.,2018-12-31,2019-Q4,2019-02-06 14:32:32,during_market,2019-02-05,2019-02-07,POSITIVE,OK,767,767
ADANIPORTS_2019-03-31,ADANIPORTS,Adani Ports and Special Economic Zone Ltd.,2019-03-31,2019-Q4,2019-05-27 20:49:16,post_market,2019-05-27,2019-05-28,POSITIVE,OK,838,838
ADANIPORTS_2019-06-30,ADANIPORTS,Adani Ports and Special Economic Zone Ltd.,2019-06-30,2019-Q1,2019-08-07 14:42:17,during_market,2019-08-06,2019-08-08,NEGATIVE,OK,888,888
ADANIPORTS_2019-09-30,ADANIPORTS,Adani Ports and Special Economic Zone Ltd.,2019-09-30,2019-Q2,2019-11-11 15:40:23,non_trading_day,2019-11-07,2019-11-12,NEUTRAL,OK,948,948
ADANIPORTS_2019-12-31,ADANIPORTS,Adani Ports and Special Economic Zone Ltd.,2019-12-31,2019-Q3,2020-02-04 16:56:42,post_market,2020-02-04,2020-02-05,NEUTRAL,OK,1009,1009
ADANIPORTS_2020-03-31,ADANIPORTS,Adani Ports and Special Economic Zone Ltd.,2020-03-31,2020-Q1,2020-05-05 18:01:27,post_market,2020-05-05,2020-05-06,POSITIVE,OK,1067,1067
ADANIPORTS_2020-06-30,ADANIPORTS,Adani Ports and Special Economic Zone Ltd.,2020-06-30,2020-Q1,2020-08-11 16:06:53,post_market,2020-08-11,2020-08-12,POSITIVE,OK,1136,1136
ADANIPORTS_2020-09-30,ADANIPORTS,Adani Ports and Special Economic Zone Ltd.,2020-09-30,2020-Q2,2020-11-03 19:30:42,post_market,2020-11-03,2020-11-04,NEGATIVE,OK,1195,1195
ADANIPORTS_2020-12-31,ADANIPORTS,Adani Ports and Special Economic Zone Ltd.,2020-12-31,2020-Q3,2021-02-09 14:39:26,during_market,2021-02-08,2021-02-10,POSITIVE,OK,1261,1261
ADANIPORTS_2021-03-31,ADANIPORTS,Adani Ports and Special Economic Zone Ltd.,2021-03-31,2021-Q4,2021-05-04 16:15:18,post_market,2021-05-04,2021-05-05,POSITIVE,OK,1317,1317
ADANIPORTS_2021-06-30,ADANIPORTS,Adani Ports and Special Economic Zone Ltd.,2021-06-30,2021-Q1,2021-08-03 14:26:56,during_market,2021-08-02,2021-08-04,NEUTRAL,OK,1379,1379
ADANIPORTS_2021-09-30,ADANIPORTS,Adani Ports and Special Economic Zone Ltd.,2021-09-30,2021-Q2,2021-10-27 16:39:55,post_market,2021-10-27,2021-10-28,NEUTRAL,OK,1438,1438
ADANIPORTS_2021-12-31,ADANIPORTS,Adani Ports and Special Economic Zone Ltd.,2021-12-31,2021-Q3,2022-02-01 17:14:06,post_market,2022-02-01,2022-02-02,NEUTRAL,OK,1504,1504
ADANIPORTS_2022-03-31,ADANIPORTS,Adani Ports and Special Economic Zone Ltd.,2022-03-31,2022-Q4,2022-05-25 09:55:45,during_market,2022-05-24,2022-05-26,POSITIVE,OK,1579,1579
ADANIPORTS_2022-12-31,ADANIPORTS,Adani Ports and Special Economic Zone Ltd.,2022-12-31,2022-Q3,2023-02-07 13:25:02,during_market,2023-02-06,2023-02-08,NEGATIVE,OK,1756,1756
ADANIPORTS_2023-03-31,ADANIPORTS,Adani Ports and Special Economic Zone Ltd.,2023-03-31,2023-Q4,2023-05-30 19:34:43,post_market,2023-05-30,2023-05-31,NEUTRAL,OK,1831,1831
ADANIPORTS_2023-06-30,ADANIPORTS,Adani Ports and Special Economic Zone Ltd.,2023-06-30,2023-Q1,2023-08-08 14:14:38,during_market,2023-08-07,2023-08-09,NEGATIVE,OK,1879,1879
ADANIPORTS_2023-09-30,ADANIPORTS,Adani Ports and Special Economic Zone Ltd.,2023-09-30,2023-Q2,2023-11-09 14:10:20,during_market,2023-11-08,2023-11-12,NEUTRAL,OK,1942,1942
ADANIPORTS_2023-12-31,ADANIPORTS,Adani Ports and Special Economic Zone Ltd.,2023-12-31,2023-Q3,2024-02-01 12:41:20,during_market,2024-01-31,2024-02-04,NEUTRAL,OK,1997,1997
ADANIPORTS_2024-03-31,ADANIPORTS,Adani Ports and Special Economic Zone Ltd.,2024-03-31,2024-Q4,2024-05-02 13:16:03,during_market,2024-05-01,2024-05-05,NEUTRAL,OK,2056,2056
ADANIPORTS_2024-06-30,ADANIPORTS,Adani Ports and Special Economic Zone Ltd.,2024-06-30,2024-Q1,2024-08-01 12:51:52,during_market,2024-07-31,2024-08-02,NEUTRAL,OK,2117,2117
ADANIPORTS_2024-09-30,ADANIPORTS,Adani Ports and Special Economic Zone Ltd.,2024-09-30,2024-Q2,2024-10-29 12:59:34,during_market,2024-10-28,2024-10-30,NEGATIVE,OK,2178,2178
ADANIPORTS_2024-12-31,ADANIPORTS,Adani Ports and Special Economic Zone Ltd.,2024-12-31,2024-Q3,2025-01-30 13:04:48,during_market,2025-01-29,2025-01-31,POSITIVE,OK,2242,2242
ADANIPORTS_2025-06-30,ADANIPORTS,Adani Ports and Special Economic Zone Ltd.,2025-06-30,2025-Q1,2025-08-05 13:42:21,during_market,2025-08-04,2025-08-06,NEGATIVE,OK,2368,2368
ADANIPORTS_2025-09-30,ADANIPORTS,Adani Ports and Special Economic Zone Ltd.,2025-09-30,2025-Q2,2025-11-04 13:01:50,during_market,2025-11-03,2025-11-06,NEUTRAL,OK,2429,2429
ADANIPORTS_2025-12-31,ADANIPORTS,Adani Ports and Special Economic Zone Ltd.,2025-12-31,2025-Q3,2026-02-03 13:17:38,during_market,2026-02-02,2026-02-04,NEUTRAL,OK,2490,2490
ADANIPORTS_2026-03-31,ADANIPORTS,Adani Ports and Special Economic Zone Ltd.,2026-03-31,2026-Q4,2026-04-30 13:43:12,during_market,2026-04-29,2026-05-04,NEUTRAL,OK,2547,2547
ADANIPORTS_2026-06-30,ADANIPORTS,Adani Ports and Special Economic Zone Ltd.,2026-06-30,2026-Q1,2026-07-29 12:32:48,during_market,2026-07-28,2026-07-30,NEUTRAL,OK,2608,2608
APOLLOHOSP_2015-12-31,APOLLOHOSP,Apollo Hospitals Enterprise Ltd.,2015-12-31,2016-Q4,2016-02-12 13:17:07,non_trading_day,2016-02-10,2016-02-14,NEUTRAL,INSUFFICIENT_HISTORY_return_60d|INSUFFICIENT_HISTORY_volatility_60d|INSUFFICIENT_HISTORY_distance_from_50dma|INSUFFICIENT_HISTORY_distance_from_200dma|INSUFFICIENT_HISTORY_drawdown_from_60d_high|INSUFFICIENT_HISTORY_drawdown_from_252d_high|LIMITED_HISTORY|VERY_LIMITED_HISTORY,29,29
APOLLOHOSP_2016-03-31,APOLLOHOSP,Apollo Hospitals Enterprise Ltd.,2016-03-31,2016-Q4,2016-05-25 15:07:39,during_market,2016-05-24,2016-05-26,POSITIVE,INSUFFICIENT_HISTORY_distance_from_200dma|INSUFFICIENT_HISTORY_drawdown_from_252d_high|VERY_LIMITED_HISTORY,97,97
APOLLOHOSP_2016-06-30,APOLLOHOSP,Apollo Hospitals Enterprise Ltd.,2016-06-30,2016-Q1,2016-09-01 14:11:11,during_market,2016-08-31,2016-09-05,NEGATIVE,INSUFFICIENT_HISTORY_distance_from_200dma|INSUFFICIENT_HISTORY_drawdown_from_252d_high|VERY_LIMITED_HISTORY,166,166
APOLLOHOSP_2016-09-30,APOLLOHOSP,Apollo Hospitals Enterprise Ltd.,2016-09-30,2016-Q2,2016-11-11 14:36:08,non_trading_day,2016-11-09,2016-11-14,NEUTRAL,INSUFFICIENT_HISTORY_drawdown_from_252d_high|VERY_LIMITED_HISTORY,211,211
APOLLOHOSP_2016-12-31,APOLLOHOSP,Apollo Hospitals Enterprise Ltd.,2016-12-31,2016-Q3,2017-02-14 13:35:15,during_market,2017-02-13,2017-02-15,NEUTRAL,OK,277,277
APOLLOHOSP_2017-03-31,APOLLOHOSP,Apollo Hospitals Enterprise Ltd.,2017-03-31,2017-Q4,2017-05-30 14:40:54,during_market,2017-05-29,2017-05-31,POSITIVE,OK,347,347
APOLLOHOSP_2017-06-30,APOLLOHOSP,Apollo Hospitals Enterprise Ltd.,2017-06-30,2017-Q1,2017-08-14 14:39:14,non_trading_day,2017-08-10,2017-08-15,NEGATIVE,OK,399,399
APOLLOHOSP_2017-09-30,APOLLOHOSP,Apollo Hospitals Enterprise Ltd.,2017-09-30,2017-Q2,2017-11-13 15:10:00,during_market,2017-11-12,2017-11-14,POSITIVE,OK,461,461
APOLLOHOSP_2017-12-31,APOLLOHOSP,Apollo Hospitals Enterprise Ltd.,2017-12-31,2017-Q3,2018-02-14 17:36:31,post_market,2018-02-14,2018-02-15,POSITIVE,OK,526,526
APOLLOHOSP_2018-03-31,APOLLOHOSP,Apollo Hospitals Enterprise Ltd.,2018-03-31,2018-Q4,2018-05-30 17:00:15,post_market,2018-05-30,2018-05-31,NEUTRAL,OK,597,597
APOLLOHOSP_2018-06-30,APOLLOHOSP,Apollo Hospitals Enterprise Ltd.,2018-06-30,2018-Q1,2018-08-10 13:35:06,non_trading_day,2018-08-08,2018-08-12,POSITIVE,OK,647,647
APOLLOHOSP_2018-09-30,APOLLOHOSP,Apollo Hospitals Enterprise Ltd.,2018-09-30,2018-Q2,2018-11-14 15:37:04,post_market,2018-11-14,2018-11-15,NEUTRAL,OK,710,710
APOLLOHOSP_2018-12-31,APOLLOHOSP,Apollo Hospitals Enterprise Ltd.,2018-12-31,2018-Q3,2019-02-09 18:05:52,non_trading_day,2019-02-06,2019-02-10,POSITIVE,OK,768,768
APOLLOHOSP_2019-03-31,APOLLOHOSP,Apollo Hospitals Enterprise Ltd.,2019-03-31,2019-Q4,2019-05-30 14:55:26,during_market,2019-05-29,2019-06-02,POSITIVE,OK,840,840
APOLLOHOSP_2019-06-30,APOLLOHOSP,Apollo Hospitals Enterprise Ltd.,2019-06-30,2019-Q1,2019-08-13 16:54:05,post_market,2019-08-13,2019-08-15,NEUTRAL,OK,892,892
APOLLOHOSP_2019-09-30,APOLLOHOSP,Apollo Hospitals Enterprise Ltd.,2019-09-30,2019-Q2,2019-11-14 15:00:50,during_market,2019-11-13,2019-11-17,POSITIVE,OK,951,951
APOLLOHOSP_2019-12-31,APOLLOHOSP,Apollo Hospitals Enterprise Ltd.,2019-12-31,2019-Q3,2020-02-13 15:33:35,post_market,2020-02-13,2020-02-16,POSITIVE,OK,1016,1016
APOLLOHOSP_2020-03-31,APOLLOHOSP,Apollo Hospitals Enterprise Ltd.,2020-03-31,2020-Q4,2020-06-25 19:51:13,post_market,2020-06-25,2020-06-28,NEGATIVE,OK,1103,1103
APOLLOHOSP_2020-06-30,APOLLOHOSP,Apollo Hospitals Enterprise Ltd.,2020-06-30,2020-Q1,2020-09-14 17:45:14,post_market,2020-09-14,2020-09-15,POSITIVE,OK,1160,1160
APOLLOHOSP_2020-09-30,APOLLOHOSP,Apollo Hospitals Enterprise Ltd.,2020-09-30,2020-Q2,2020-11-11 19:15:12,post_market,2020-11-11,2020-11-12,NEUTRAL,OK,1201,1201
APOLLOHOSP_2020-12-31,APOLLOHOSP,Apollo Hospitals Enterprise Ltd.,2020-12-31,2020-Q3,2021-02-12 15:12:15,non_trading_day,2021-02-10,2021-02-14,NEUTRAL,OK,1263,1263
APOLLOHOSP_2021-03-31,APOLLOHOSP,Apollo Hospitals Enterprise Ltd.,2021-03-31,2021-Q4,2021-06-23 20:50:37,post_market,2021-06-23,2021-06-24,POSITIVE,OK,1352,1352
APOLLOHOSP_2021-06-30,APOLLOHOSP,Apollo Hospitals Enterprise Ltd.,2021-06-30,2021-Q1,2021-08-13 19:08:12,non_trading_day,2021-08-11,2021-08-15,POSITIVE,OK,1386,1386
APOLLOHOSP_2021-09-30,APOLLOHOSP,Apollo Hospitals Enterprise Ltd.,2021-09-30,2021-Q2,2021-11-12 19:50:42,non_trading_day,2021-11-10,2021-11-14,POSITIVE,OK,1447,1447
APOLLOHOSP_2021-12-31,APOLLOHOSP,Apollo Hospitals Enterprise Ltd.,2021-12-31,2021-Q3,2022-02-11 15:22:56,non_trading_day,2022-02-09,2022-02-13,NEUTRAL,OK,1510,1510
APOLLOHOSP_2022-03-31,APOLLOHOSP,Apollo Hospitals Enterprise Ltd.,2022-03-31,2022-Q4,2022-05-25 20:05:46,post_market,2022-05-25,2022-05-26,NEUTRAL,OK,1580,1580
APOLLOHOSP_2022-12-31,APOLLOHOSP,Apollo Hospitals Enterprise Ltd.,2022-12-31,2022-Q3,2023-02-15 16:32:21,post_market,2023-02-15,2023-02-16,NEUTRAL,OK,1763,1763
APOLLOHOSP_2023-03-31,APOLLOHOSP,Apollo Hospitals Enterprise Ltd.,2023-03-31,2023-Q4,2023-05-30 14:50:03,during_market,2023-05-29,2023-05-31,POSITIVE,OK,1830,1830
APOLLOHOSP_2023-06-30,APOLLOHOSP,Apollo Hospitals Enterprise Ltd.,2023-06-30,2023-Q1,2023-08-11 14:00:06,non_trading_day,2023-08-09,2023-08-13,NEUTRAL,OK,1881,1881
APOLLOHOSP_2023-09-30,APOLLOHOSP,Apollo Hospitals Enterprise Ltd.,2023-09-30,2023-Q2,2023-11-09 14:33:40,during_market,2023-11-08,2023-11-12,POSITIVE,OK,1942,1942
APOLLOHOSP_2023-12-31,APOLLOHOSP,Apollo Hospitals Enterprise Ltd.,2023-12-31,2023-Q3,2024-02-08 14:35:19,during_market,2024-02-07,2024-02-11,NEUTRAL,OK,2002,2002
APOLLOHOSP_2024-03-31,APOLLOHOSP,Apollo Hospitals Enterprise Ltd.,2024-03-31,2024-Q4,2024-05-30 18:56:58,post_market,2024-05-30,2024-06-02,POSITIVE,OK,2076,2076
APOLLOHOSP_2024-06-30,APOLLOHOSP,Apollo Hospitals Enterprise Ltd.,2024-06-30,2024-Q1,2024-08-13 19:02:02,post_market,2024-08-13,2024-08-14,NEUTRAL,OK,2126,2126
APOLLOHOSP_2024-09-30,APOLLOHOSP,Apollo Hospitals Enterprise Ltd.,2024-09-30,2024-Q2,2024-11-06 15:38:58,post_market,2024-11-06,2024-11-07,NEGATIVE,OK,2185,2185
APOLLOHOSP_2024-12-31,APOLLOHOSP,Apollo Hospitals Enterprise Ltd.,2024-12-31,2024-Q3,2025-02-10 19:24:04,post_market,2025-02-10,2025-02-11,NEUTRAL,OK,2250,2250
APOLLOHOSP_2025-03-31,APOLLOHOSP,Apollo Hospitals Enterprise Ltd.,2025-03-31,2025-Q4,2025-05-30 18:15:37,post_market,2025-05-30,2025-06-02,NEUTRAL,OK,2322,2322
APOLLOHOSP_2025-06-30,APOLLOHOSP,Apollo Hospitals Enterprise Ltd.,2025-06-30,2025-Q1,2025-08-12 18:54:15,post_market,2025-08-12,2025-08-13,NEUTRAL,OK,2374,2374
APOLLOHOSP_2025-09-30,APOLLOHOSP,Apollo Hospitals Enterprise Ltd.,2025-09-30,2025-Q2,2025-11-06 17:56:16,post_market,2025-11-06,2025-11-07,NEGATIVE,OK,2431,2431
APOLLOHOSP_2025-12-31,APOLLOHOSP,Apollo Hospitals Enterprise Ltd.,2025-12-31,2025-Q3,2026-02-10 17:50:27,post_market,2026-02-10,2026-02-11,POSITIVE,OK,2496,2496
APOLLOHOSP_2026-03-31,APOLLOHOSP,Apollo Hospitals Enterprise Ltd.,2026-03-31,2026-Q4,2026-05-20 17:54:31,post_market,2026-05-20,2026-05-21,NEUTRAL,OK,2561,2561
APOLLOHOSP_2026-06-30,APOLLOHOSP,Apollo Hospitals Enterprise Ltd.,2026-06-30,2026-Q1,2026-08-12 19:52:46,post_market,2026-08-12,2026-08-13,POSITIVE,OK,2619,2619
ASIANPAINT_2015-12-31,ASIANPAINT,Asian Paints Ltd.,2015-12-31,2015-Q3,2016-01-18 17:50:04,post_market,2016-01-18,2016-01-19,POSITIVE,INSUFFICIENT_HISTORY_return_20d|INSUFFICIENT_HISTORY_return_60d|INSUFFICIENT_HISTORY_volatility_20d|INSUFFICIENT_HISTORY_volatility_60d|INSUFFICIENT_HISTORY_volume_ratio_20d|INSUFFICIENT_HISTORY_distance_from_20dma|INSUFFICIENT_HISTORY_distance_from_50dma|INSUFFICIENT_HISTORY_distance_from_200dma|INSUFFICIENT_HISTORY_drawdown_from_20d_high|INSUFFICIENT_HISTORY_drawdown_from_60d_high|INSUFFICIENT_HISTORY_drawdown_from_252d_high|LIMITED_HISTORY|VERY_LIMITED_HISTORY,13,13
ASIANPAINT_2016-03-31,ASIANPAINT,Asian Paints Ltd.,2016-03-31,2016-Q4,2016-05-11 15:12:02,during_market,2016-05-10,2016-05-12,NEUTRAL,INSUFFICIENT_HISTORY_distance_from_200dma|INSUFFICIENT_HISTORY_drawdown_from_252d_high|VERY_LIMITED_HISTORY,87,87
ASIANPAINT_2016-06-30,ASIANPAINT,Asian Paints Ltd.,2016-06-30,2016-Q1,2016-07-27 15:51:55,post_market,2016-07-27,2016-07-28,POSITIVE,INSUFFICIENT_HISTORY_distance_from_200dma|INSUFFICIENT_HISTORY_drawdown_from_252d_high|VERY_LIMITED_HISTORY,142,142
ASIANPAINT_2016-09-30,ASIANPAINT,Asian Paints Ltd.,2016-09-30,2016-Q2,2016-10-25 15:15:33,during_market,2016-10-24,2016-10-26,NEUTRAL,INSUFFICIENT_HISTORY_drawdown_from_252d_high|VERY_LIMITED_HISTORY,200,200
ASIANPAINT_2016-12-31,ASIANPAINT,Asian Paints Ltd.,2016-12-31,2016-Q3,2017-01-23 17:25:25,post_market,2017-01-23,2017-01-24,NEUTRAL,OK,263,263
ASIANPAINT_2017-03-31,ASIANPAINT,Asian Paints Ltd.,2017-03-31,2017-Q4,2017-05-12 15:51:58,non_trading_day,2017-05-10,2017-05-14,NEUTRAL,OK,334,334
ASIANPAINT_2017-06-30,ASIANPAINT,Asian Paints Ltd.,2017-06-30,2017-Q2,2017-07-25 14:42:21,during_market,2017-07-24,2017-07-26,NEUTRAL,OK,386,386
ASIANPAINT_2017-09-30,ASIANPAINT,Asian Paints Ltd.,2017-09-30,2017-Q2,2017-10-24 14:59:45,during_market,2017-10-23,2017-10-25,NEUTRAL,OK,447,447
ASIANPAINT_2017-12-31,ASIANPAINT,Asian Paints Ltd.,2017-12-31,2017-Q3,2018-01-22 17:21:34,post_market,2018-01-22,2018-01-23,NEUTRAL,OK,511,511
ASIANPAINT_2018-03-31,ASIANPAINT,Asian Paints Ltd.,2018-03-31,2018-Q1,2018-05-10 17:06:25,post_market,2018-05-10,2018-05-13,NEUTRAL,OK,583,583
ASIANPAINT_2018-06-30,ASIANPAINT,Asian Paints Ltd.,2018-06-30,2018-Q2,2018-07-24 18:55:55,post_market,2018-07-24,2018-07-25,NEUTRAL,OK,636,636
ASIANPAINT_2018-09-30,ASIANPAINT,Asian Paints Ltd.,2018-09-30,2018-Q2,2018-10-23 10:10:30,during_market,2018-10-22,2018-10-24,NEUTRAL,OK,694,694
ASIANPAINT_2018-12-31,ASIANPAINT,Asian Paints Ltd.,2018-12-31,2018-Q3,2019-01-22 14:21:41,during_market,2019-01-21,2019-01-23,NEUTRAL,OK,756,756
ASIANPAINT_2019-03-31,ASIANPAINT,Asian Paints Ltd.,2019-03-31,2019-Q4,2019-05-09 15:01:28,during_market,2019-05-08,2019-05-12,NEGATIVE,OK,825,825
ASIANPAINT_2019-06-30,ASIANPAINT,Asian Paints Ltd.,2019-06-30,2019-Q1,2019-07-24 13:26:17,during_market,2019-07-23,2019-07-25,NEUTRAL,OK,878,878
ASIANPAINT_2019-09-30,ASIANPAINT,Asian Paints Ltd.,2019-09-30,2019-Q2,2019-10-22 19:17:13,post_market,2019-10-22,2019-10-23,NEUTRAL,OK,936,936
ASIANPAINT_2019-12-31,ASIANPAINT,Asian Paints Ltd.,2019-12-31,2019-Q3,2020-01-22 14:33:42,during_market,2020-01-21,2020-01-23,NEUTRAL,OK,999,999
ASIANPAINT_2020-03-31,ASIANPAINT,Asian Paints Ltd.,2020-03-31,2020-Q4,2020-06-23 18:32:01,post_market,2020-06-23,2020-06-24,NEUTRAL,OK,1101,1101
ASIANPAINT_2020-06-30,ASIANPAINT,Asian Paints Ltd.,2020-06-30,2020-Q1,2020-07-24 15:09:46,non_trading_day,2020-07-22,2020-07-26,NEUTRAL,OK,1122,1122
ASIANPAINT_2020-09-30,ASIANPAINT,Asian Paints Ltd.,2020-09-30,2020-Q2,2020-10-22 14:41:50,during_market,2020-10-21,2020-10-25,POSITIVE,OK,1186,1186
ASIANPAINT_2020-12-31,ASIANPAINT,Asian Paints Ltd.,2020-12-31,2020-Q3,2021-01-21 14:25:15,during_market,2021-01-20,2021-01-24,NEUTRAL,OK,1249,1249
ASIANPAINT_2021-03-31,ASIANPAINT,Asian Paints Ltd.,2021-03-31,2021-Q4,2021-05-12 20:17:39,non_trading_day,2021-05-10,2021-05-13,NEUTRAL,OK,1321,1321
ASIANPAINT_2021-06-30,ASIANPAINT,Asian Paints Ltd.,2021-06-30,2021-Q1,2021-07-20 13:56:12,non_trading_day,2021-07-18,2021-07-21,NEGATIVE,OK,1369,1369
ASIANPAINT_2021-09-30,ASIANPAINT,Asian Paints Ltd.,2021-09-30,2021-Q2,2021-10-21 13:42:37,during_market,2021-10-20,2021-10-24,POSITIVE,OK,1433,1433
ASIANPAINT_2021-12-31,ASIANPAINT,Asian Paints Ltd.,2021-12-31,2021-Q3,2022-01-20 13:47:59,during_market,2022-01-19,2022-01-23,NEUTRAL,OK,1496,1496
ASIANPAINT_2022-03-31,ASIANPAINT,Asian Paints Ltd.,2022-03-31,2022-Q4,2022-05-10 22:36:16,post_market,2022-05-10,2022-05-11,NEGATIVE,OK,1569,1569
ASIANPAINT_2022-12-31,ASIANPAINT,Asian Paints Ltd.,2022-12-31,2022-Q3,2023-01-19 13:44:47,during_market,2023-01-18,2023-01-22,NEUTRAL,OK,1744,1744
ASIANPAINT_2023-03-31,ASIANPAINT,Asian Paints Ltd.,2023-03-31,2023-Q4,2023-05-11 14:03:04,during_market,2023-05-10,2023-05-14,NEUTRAL,OK,1817,1817
ASIANPAINT_2023-06-30,ASIANPAINT,Asian Paints Ltd.,2023-06-30,2023-Q1,2023-07-25 13:24:09,during_market,2023-07-24,2023-07-26,NEUTRAL,OK,1869,1869
ASIANPAINT_2023-09-30,ASIANPAINT,Asian Paints Ltd.,2023-09-30,2023-Q2,2023-10-26 13:45:32,during_market,2023-10-25,2023-10-29,NEUTRAL,OK,1932,1932
ASIANPAINT_2023-12-31,ASIANPAINT,Asian Paints Ltd.,2023-12-31,2023-Q3,2024-01-17 14:46:56,during_market,2024-01-16,2024-01-18,NEGATIVE,OK,1988,1988
ASIANPAINT_2024-03-31,ASIANPAINT,Asian Paints Ltd.,2024-03-31,2024-Q4,2024-05-09 13:42:43,during_market,2024-05-08,2024-05-12,NEGATIVE,OK,2061,2061
ASIANPAINT_2024-06-30,ASIANPAINT,Asian Paints Ltd.,2024-06-30,2024-Q2,2024-07-17 14:16:21,non_trading_day,2024-07-15,2024-07-18,NEUTRAL,OK,2106,2106
ASIANPAINT_2024-09-30,ASIANPAINT,Asian Paints Ltd.,2024-09-30,2024-Q2,2024-11-09 14:41:00,non_trading_day,2024-11-07,2024-11-11,NEUTRAL,OK,2186,2186
ASIANPAINT_2024-12-31,ASIANPAINT,Asian Paints Ltd.,2024-12-31,2024-Q3,2025-02-04 14:08:19,during_market,2025-02-03,2025-02-05,NEUTRAL,OK,2245,2245
ASIANPAINT_2025-06-30,ASIANPAINT,Asian Paints Ltd.,2025-06-30,2025-Q1,2025-07-29 14:11:31,during_market,2025-07-28,2025-07-30,NEUTRAL,OK,2363,2363
ASIANPAINT_2025-09-30,ASIANPAINT,Asian Paints Ltd.,2025-09-30,2025-Q2,2025-11-12 15:05:01,during_market,2025-11-11,2025-11-13,NEUTRAL,OK,2434,2434
ASIANPAINT_2025-12-31,ASIANPAINT,Asian Paints Ltd.,2025-12-31,2025-Q3,2026-01-27 13:58:57,during_market,2026-01-23,2026-01-28,NEGATIVE,OK,2485,2485
ASIANPAINT_2026-03-31,ASIANPAINT,Asian Paints Ltd.,2026-03-31,2026-Q4,2026-05-29 14:06:54,during_market,2026-05-27,2026-06-01,NEUTRAL,OK,2566,2566
ASIANPAINT_2026-06-30,ASIANPAINT,Asian Paints Ltd.,2026-06-30,2026-Q2,2026-07-29 14:02:54,during_market,2026-07-28,2026-07-30,NEUTRAL,OK,2608,2608
AXISBANK_2015-12-31,AXISBANK,Axis Bank Ltd.,2015-12-31,2016-Q4,2016-01-20 16:44:39,post_market,2016-01-20,2016-01-21,NEGATIVE,INSUFFICIENT_HISTORY_return_20d|INSUFFICIENT_HISTORY_return_60d|INSUFFICIENT_HISTORY_volatility_20d|INSUFFICIENT_HISTORY_volatility_60d|INSUFFICIENT_HISTORY_volume_ratio_20d|INSUFFICIENT_HISTORY_distance_from_20dma|INSUFFICIENT_HISTORY_distance_from_50dma|INSUFFICIENT_HISTORY_distance_from_200dma|INSUFFICIENT_HISTORY_drawdown_from_20d_high|INSUFFICIENT_HISTORY_drawdown_from_60d_high|INSUFFICIENT_HISTORY_drawdown_from_252d_high|LIMITED_HISTORY|VERY_LIMITED_HISTORY,15,15
AXISBANK_2016-03-31,AXISBANK,Axis Bank Ltd.,2016-03-31,2016-Q1,2016-04-26 17:42:03,post_market,2016-04-26,2016-04-27,NEUTRAL,INSUFFICIENT_HISTORY_distance_from_200dma|INSUFFICIENT_HISTORY_drawdown_from_252d_high|VERY_LIMITED_HISTORY,77,77
AXISBANK_2016-06-30,AXISBANK,Axis Bank Ltd.,2016-06-30,2016-Q1,2016-07-22 17:01:33,non_trading_day,2016-07-20,2016-07-24,NEUTRAL,INSUFFICIENT_HISTORY_distance_from_200dma|INSUFFICIENT_HISTORY_drawdown_from_252d_high|VERY_LIMITED_HISTORY,137,137
AXISBANK_2016-09-30,AXISBANK,Axis Bank Ltd.,2016-09-30,2016-Q2,2016-10-25 16:50:01,post_market,2016-10-25,2016-10-26,NEUTRAL,INSUFFICIENT_HISTORY_drawdown_from_252d_high|VERY_LIMITED_HISTORY,201,201
AXISBANK_2016-12-31,AXISBANK,Axis Bank Ltd.,2016-12-31,2016-Q3,2017-01-19 16:29:17,post_market,2017-01-19,2017-01-22,POSITIVE,OK,261,261
AXISBANK_2017-03-31,AXISBANK,Axis Bank Ltd.,2017-03-31,2017-Q4,2017-04-26 17:22:47,post_market,2017-04-26,2017-04-27,NEUTRAL,OK,325,325
AXISBANK_2017-06-30,AXISBANK,Axis Bank Ltd.,2017-06-30,2017-Q1,2017-07-25 16:23:43,post_market,2017-07-25,2017-07-26,NEGATIVE,OK,387,387
AXISBANK_2017-09-30,AXISBANK,Axis Bank Ltd.,2017-09-30,2017-Q2,2017-10-17 16:20:37,post_market,2017-10-17,2017-10-18,NEUTRAL,OK,444,444
AXISBANK_2017-12-31,AXISBANK,Axis Bank Ltd.,2017-12-31,2017-Q3,2018-01-22 13:53:39,during_market,2018-01-21,2018-01-23,NEUTRAL,OK,510,510
AXISBANK_2018-03-31,AXISBANK,Axis Bank Ltd.,2018-03-31,2018-Q4,2018-04-26 18:01:54,post_market,2018-04-26,2018-04-29,NEUTRAL,OK,574,574
AXISBANK_2018-06-30,AXISBANK,Axis Bank Ltd.,2018-06-30,2018-Q1,2018-07-30 17:54:35,post_market,2018-07-30,2018-07-31,POSITIVE,OK,640,640
AXISBANK_2018-09-30,AXISBANK,Axis Bank Ltd.,2018-09-30,2018-Q2,2018-11-02 16:05:04,non_trading_day,2018-10-31,2018-11-04,NEGATIVE,OK,701,701
AXISBANK_2018-12-31,AXISBANK,Axis Bank Ltd.,2018-12-31,2018-Q3,2019-01-29 16:03:47,post_market,2019-01-29,2019-01-30,NEUTRAL,OK,762,762
AXISBANK_2019-03-31,AXISBANK,Axis Bank Ltd.,2019-03-31,2019-Q4,2019-04-25 16:45:48,post_market,2019-04-25,2019-04-29,NEUTRAL,OK,818,818
AXISBANK_2019-06-30,AXISBANK,Axis Bank Ltd.,2019-06-30,2019-Q1,2019-07-30 16:02:22,post_market,2019-07-30,2019-07-31,NEUTRAL,OK,883,883
AXISBANK_2019-09-30,AXISBANK,Axis Bank Ltd.,2019-09-30,2019-Q2,2019-10-22 15:38:32,post_market,2019-10-22,2019-10-23,POSITIVE,OK,936,936
AXISBANK_2019-12-31,AXISBANK,Axis Bank Ltd.,2019-12-31,2019-Q3,2020-01-22 16:20:19,post_market,2020-01-22,2020-01-23,NEUTRAL,OK,1000,1000
AXISBANK_2020-03-31,AXISBANK,Axis Bank Ltd.,2020-03-31,2020-Q4,2020-04-28 16:44:50,post_market,2020-04-28,2020-04-29,NEGATIVE,OK,1063,1063
AXISBANK_2020-06-30,AXISBANK,Axis Bank Ltd.,2020-06-30,2020-Q1,2020-07-21 16:55:47,post_market,2020-07-21,2020-07-22,NEGATIVE,OK,1121,1121
AXISBANK_2020-09-30,AXISBANK,Axis Bank Ltd.,2020-09-30,2020-Q2,2020-10-29 15:35:08,post_market,2020-10-29,2020-11-01,NEUTRAL,OK,1192,1192
AXISBANK_2020-12-31,AXISBANK,Axis Bank Ltd.,2020-12-31,2020-Q3,2021-01-27 16:41:26,post_market,2021-01-27,2021-01-28,POSITIVE,OK,1253,1253
AXISBANK_2021-03-31,AXISBANK,Axis Bank Ltd.,2021-03-31,2021-Q4,2021-04-27 16:47:20,post_market,2021-04-27,2021-04-28,NEUTRAL,OK,1312,1312
AXISBANK_2021-06-30,AXISBANK,Axis Bank Ltd.,2021-06-30,2021-Q2,2021-07-26 17:22:09,post_market,2021-07-26,2021-07-27,NEUTRAL,OK,1374,1374
AXISBANK_2021-09-30,AXISBANK,Axis Bank Ltd.,2021-09-30,2021-Q2,2021-10-26 16:36:57,post_market,2021-10-26,2021-10-27,NEUTRAL,OK,1437,1437
AXISBANK_2021-12-31,AXISBANK,Axis Bank Ltd.,2021-12-31,2021-Q3,2022-01-24 16:40:41,post_market,2022-01-24,2022-01-26,NEUTRAL,OK,1499,1499
AXISBANK_2022-03-31,AXISBANK,Axis Bank Ltd.,2022-03-31,2022-Q4,2022-04-28 16:53:24,post_market,2022-04-28,2022-05-01,NEGATIVE,OK,1562,1562
AXISBANK_2022-12-31,AXISBANK,Axis Bank Ltd.,2022-12-31,2022-Q3,2023-01-23 15:55:39,post_market,2023-01-23,2023-01-24,NEUTRAL,OK,1747,1747
AXISBANK_2023-03-31,AXISBANK,Axis Bank Ltd.,2023-03-31,2023-Q4,2023-04-27 16:06:55,post_market,2023-04-27,2023-05-01,NEUTRAL,OK,1809,1809
AXISBANK_2023-06-30,AXISBANK,Axis Bank Ltd.,2023-06-30,2023-Q1,2023-07-26 16:02:05,post_market,2023-07-26,2023-07-27,NEUTRAL,OK,1871,1871
AXISBANK_2023-09-30,AXISBANK,Axis Bank Ltd.,2023-09-30,2023-Q2,2023-10-25 16:00:39,post_market,2023-10-25,2023-10-26,NEGATIVE,OK,1932,1932
AXISBANK_2023-12-31,AXISBANK,Axis Bank Ltd.,2023-12-31,2023-Q3,2024-01-23 16:01:24,post_market,2024-01-23,2024-01-24,NEUTRAL,OK,1992,1992
AXISBANK_2024-03-31,AXISBANK,Axis Bank Ltd.,2024-03-31,2024-Q4,2024-04-24 16:25:23,post_market,2024-04-24,2024-04-25,NEUTRAL,OK,2052,2052
AXISBANK_2024-06-30,AXISBANK,Axis Bank Ltd.,2024-06-30,2024-Q1,2024-07-24 15:48:22,post_market,2024-07-24,2024-07-25,NEGATIVE,OK,2112,2112
AXISBANK_2024-09-30,AXISBANK,Axis Bank Ltd.,2024-09-30,2024-Q2,2024-10-17 15:43:12,post_market,2024-10-17,2024-10-18,NEUTRAL,OK,2171,2171
AXISBANK_2024-12-31,AXISBANK,Axis Bank Ltd.,2024-12-31,2024-Q3,2025-01-16 15:42:18,post_market,2025-01-16,2025-01-17,NEGATIVE,OK,2233,2233
AXISBANK_2025-06-30,AXISBANK,Axis Bank Ltd.,2025-06-30,2025-Q1,2025-07-17 15:39:12,post_market,2025-07-17,2025-07-18,NEUTRAL,OK,2356,2356
AXISBANK_2025-09-30,AXISBANK,Axis Bank Ltd.,2025-09-30,2025-Q2,2025-10-15 15:36:43,post_market,2025-10-15,2025-10-16,POSITIVE,OK,2417,2417
AXISBANK_2025-12-31,AXISBANK,Axis Bank Ltd.,2025-12-31,2025-Q3,2026-01-26 13:14:18,non_trading_day,2026-01-22,2026-01-27,POSITIVE,OK,2484,2484
AXISBANK_2026-03-31,AXISBANK,Axis Bank Ltd.,2026-03-31,2026-Q4,2026-04-25 12:58:44,non_trading_day,2026-04-23,2026-04-27,NEGATIVE,OK,2543,2543
AXISBANK_2026-06-30,AXISBANK,Axis Bank Ltd.,2026-06-30,2026-Q1,2026-07-18 11:24:12,non_trading_day,2026-07-16,2026-07-20,NEUTRAL,OK,2600,2600
BAJAJ-AUTO_2015-12-31,BAJAJ-AUTO,Bajaj Auto Ltd.,2015-12-31,2015-Q3,2016-02-04 13:20:34,during_market,2016-02-03,2016-02-07,POSITIVE,INSUFFICIENT_HISTORY_return_60d|INSUFFICIENT_HISTORY_volatility_60d|INSUFFICIENT_HISTORY_distance_from_50dma|INSUFFICIENT_HISTORY_distance_from_200dma|INSUFFICIENT_HISTORY_drawdown_from_60d_high|INSUFFICIENT_HISTORY_drawdown_from_252d_high|LIMITED_HISTORY|VERY_LIMITED_HISTORY,24,24
BAJAJ-AUTO_2016-03-31,BAJAJ-AUTO,Bajaj Auto Ltd.,2016-03-31,2016-Q4,2016-05-25 13:36:58,during_market,2016-05-24,2016-05-26,NEUTRAL,INSUFFICIENT_HISTORY_distance_from_200dma|INSUFFICIENT_HISTORY_drawdown_from_252d_high|VERY_LIMITED_HISTORY,97,97
BAJAJ-AUTO_2016-06-30,BAJAJ-AUTO,Bajaj Auto Ltd.,2016-06-30,2016-Q1,2016-07-27 12:18:01,during_market,2016-07-26,2016-07-28,NEUTRAL,INSUFFICIENT_HISTORY_distance_from_200dma|INSUFFICIENT_HISTORY_drawdown_from_252d_high|VERY_LIMITED_HISTORY,141,141
BAJAJ-AUTO_2016-09-30,BAJAJ-AUTO,Bajaj Auto Ltd.,2016-09-30,2016-Q2,2016-10-28 13:08:54,non_trading_day,2016-10-26,2016-10-31,NEUTRAL,INSUFFICIENT_HISTORY_drawdown_from_252d_high|VERY_LIMITED_HISTORY,202,202
BAJAJ-AUTO_2016-12-31,BAJAJ-AUTO,Bajaj Auto Ltd.,2016-12-31,2016-Q3,2017-01-31 12:58:31,during_market,2017-01-30,2017-02-01,NEUTRAL,OK,267,267
BAJAJ-AUTO_2017-03-31,BAJAJ-AUTO,Bajaj Auto Ltd.,2017-03-31,2017-Q4,2017-05-18 13:57:23,during_market,2017-05-17,2017-05-21,NEGATIVE,OK,339,339
BAJAJ-AUTO_2017-06-30,BAJAJ-AUTO,Bajaj Auto Ltd.,2017-06-30,2017-Q1,2017-07-20 12:25:30,during_market,2017-07-19,2017-07-23,NEUTRAL,OK,383,383
BAJAJ-AUTO_2017-09-30,BAJAJ-AUTO,Bajaj Auto Ltd.,2017-09-30,2017-Q2,2017-10-17 13:08:19,during_market,2017-10-16,2017-10-18,NEUTRAL,OK,443,443
BAJAJ-AUTO_2017-12-31,BAJAJ-AUTO,Bajaj Auto Ltd.,2017-12-31,2017-Q3,2018-02-02 13:41:02,non_trading_day,2018-01-31,2018-02-04,NEUTRAL,OK,517,517
BAJAJ-AUTO_2018-03-31,BAJAJ-AUTO,Bajaj Auto Ltd.,2018-03-31,2018-Q4,2018-05-18 14:07:12,non_trading_day,2018-05-16,2018-05-20,NEUTRAL,OK,587,587
BAJAJ-AUTO_2018-06-30,BAJAJ-AUTO,Bajaj Auto Ltd.,2018-06-30,2018-Q1,2018-07-20 12:25:11,non_trading_day,2018-07-18,2018-07-22,NEGATIVE,OK,632,632
BAJAJ-AUTO_2018-09-30,BAJAJ-AUTO,Bajaj Auto Ltd.,2018-09-30,2018-Q2,2018-10-24 13:59:14,during_market,2018-10-23,2018-10-25,NEUTRAL,OK,695,695
BAJAJ-AUTO_2018-12-31,BAJAJ-AUTO,Bajaj Auto Ltd.,2018-12-31,2018-Q3,2019-01-30 14:10:25,during_market,2019-01-29,2019-01-31,POSITIVE,OK,762,762
BAJAJ-AUTO_2019-03-31,BAJAJ-AUTO,Bajaj Auto Ltd.,2019-03-31,2019-Q4,2019-05-17 14:53:04,non_trading_day,2019-05-15,2019-05-19,POSITIVE,OK,830,830
BAJAJ-AUTO_2019-06-30,BAJAJ-AUTO,Bajaj Auto Ltd.,2019-06-30,2019-Q1,2019-07-26 12:26:34,non_trading_day,2019-07-24,2019-07-28,POSITIVE,OK,879,879
BAJAJ-AUTO_2019-09-30,BAJAJ-AUTO,Bajaj Auto Ltd.,2019-09-30,2019-Q2,2019-10-23 13:10:49,during_market,2019-10-22,2019-10-24,NEUTRAL,OK,936,936
BAJAJ-AUTO_2019-12-31,BAJAJ-AUTO,Bajaj Auto Ltd.,2019-12-31,2019-Q3,2020-01-30 13:10:19,during_market,2020-01-29,2020-02-02,NEGATIVE,OK,1005,1005
BAJAJ-AUTO_2020-03-31,BAJAJ-AUTO,Bajaj Auto Ltd.,2020-03-31,2020-Q4,2020-05-20 17:44:41,post_market,2020-05-20,2020-05-21,NEGATIVE,OK,1078,1078
BAJAJ-AUTO_2020-06-30,BAJAJ-AUTO,Bajaj Auto Ltd.,2020-06-30,2020-Q1,2020-07-22 12:01:59,during_market,2020-07-21,2020-07-23,POSITIVE,OK,1121,1121
BAJAJ-AUTO_2020-09-30,BAJAJ-AUTO,Bajaj Auto Ltd.,2020-09-30,2020-Q2,2020-10-22 13:04:31,during_market,2020-10-21,2020-10-25,NEUTRAL,OK,1186,1186
BAJAJ-AUTO_2020-12-31,BAJAJ-AUTO,Bajaj Auto Ltd.,2020-12-31,2020-Q3,2021-01-21 14:32:42,during_market,2021-01-20,2021-01-24,NEUTRAL,OK,1249,1249
BAJAJ-AUTO_2021-03-31,BAJAJ-AUTO,Bajaj Auto Ltd.,2021-03-31,2021-Q4,2021-04-29 17:16:46,post_market,2021-04-29,2021-05-02,NEUTRAL,OK,1314,1314
BAJAJ-AUTO_2021-06-30,BAJAJ-AUTO,Bajaj Auto Ltd.,2021-06-30,2021-Q1,2021-07-22 12:18:34,during_market,2021-07-21,2021-07-25,NEUTRAL,OK,1371,1371
BAJAJ-AUTO_2021-09-30,BAJAJ-AUTO,Bajaj Auto Ltd.,2021-09-30,2021-Q2,2021-10-27 17:50:41,post_market,2021-10-27,2021-10-28,NEUTRAL,OK,1438,1438
BAJAJ-AUTO_2021-12-31,BAJAJ-AUTO,Bajaj Auto Ltd.,2021-12-31,2021-Q3,2022-01-19 17:38:25,post_market,2022-01-19,2022-01-20,POSITIVE,OK,1496,1496
BAJAJ-AUTO_2022-03-31,BAJAJ-AUTO,Bajaj Auto Ltd.,2022-03-31,2022-Q4,2022-04-27 17:23:26,post_market,2022-04-27,2022-04-28,NEGATIVE,OK,1561,1561
BAJAJ-AUTO_2022-12-31,BAJAJ-AUTO,Bajaj Auto Ltd.,2022-12-31,2022-Q3,2023-01-25 15:28:18,non_trading_day,2023-01-23,2023-01-26,NEGATIVE,OK,1747,1747
BAJAJ-AUTO_2023-03-31,BAJAJ-AUTO,Bajaj Auto Ltd.,2023-03-31,2023-Q4,2023-04-25 17:21:03,post_market,2023-04-25,2023-04-26,NEUTRAL,OK,1807,1807
BAJAJ-AUTO_2023-06-30,BAJAJ-AUTO,Bajaj Auto Ltd.,2023-06-30,2023-Q1,2023-07-25 13:23:00,during_market,2023-07-24,2023-07-26,NEUTRAL,OK,1869,1869
BAJAJ-AUTO_2023-09-30,BAJAJ-AUTO,Bajaj Auto Ltd.,2023-09-30,2023-Q2,2023-10-18 16:49:19,post_market,2023-10-18,2023-10-19,NEUTRAL,OK,1928,1928
BAJAJ-AUTO_2023-12-31,BAJAJ-AUTO,Bajaj Auto Ltd.,2023-12-31,2023-Q3,2024-01-24 16:05:12,post_market,2024-01-24,2024-01-28,NEUTRAL,OK,1993,1993
BAJAJ-AUTO_2024-03-31,BAJAJ-AUTO,Bajaj Auto Ltd.,2024-03-31,2024-Q4,2024-04-18 16:42:32,post_market,2024-04-18,2024-04-21,NEUTRAL,OK,2048,2048
BAJAJ-AUTO_2024-06-30,BAJAJ-AUTO,Bajaj Auto Ltd.,2024-06-30,2024-Q1,2024-07-16 13:41:11,during_market,2024-07-15,2024-07-18,NEUTRAL,OK,2106,2106
BAJAJ-AUTO_2024-09-30,BAJAJ-AUTO,Bajaj Auto Ltd.,2024-09-30,2024-Q2,2024-10-16 16:27:09,post_market,2024-10-16,2024-10-17,POSITIVE,OK,2170,2170
BAJAJ-AUTO_2024-12-31,BAJAJ-AUTO,Bajaj Auto Ltd.,2024-12-31,2024-Q3,2025-01-28 17:50:49,post_market,2025-01-28,2025-01-29,POSITIVE,OK,2241,2241
BAJAJ-AUTO_2025-03-31,BAJAJ-AUTO,Bajaj Auto Ltd.,2025-03-31,2025-Q4,2025-05-29 18:02:41,post_market,2025-05-29,2025-05-30,NEUTRAL,OK,2321,2321
BAJAJ-AUTO_2025-06-30,BAJAJ-AUTO,Bajaj Auto Ltd.,2025-06-30,2025-Q1,2025-08-06 12:17:32,during_market,2025-08-05,2025-08-07,NEUTRAL,OK,2369,2369
BAJAJ-AUTO_2025-09-30,BAJAJ-AUTO,Bajaj Auto Ltd.,2025-09-30,2025-Q2,2025-11-07 17:03:28,post_market,2025-11-07,2025-11-10,NEUTRAL,OK,2432,2432
BAJAJ-AUTO_2025-12-31,BAJAJ-AUTO,Bajaj Auto Ltd.,2025-12-31,2025-Q3,2026-01-30 16:29:45,post_market,2026-01-30,2026-02-02,NEUTRAL,OK,2489,2489
BAJAJ-AUTO_2026-03-31,BAJAJ-AUTO,Bajaj Auto Ltd.,2026-03-31,2026-Q4,2026-05-06 18:27:38,post_market,2026-05-06,2026-05-07,NEUTRAL,OK,2551,2551
BAJAJ-AUTO_2026-06-30,BAJAJ-AUTO,Bajaj Auto Ltd.,2026-06-30,2026-Q1,2026-07-21 12:43:08,during_market,2026-07-20,2026-07-22,NEUTRAL,OK,2602,2602
BAJAJFINSV_2015-12-31,BAJAJFINSV,Bajaj Finserv Ltd.,2015-12-31,2015-Q3,2016-02-03 16:24:55,post_market,2016-02-03,2016-02-04,NEGATIVE,INSUFFICIENT_HISTORY_return_60d|INSUFFICIENT_HISTORY_volatility_60d|INSUFFICIENT_HISTORY_distance_from_50dma|INSUFFICIENT_HISTORY_distance_from_200dma|INSUFFICIENT_HISTORY_drawdown_from_60d_high|INSUFFICIENT_HISTORY_drawdown_from_252d_high|LIMITED_HISTORY|VERY_LIMITED_HISTORY,24,24
BAJAJFINSV_2016-03-31,BAJAJFINSV,Bajaj Finserv Ltd.,2016-03-31,2016-Q4,2016-05-24 16:49:18,post_market,2016-05-24,2016-05-25,NEUTRAL,INSUFFICIENT_HISTORY_distance_from_200dma|INSUFFICIENT_HISTORY_drawdown_from_252d_high|VERY_LIMITED_HISTORY,97,97
BAJAJFINSV_2016-06-30,BAJAJFINSV,Bajaj Finserv Ltd.,2016-06-30,2016-Q1,2016-07-26 15:29:22,during_market,2016-07-25,2016-07-27,POSITIVE,INSUFFICIENT_HISTORY_distance_from_200dma|INSUFFICIENT_HISTORY_drawdown_from_252d_high|VERY_LIMITED_HISTORY,140,140
BAJAJFINSV_2016-09-30,BAJAJFINSV,Bajaj Finserv Ltd.,2016-09-30,2016-Q2,2016-10-27 16:09:33,post_market,2016-10-27,2016-10-31,NEGATIVE,INSUFFICIENT_HISTORY_drawdown_from_252d_high|VERY_LIMITED_HISTORY,203,203
BAJAJFINSV_2016-12-31,BAJAJFINSV,Bajaj Finserv Ltd.,2016-12-31,2016-Q3,2017-01-30 15:34:57,post_market,2017-01-30,2017-01-31,POSITIVE,OK,267,267
BAJAJFINSV_2017-03-31,BAJAJFINSV,Bajaj Finserv Ltd.,2017-03-31,2017-Q4,2017-05-17 18:26:18,post_market,2017-05-17,2017-05-18,NEGATIVE,OK,339,339
BAJAJFINSV_2017-06-30,BAJAJFINSV,Bajaj Finserv Ltd.,2017-06-30,2017-Q1,2017-07-19 16:23:36,post_market,2017-07-19,2017-07-20,NEUTRAL,OK,383,383
BAJAJFINSV_2017-09-30,BAJAJFINSV,Bajaj Finserv Ltd.,2017-09-30,2017-Q2,2017-10-16 16:09:53,post_market,2017-10-16,2017-10-17,NEUTRAL,OK,443,443
BAJAJFINSV_2017-12-31,BAJAJFINSV,Bajaj Finserv Ltd.,2017-12-31,2018-Q4,2018-02-01 16:41:09,post_market,2018-02-01,2018-02-04,POSITIVE,OK,518,518
BAJAJFINSV_2018-03-31,BAJAJFINSV,Bajaj Finserv Ltd.,2018-03-31,2018-Q4,2018-05-17 17:30:46,post_market,2018-05-17,2018-05-20,POSITIVE,OK,588,588
BAJAJFINSV_2018-06-30,BAJAJFINSV,Bajaj Finserv Ltd.,2018-06-30,2018-Q1,2018-07-19 16:28:25,post_market,2018-07-19,2018-07-22,NEUTRAL,OK,633,633
BAJAJFINSV_2018-09-30,BAJAJFINSV,Bajaj Finserv Ltd.,2018-09-30,2018-Q2,2018-10-23 16:39:38,post_market,2018-10-23,2018-10-24,NEUTRAL,OK,695,695
BAJAJFINSV_2018-12-31,BAJAJFINSV,Bajaj Finserv Ltd.,2018-12-31,2018-Q3,2019-01-29 16:49:56,post_market,2019-01-29,2019-01-30,NEGATIVE,OK,762,762
BAJAJFINSV_2019-03-31,BAJAJFINSV,Bajaj Finserv Ltd.,2019-03-31,2019-Q4,2019-05-16 19:03:23,post_market,2019-05-16,2019-05-19,NEUTRAL,OK,831,831
BAJAJFINSV_2019-06-30,BAJAJFINSV,Bajaj Finserv Ltd.,2019-06-30,2019-Q1,2019-07-25 16:15:00,post_market,2019-07-25,2019-07-28,NEUTRAL,OK,880,880
BAJAJFINSV_2019-09-30,BAJAJFINSV,Bajaj Finserv Ltd.,2019-09-30,2019-Q2,2019-10-22 16:02:17,post_market,2019-10-22,2019-10-23,NEUTRAL,OK,936,936
BAJAJFINSV_2019-12-31,BAJAJFINSV,Bajaj Finserv Ltd.,2019-12-31,2020-Q4,2020-01-29 16:28:39,post_market,2020-01-29,2020-01-30,NEUTRAL,OK,1005,1005
BAJAJFINSV_2020-03-31,BAJAJFINSV,Bajaj Finserv Ltd.,2020-03-31,2020-Q4,2020-05-21 13:31:37,during_market,2020-05-20,2020-05-25,POSITIVE,OK,1078,1078
BAJAJFINSV_2020-06-30,BAJAJFINSV,Bajaj Finserv Ltd.,2020-06-30,2020-Q1,2020-07-21 16:40:23,post_market,2020-07-21,2020-07-22,NEUTRAL,OK,1121,1121
BAJAJFINSV_2020-09-30,BAJAJFINSV,Bajaj Finserv Ltd.,2020-09-30,2020-Q2,2020-10-21 17:44:30,post_market,2020-10-21,2020-10-22,NEUTRAL,OK,1186,1186
BAJAJFINSV_2020-12-31,BAJAJFINSV,Bajaj Finserv Ltd.,2020-12-31,2021-Q4,2021-01-20 17:44:49,post_market,2021-01-20,2021-01-21,POSITIVE,OK,1249,1249
BAJAJFINSV_2021-03-31,BAJAJFINSV,Bajaj Finserv Ltd.,2021-03-31,2021-Q1,2021-04-28 12:28:40,during_market,2021-04-27,2021-04-29,NEUTRAL,OK,1312,1312
BAJAJFINSV_2021-06-30,BAJAJFINSV,Bajaj Finserv Ltd.,2021-06-30,2021-Q2,2021-07-21 12:30:11,during_market,2021-07-19,2021-07-22,POSITIVE,OK,1370,1370
BAJAJFINSV_2021-09-30,BAJAJFINSV,Bajaj Finserv Ltd.,2021-09-30,2021-Q3,2021-10-28 12:40:45,during_market,2021-10-27,2021-10-31,NEUTRAL,OK,1438,1438
BAJAJFINSV_2021-12-31,BAJAJFINSV,Bajaj Finserv Ltd.,2021-12-31,2022-Q4,2022-01-20 14:06:51,during_market,2022-01-19,2022-01-23,NEGATIVE,OK,1496,1496
BAJAJFINSV_2022-03-31,BAJAJFINSV,Bajaj Finserv Ltd.,2022-03-31,2022-Q4,2022-04-28 13:44:17,during_market,2022-04-27,2022-05-01,NEGATIVE,OK,1561,1561
BAJAJFINSV_2022-12-31,BAJAJFINSV,Bajaj Finserv Ltd.,2022-12-31,2022-Q3,2023-01-30 12:58:17,during_market,2023-01-29,2023-01-31,POSITIVE,OK,1750,1750
BAJAJFINSV_2023-03-31,BAJAJFINSV,Bajaj Finserv Ltd.,2023-03-31,2023-Q4,2023-04-27 13:24:01,during_market,2023-04-26,2023-05-01,NEUTRAL,OK,1808,1808
BAJAJFINSV_2023-06-30,BAJAJFINSV,Bajaj Finserv Ltd.,2023-06-30,2023-Q1,2023-07-27 11:42:38,during_market,2023-07-26,2023-07-30,NEGATIVE,OK,1871,1871
BAJAJFINSV_2023-09-30,BAJAJFINSV,Bajaj Finserv Ltd.,2023-09-30,2023-Q3,2023-10-27 13:11:28,non_trading_day,2023-10-25,2023-10-29,NEUTRAL,OK,1932,1932
BAJAJFINSV_2023-12-31,BAJAJFINSV,Bajaj Finserv Ltd.,2023-12-31,2024-Q4,2024-01-30 12:57:53,during_market,2024-01-29,2024-01-31,NEGATIVE,OK,1995,1995
BAJAJFINSV_2024-03-31,BAJAJFINSV,Bajaj Finserv Ltd.,2024-03-31,2024-Q4,2024-04-26 14:03:24,non_trading_day,2024-04-24,2024-04-28,POSITIVE,OK,2052,2052
BAJAJFINSV_2024-06-30,BAJAJFINSV,Bajaj Finserv Ltd.,2024-06-30,2024-Q2,2024-07-24 12:08:34,during_market,2024-07-23,2024-07-25,POSITIVE,OK,2111,2111
BAJAJFINSV_2024-09-30,BAJAJFINSV,Bajaj Finserv Ltd.,2024-09-30,2024-Q3,2024-10-23 13:31:31,during_market,2024-10-22,2024-10-24,NEUTRAL,OK,2174,2174
BAJAJFINSV_2024-12-31,BAJAJFINSV,Bajaj Finserv Ltd.,2024-12-31,2024-Q3,2025-01-30 12:54:24,during_market,2025-01-29,2025-01-31,POSITIVE,OK,2242,2242
BAJAJFINSV_2025-06-30,BAJAJFINSV,Bajaj Finserv Ltd.,2025-06-30,2025-Q1,2025-07-25 12:03:36,during_market,2025-07-24,2025-07-28,NEUTRAL,OK,2361,2361
BAJAJFINSV_2025-09-30,BAJAJFINSV,Bajaj Finserv Ltd.,2025-09-30,2025-Q2,2025-11-11 13:48:50,during_market,2025-11-10,2025-11-12,NEUTRAL,OK,2433,2433
BAJAJFINSV_2025-12-31,BAJAJFINSV,Bajaj Finserv Ltd.,2025-12-31,2025-Q3,2026-02-04 13:20:02,during_market,2026-02-03,2026-02-05,NEUTRAL,OK,2491,2491
BAJAJFINSV_2026-03-31,BAJAJFINSV,Bajaj Finserv Ltd.,2026-03-31,2026-Q4,2026-04-30 14:14:41,during_market,2026-04-29,2026-05-04,POSITIVE,OK,2547,2547
BAJAJFINSV_2026-06-30,BAJAJFINSV,Bajaj Finserv Ltd.,2026-06-30,2026-Q1,2026-07-31 11:56:45,during_market,2026-07-30,2026-08-03,NEUTRAL,OK,2610,2610
BAJFINANCE_2015-12-31,BAJFINANCE,Bajaj Finance Ltd.,2015-12-31,2015-Q3,2016-02-03 13:48:15,during_market,2016-02-02,2016-02-04,NEUTRAL,INSUFFICIENT_HISTORY_return_60d|INSUFFICIENT_HISTORY_volatility_60d|INSUFFICIENT_HISTORY_distance_from_50dma|INSUFFICIENT_HISTORY_distance_from_200dma|INSUFFICIENT_HISTORY_drawdown_from_60d_high|INSUFFICIENT_HISTORY_drawdown_from_252d_high|LIMITED_HISTORY|VERY_LIMITED_HISTORY,23,23
BAJFINANCE_2016-03-31,BAJFINANCE,Bajaj Finance Ltd.,2016-03-31,2016-Q4,2016-05-24 16:50:22,post_market,2016-05-24,2016-05-25,NEUTRAL,INSUFFICIENT_HISTORY_distance_from_200dma|INSUFFICIENT_HISTORY_drawdown_from_252d_high|VERY_LIMITED_HISTORY,97,97
BAJFINANCE_2016-06-30,BAJFINANCE,Bajaj Finance Ltd.,2016-06-30,2016-Q1,2016-07-26 14:08:40,during_market,2016-07-25,2016-07-27,POSITIVE,INSUFFICIENT_HISTORY_distance_from_200dma|INSUFFICIENT_HISTORY_drawdown_from_252d_high|VERY_LIMITED_HISTORY,140,140
BAJFINANCE_2016-09-30,BAJFINANCE,Bajaj Finance Ltd.,2016-09-30,2016-Q2,2016-10-27 13:58:31,during_market,2016-10-26,2016-10-31,NEGATIVE,INSUFFICIENT_HISTORY_drawdown_from_252d_high|VERY_LIMITED_HISTORY,202,202
BAJFINANCE_2016-12-31,BAJFINANCE,Bajaj Finance Ltd.,2016-12-31,2016-Q3,2017-01-30 12:51:36,during_market,2017-01-29,2017-01-31,NEUTRAL,OK,266,266
BAJFINANCE_2017-03-31,BAJFINANCE,Bajaj Finance Ltd.,2017-03-31,2017-Q4,2017-05-17 14:31:21,during_market,2017-05-16,2017-05-18,NEGATIVE,OK,338,338
BAJFINANCE_2017-06-30,BAJFINANCE,Bajaj Finance Ltd.,2017-06-30,2017-Q2,2017-07-19 12:17:45,during_market,2017-07-18,2017-07-20,POSITIVE,OK,382,382
BAJFINANCE_2017-09-30,BAJFINANCE,Bajaj Finance Ltd.,2017-09-30,2017-Q2,2017-10-16 13:28:15,during_market,2017-10-15,2017-10-17,NEUTRAL,OK,442,442
BAJFINANCE_2017-12-31,BAJFINANCE,Bajaj Finance Ltd.,2017-12-31,2018-Q4,2018-02-01 14:18:38,during_market,2018-01-31,2018-02-04,POSITIVE,OK,517,517
BAJFINANCE_2018-03-31,BAJFINANCE,Bajaj Finance Ltd.,2018-03-31,2018-Q4,2018-05-17 14:05:15,during_market,2018-05-16,2018-05-20,NEUTRAL,OK,587,587
BAJFINANCE_2018-06-30,BAJFINANCE,Bajaj Finance Ltd.,2018-06-30,2018-Q1,2018-07-19 12:20:08,during_market,2018-07-18,2018-07-22,NEGATIVE,OK,632,632
BAJFINANCE_2018-09-30,BAJFINANCE,Bajaj Finance Ltd.,2018-09-30,2018-Q2,2018-10-23 13:49:45,during_market,2018-10-22,2018-10-24,NEUTRAL,OK,694,694
BAJFINANCE_2018-12-31,BAJFINANCE,Bajaj Finance Ltd.,2018-12-31,2018-Q3,2019-01-29 14:14:44,during_market,2019-01-28,2019-01-30,NEUTRAL,OK,761,761
BAJFINANCE_2019-03-31,BAJFINANCE,Bajaj Finance Ltd.,2019-03-31,2019-Q4,2019-05-16 14:27:25,during_market,2019-05-15,2019-05-19,NEUTRAL,OK,830,830
BAJFINANCE_2019-06-30,BAJFINANCE,Bajaj Finance Ltd.,2019-06-30,2019-Q1,2019-07-25 12:23:23,during_market,2019-07-24,2019-07-28,NEUTRAL,OK,879,879
BAJFINANCE_2019-09-30,BAJFINANCE,Bajaj Finance Ltd.,2019-09-30,2019-Q2,2019-10-22 13:26:31,during_market,2019-10-21,2019-10-23,NEUTRAL,OK,935,935
BAJFINANCE_2019-12-31,BAJFINANCE,Bajaj Finance Ltd.,2019-12-31,2019-Q3,2020-01-29 13:37:52,during_market,2020-01-28,2020-01-30,POSITIVE,OK,1004,1004
BAJFINANCE_2020-03-31,BAJFINANCE,Bajaj Finance Ltd.,2020-03-31,2020-Q1,2020-05-19 19:33:28,post_market,2020-05-19,2020-05-20,NEGATIVE,OK,1077,1077
BAJFINANCE_2020-06-30,BAJFINANCE,Bajaj Finance Ltd.,2020-06-30,2020-Q1,2020-07-21 12:05:00,during_market,2020-07-20,2020-07-22,NEGATIVE,OK,1120,1120
BAJFINANCE_2020-09-30,BAJFINANCE,Bajaj Finance Ltd.,2020-09-30,2020-Q3,2020-10-21 13:25:48,during_market,2020-10-20,2020-10-22,POSITIVE,OK,1185,1185
BAJFINANCE_2020-12-31,BAJFINANCE,Bajaj Finance Ltd.,2020-12-31,2020-Q3,2021-01-20 16:11:47,post_market,2021-01-20,2021-01-21,NEUTRAL,OK,1249,1249
BAJFINANCE_2021-03-31,BAJFINANCE,Bajaj Finance Ltd.,2021-03-31,2021-Q4,2021-04-27 17:39:34,post_market,2021-04-27,2021-04-28,POSITIVE,OK,1312,1312
BAJFINANCE_2021-06-30,BAJFINANCE,Bajaj Finance Ltd.,2021-06-30,2021-Q2,2021-07-20 15:25:05,non_trading_day,2021-07-18,2021-07-21,NEUTRAL,OK,1369,1369
BAJFINANCE_2021-09-30,BAJFINANCE,Bajaj Finance Ltd.,2021-09-30,2021-Q3,2021-10-26 16:31:50,post_market,2021-10-26,2021-10-27,NEUTRAL,OK,1437,1437
BAJFINANCE_2021-12-31,BAJFINANCE,Bajaj Finance Ltd.,2021-12-31,2021-Q3,2022-01-18 17:45:51,post_market,2022-01-18,2022-01-19,NEGATIVE,OK,1495,1495
BAJFINANCE_2022-03-31,BAJFINANCE,Bajaj Finance Ltd.,2022-03-31,2022-Q4,2022-04-26 18:21:52,post_market,2022-04-26,2022-04-27,NEGATIVE,OK,1560,1560
BAJFINANCE_2022-12-31,BAJFINANCE,Bajaj Finance Ltd.,2022-12-31,2022-Q3,2023-01-27 16:05:37,non_trading_day,2023-01-24,2023-01-29,NEGATIVE,OK,1748,1748
BAJFINANCE_2023-03-31,BAJFINANCE,Bajaj Finance Ltd.,2023-03-31,2023-Q4,2023-04-26 17:37:04,post_market,2023-04-26,2023-04-27,NEUTRAL,OK,1808,1808
BAJFINANCE_2023-06-30,BAJFINANCE,Bajaj Finance Ltd.,2023-06-30,2023-Q2,2023-07-26 14:29:45,during_market,2023-07-25,2023-07-27,NEUTRAL,OK,1870,1870
BAJFINANCE_2023-09-30,BAJFINANCE,Bajaj Finance Ltd.,2023-09-30,2023-Q3,2023-10-17 15:52:23,post_market,2023-10-17,2023-10-18,NEUTRAL,OK,1927,1927
BAJFINANCE_2023-12-31,BAJFINANCE,Bajaj Finance Ltd.,2023-12-31,2023-Q3,2024-01-29 16:45:47,post_market,2024-01-29,2024-01-30,NEGATIVE,OK,1995,1995
BAJFINANCE_2024-03-31,BAJFINANCE,Bajaj Finance Ltd.,2024-03-31,2024-Q1,2024-04-25 17:35:40,post_market,2024-04-25,2024-04-28,POSITIVE,OK,2053,2053
BAJFINANCE_2024-06-30,BAJFINANCE,Bajaj Finance Ltd.,2024-06-30,2024-Q1,2024-07-23 15:35:17,post_market,2024-07-23,2024-07-24,NEUTRAL,OK,2111,2111
BAJFINANCE_2024-09-30,BAJFINANCE,Bajaj Finance Ltd.,2024-09-30,2024-Q3,2024-10-22 17:34:51,post_market,2024-10-22,2024-10-23,NEUTRAL,OK,2174,2174
BAJFINANCE_2024-12-31,BAJFINANCE,Bajaj Finance Ltd.,2024-12-31,2024-Q3,2025-01-29 17:20:38,post_market,2025-01-29,2025-01-30,POSITIVE,OK,2242,2242
BAJFINANCE_2025-03-31,BAJFINANCE,Bajaj Finance Ltd.,2025-03-31,2025-Q1,2025-04-29 17:44:44,post_market,2025-04-29,2025-04-30,NEUTRAL,OK,2300,2300
BAJFINANCE_2025-06-30,BAJFINANCE,Bajaj Finance Ltd.,2025-06-30,2025-Q1,2025-07-24 15:29:02,during_market,2025-07-23,2025-07-25,NEGATIVE,OK,2360,2360
BAJFINANCE_2025-09-30,BAJFINANCE,Bajaj Finance Ltd.,2025-09-30,2025-Q3,2025-11-10 17:09:32,post_market,2025-11-10,2025-11-11,NEUTRAL,OK,2433,2433
BAJFINANCE_2025-12-31,BAJFINANCE,Bajaj Finance Ltd.,2025-12-31,2025-Q3,2026-02-03 17:11:40,post_market,2026-02-03,2026-02-04,NEUTRAL,OK,2491,2491
BAJFINANCE_2026-03-31,BAJFINANCE,Bajaj Finance Ltd.,2026-03-31,2026-Q4,2026-04-29 16:34:28,post_market,2026-04-29,2026-04-30,POSITIVE,OK,2547,2547
BAJFINANCE_2026-06-30,BAJFINANCE,Bajaj Finance Ltd.,2026-06-30,2026-Q1,2026-07-30 15:19:07,during_market,2026-07-29,2026-07-31,NEUTRAL,OK,2609,2609
BEL_2015-12-31,BEL,Bharat Electronics Ltd.,2015-12-31,2015-Q3,2016-01-27 14:23:53,during_market,2016-01-26,2016-01-28,NEUTRAL,INSUFFICIENT_HISTORY_return_20d|INSUFFICIENT_HISTORY_return_60d|INSUFFICIENT_HISTORY_volatility_20d|INSUFFICIENT_HISTORY_volatility_60d|INSUFFICIENT_HISTORY_volume_ratio_20d|INSUFFICIENT_HISTORY_distance_from_20dma|INSUFFICIENT_HISTORY_distance_from_50dma|INSUFFICIENT_HISTORY_distance_from_200dma|INSUFFICIENT_HISTORY_drawdown_from_20d_high|INSUFFICIENT_HISTORY_drawdown_from_60d_high|INSUFFICIENT_HISTORY_drawdown_from_252d_high|LIMITED_HISTORY|VERY_LIMITED_HISTORY,18,18
BEL_2016-03-31,BEL,Bharat Electronics Ltd.,2016-03-31,2016-Q4,2016-05-27 14:38:25,non_trading_day,2016-05-25,2016-05-29,NEGATIVE,INSUFFICIENT_HISTORY_distance_from_200dma|INSUFFICIENT_HISTORY_drawdown_from_252d_high|VERY_LIMITED_HISTORY,98,98
BEL_2016-06-30,BEL,Bharat Electronics Ltd.,2016-06-30,2016-Q1,2016-08-05 20:46:29,non_trading_day,2016-08-03,2016-08-07,NEUTRAL,INSUFFICIENT_HISTORY_distance_from_200dma|INSUFFICIENT_HISTORY_drawdown_from_252d_high|VERY_LIMITED_HISTORY,147,147
BEL_2016-09-30,BEL,Bharat Electronics Ltd.,2016-09-30,2016-Q2,2016-10-27 17:37:15,post_market,2016-10-27,2016-10-31,NEUTRAL,INSUFFICIENT_HISTORY_drawdown_from_252d_high|VERY_LIMITED_HISTORY,203,203
BEL_2016-12-31,BEL,Bharat Electronics Ltd.,2016-12-31,2016-Q3,2017-01-27 19:03:31,non_trading_day,2017-01-24,2017-01-29,NEGATIVE,OK,264,264
BEL_2017-03-31,BEL,Bharat Electronics Ltd.,2017-03-31,2017-Q4,2017-05-29 18:15:28,post_market,2017-05-29,2017-05-30,NEGATIVE,OK,347,347
BEL_2017-06-30,BEL,Bharat Electronics Ltd.,2017-06-30,2017-Q1,2017-07-31 16:36:57,post_market,2017-07-31,2017-08-01,NEUTRAL,OK,391,391
BEL_2017-09-30,BEL,Bharat Electronics Ltd.,2017-09-30,2017-Q2,2017-10-30 20:07:09,post_market,2017-10-30,2017-10-31,NEUTRAL,OK,452,452
BEL_2017-12-31,BEL,Bharat Electronics Ltd.,2017-12-31,2018-Q4,2018-01-30 21:18:45,post_market,2018-01-30,2018-01-31,NEGATIVE,OK,516,516
BEL_2018-03-31,BEL,Bharat Electronics Ltd.,2018-03-31,2018-Q4,2018-05-29 20:01:53,post_market,2018-05-29,2018-05-30,NEUTRAL,OK,596,596
BEL_2018-06-30,BEL,Bharat Electronics Ltd.,2018-06-30,2018-Q1,2018-07-31 15:09:14,during_market,2018-07-30,2018-08-01,NEUTRAL,OK,640,640
BEL_2018-09-30,BEL,Bharat Electronics Ltd.,2018-09-30,2018-Q2,2018-10-26 14:42:22,non_trading_day,2018-10-24,2018-10-28,POSITIVE,OK,696,696
BEL_2018-12-31,BEL,Bharat Electronics Ltd.,2018-12-31,2018-Q3,2019-01-30 18:30:32,post_market,2019-01-30,2019-01-31,NEGATIVE,OK,763,763
BEL_2019-03-31,BEL,Bharat Electronics Ltd.,2019-03-31,2019-Q4,2019-05-29 18:47:12,post_market,2019-05-29,2019-05-30,NEGATIVE,OK,840,840
BEL_2019-06-30,BEL,Bharat Electronics Ltd.,2019-06-30,2019-Q1,2019-07-29 20:10:11,post_market,2019-07-29,2019-07-30,NEGATIVE,OK,882,882
BEL_2019-09-30,BEL,Bharat Electronics Ltd.,2019-09-30,2019-Q2,2019-11-04 17:40:58,post_market,2019-11-04,2019-11-05,NEUTRAL,OK,945,945
BEL_2019-12-31,BEL,Bharat Electronics Ltd.,2019-12-31,2019-Q3,2020-01-30 20:55:56,post_market,2020-01-30,2020-02-02,NEUTRAL,OK,1006,1006
BEL_2020-03-31,BEL,Bharat Electronics Ltd.,2020-03-31,2020-Q4,2020-06-29 23:38:13,post_market,2020-06-29,2020-06-30,POSITIVE,OK,1105,1105
BEL_2020-06-30,BEL,Bharat Electronics Ltd.,2020-06-30,2020-Q1,2020-07-27 19:09:11,post_market,2020-07-27,2020-07-28,POSITIVE,OK,1125,1125
BEL_2020-09-30,BEL,Bharat Electronics Ltd.,2020-09-30,2020-Q2,2020-11-06 18:33:29,non_trading_day,2020-11-04,2020-11-08,NEUTRAL,OK,1196,1196
BEL_2020-12-31,BEL,Bharat Electronics Ltd.,2020-12-31,2020-Q3,2021-01-28 17:32:59,post_market,2021-01-28,2021-01-31,NEUTRAL,OK,1254,1254
BEL_2021-03-31,BEL,Bharat Electronics Ltd.,2021-03-31,2021-Q4,2021-06-22 18:20:01,post_market,2021-06-22,2021-06-23,POSITIVE,OK,1351,1351
BEL_2021-06-30,BEL,Bharat Electronics Ltd.,2021-06-30,2021-Q1,2021-08-06 16:28:56,non_trading_day,2021-08-04,2021-08-08,NEUTRAL,OK,1381,1381
BEL_2021-09-30,BEL,Bharat Electronics Ltd.,2021-09-30,2021-Q2,2021-10-29 13:08:41,non_trading_day,2021-10-27,2021-10-31,NEUTRAL,OK,1438,1438
BEL_2021-12-31,BEL,Bharat Electronics Ltd.,2021-12-31,2021-Q3,2022-01-28 17:30:43,non_trading_day,2022-01-26,2022-01-30,NEGATIVE,OK,1500,1500
BEL_2022-03-31,BEL,Bharat Electronics Ltd.,2022-03-31,2022-Q4,2022-05-23 16:29:36,post_market,2022-05-23,2022-05-24,NEUTRAL,OK,1578,1578
BEL_2022-12-31,BEL,Bharat Electronics Ltd.,2022-12-31,2022-Q3,2023-01-28 13:18:10,non_trading_day,2023-01-24,2023-01-29,POSITIVE,OK,1748,1748
BEL_2023-03-31,BEL,Bharat Electronics Ltd.,2023-03-31,2023-Q4,2023-05-20 18:36:44,non_trading_day,2023-05-17,2023-05-21,NEUTRAL,OK,1822,1822
BEL_2023-06-30,BEL,Bharat Electronics Ltd.,2023-06-30,2023-Q1,2023-07-27 18:24:09,post_market,2023-07-27,2023-07-30,NEGATIVE,OK,1872,1872
BEL_2023-09-30,BEL,Bharat Electronics Ltd.,2023-09-30,2023-Q2,2023-10-28 12:29:09,non_trading_day,2023-10-25,2023-10-29,POSITIVE,OK,1932,1932
BEL_2023-12-31,BEL,Bharat Electronics Ltd.,2023-12-31,2023-Q3,2024-01-29 13:41:13,during_market,2024-01-28,2024-01-30,NEGATIVE,OK,1994,1994
BEL_2024-03-31,BEL,Bharat Electronics Ltd.,2024-03-31,2024-Q4,2024-05-20 18:10:05,post_market,2024-05-20,2024-05-21,POSITIVE,OK,2068,2068
BEL_2024-06-30,BEL,Bharat Electronics Ltd.,2024-06-30,2024-Q1,2024-07-29 14:01:33,during_market,2024-07-26,2024-07-30,NEGATIVE,OK,2114,2114
BEL_2024-09-30,BEL,Bharat Electronics Ltd.,2024-09-30,2024-Q2,2024-10-25 13:35:44,during_market,2024-10-24,2024-10-28,POSITIVE,OK,2176,2176
BEL_2024-12-31,BEL,Bharat Electronics Ltd.,2024-12-31,2024-Q3,2025-01-30 13:58:59,during_market,2025-01-29,2025-01-31,NEGATIVE,OK,2242,2242
BEL_2025-03-31,BEL,Bharat Electronics Ltd.,2025-03-31,2025-Q4,2025-05-19 18:20:28,post_market,2025-05-19,2025-05-20,POSITIVE,OK,2313,2313
BEL_2025-06-30,BEL,Bharat Electronics Ltd.,2025-06-30,2025-Q1,2025-07-28 16:06:30,post_market,2025-07-28,2025-07-29,NEUTRAL,OK,2363,2363
BEL_2025-09-30,BEL,Bharat Electronics Ltd.,2025-09-30,2025-Q2,2025-10-31 13:01:00,during_market,2025-10-30,2025-11-03,NEUTRAL,OK,2427,2427
BEL_2025-12-31,BEL,Bharat Electronics Ltd.,2025-12-31,2025-Q3,2026-01-28 14:05:10,during_market,2026-01-27,2026-01-29,NEGATIVE,OK,2486,2486
BEL_2026-03-31,BEL,Bharat Electronics Ltd.,2026-03-31,2026-Q4,2026-05-19 15:23:04,during_market,2026-05-18,2026-05-20,NEUTRAL,OK,2559,2559
BEL_2026-06-30,BEL,Bharat Electronics Ltd.,2026-06-30,2026-Q1,2026-07-27 16:06:24,post_market,2026-07-27,2026-07-28,NEUTRAL,OK,2607,2607
BHARTIARTL_2015-12-31,BHARTIARTL,Bharti Airtel Ltd.,2015-12-31,2015-Q3,2016-01-28 16:06:26,post_market,2016-01-28,2016-01-31,POSITIVE,INSUFFICIENT_HISTORY_return_20d|INSUFFICIENT_HISTORY_return_60d|INSUFFICIENT_HISTORY_volatility_20d|INSUFFICIENT_HISTORY_volatility_60d|INSUFFICIENT_HISTORY_distance_from_50dma|INSUFFICIENT_HISTORY_distance_from_200dma|INSUFFICIENT_HISTORY_drawdown_from_60d_high|INSUFFICIENT_HISTORY_drawdown_from_252d_high|LIMITED_HISTORY|VERY_LIMITED_HISTORY,20,20
BHARTIARTL_2016-03-31,BHARTIARTL,Bharti Airtel Ltd.,2016-03-31,2016-Q4,2016-04-27 18:48:08,post_market,2016-04-27,2016-04-28,NEUTRAL,INSUFFICIENT_HISTORY_distance_from_200dma|INSUFFICIENT_HISTORY_drawdown_from_252d_high|VERY_LIMITED_HISTORY,78,78
BHARTIARTL_2016-06-30,BHARTIARTL,Bharti Airtel Ltd.,2016-06-30,2016-Q1,2016-07-27 17:16:25,post_market,2016-07-27,2016-07-28,NEUTRAL,INSUFFICIENT_HISTORY_distance_from_200dma|INSUFFICIENT_HISTORY_drawdown_from_252d_high|VERY_LIMITED_HISTORY,142,142
BHARTIARTL_2016-09-30,BHARTIARTL,Bharti Airtel Ltd.,2016-09-30,2016-Q2,2016-10-25 18:04:23,post_market,2016-10-25,2016-10-26,NEGATIVE,INSUFFICIENT_HISTORY_drawdown_from_252d_high|VERY_LIMITED_HISTORY,201,201
BHARTIARTL_2016-12-31,BHARTIARTL,Bharti Airtel Ltd.,2016-12-31,2016-Q3,2017-01-24 17:19:06,post_market,2017-01-24,2017-01-26,POSITIVE,OK,264,264
BHARTIARTL_2017-03-31,BHARTIARTL,Bharti Airtel Ltd.,2017-03-31,2017-Q4,2017-05-09 20:09:26,post_market,2017-05-09,2017-05-10,NEUTRAL,OK,333,333
BHARTIARTL_2017-06-30,BHARTIARTL,Bharti Airtel Ltd.,2017-06-30,2017-Q1,2017-07-25 17:03:34,post_market,2017-07-25,2017-07-26,NEUTRAL,OK,387,387
BHARTIARTL_2017-09-30,BHARTIARTL,Bharti Airtel Ltd.,2017-09-30,2017-Q2,2017-10-31 16:15:17,post_market,2017-10-31,2017-11-01,NEGATIVE,OK,453,453
BHARTIARTL_2017-12-31,BHARTIARTL,Bharti Airtel Ltd.,2017-12-31,2017-Q3,2018-01-18 18:14:52,post_market,2018-01-18,2018-01-21,NEGATIVE,OK,509,509
BHARTIARTL_2018-03-31,BHARTIARTL,Bharti Airtel Ltd.,2018-03-31,2018-Q4,2018-04-24 17:41:13,post_market,2018-04-24,2018-04-25,NEUTRAL,OK,572,572
BHARTIARTL_2018-06-30,BHARTIARTL,Bharti Airtel Ltd.,2018-06-30,2018-Q1,2018-07-26 16:52:58,post_market,2018-07-26,2018-07-29,NEGATIVE,OK,638,638
BHARTIARTL_2018-09-30,BHARTIARTL,Bharti Airtel Ltd.,2018-09-30,2018-Q2,2018-10-25 16:36:20,post_market,2018-10-25,2018-10-28,NEUTRAL,OK,697,697
BHARTIARTL_2018-12-31,BHARTIARTL,Bharti Airtel Ltd.,2018-12-31,2018-Q3,2019-02-01 14:54:14,non_trading_day,2019-01-30,2019-02-03,NEUTRAL,OK,763,763
BHARTIARTL_2019-03-31,BHARTIARTL,Bharti Airtel Ltd.,2019-03-31,2019-Q4,2019-05-06 19:14:57,post_market,2019-05-06,2019-05-07,NEUTRAL,OK,823,823
BHARTIARTL_2019-06-30,BHARTIARTL,Bharti Airtel Ltd.,2019-06-30,2019-Q1,2019-08-01 16:42:57,post_market,2019-08-01,2019-08-04,POSITIVE,OK,885,885
BHARTIARTL_2019-09-30,BHARTIARTL,Bharti Airtel Ltd.,2019-09-30,2019-Q2,2019-11-14 16:42:56,post_market,2019-11-14,2019-11-17,POSITIVE,OK,952,952
BHARTIARTL_2019-12-31,BHARTIARTL,Bharti Airtel Ltd.,2019-12-31,2019-Q3,2020-02-04 17:32:38,post_market,2020-02-04,2020-02-05,NEUTRAL,OK,1009,1009
BHARTIARTL_2020-03-31,BHARTIARTL,Bharti Airtel Ltd.,2020-03-31,2020-Q4,2020-05-19 14:38:25,during_market,2020-05-18,2020-05-20,NEGATIVE,OK,1076,1076
BHARTIARTL_2020-06-30,BHARTIARTL,Bharti Airtel Ltd.,2020-06-30,2020-Q1,2020-07-29 19:30:27,post_market,2020-07-29,2020-07-30,NEUTRAL,OK,1127,1127
BHARTIARTL_2020-09-30,BHARTIARTL,Bharti Airtel Ltd.,2020-09-30,2020-Q2,2020-10-27 16:38:19,post_market,2020-10-27,2020-10-28,NEUTRAL,OK,1190,1190
BHARTIARTL_2020-12-31,BHARTIARTL,Bharti Airtel Ltd.,2020-12-31,2020-Q3,2021-02-03 16:12:45,post_market,2021-02-03,2021-02-04,NEUTRAL,OK,1258,1258
BHARTIARTL_2021-03-31,BHARTIARTL,Bharti Airtel Ltd.,2021-03-31,2021-Q4,2021-05-17 16:28:47,post_market,2021-05-17,2021-05-18,NEUTRAL,OK,1325,1325
BHARTIARTL_2021-06-30,BHARTIARTL,Bharti Airtel Ltd.,2021-06-30,2021-Q1,2021-08-03 16:21:32,post_market,2021-08-03,2021-08-04,POSITIVE,OK,1380,1380
BHARTIARTL_2021-09-30,BHARTIARTL,Bharti Airtel Ltd.,2021-09-30,2021-Q2,2021-11-03 15:37:04,post_market,2021-11-03,2021-11-07,POSITIVE,OK,1443,1443
BHARTIARTL_2021-12-31,BHARTIARTL,Bharti Airtel Ltd.,2021-12-31,2021-Q3,2022-02-08 16:03:50,post_market,2022-02-08,2022-02-09,NEUTRAL,OK,1509,1509
BHARTIARTL_2022-03-31,BHARTIARTL,Bharti Airtel Ltd.,2022-03-31,2022-Q4,2022-05-17 15:41:35,post_market,2022-05-17,2022-05-18,NEUTRAL,OK,1574,1574
BHARTIARTL_2022-09-30,BHARTIARTL,Bharti Airtel Ltd.,2022-09-30,2022-Q2,2022-08-08 16:31:57,non_trading_day,2022-08-04,2022-08-09,NEGATIVE,OK,1631,1631
BHARTIARTL_2022-12-31,BHARTIARTL,Bharti Airtel Ltd.,2022-12-31,2022-Q3,2023-02-07 15:41:38,post_market,2023-02-07,2023-02-08,NEUTRAL,OK,1757,1757
BHARTIARTL_2023-03-31,BHARTIARTL,Bharti Airtel Ltd.,2023-03-31,2023-Q4,2023-05-16 16:24:22,post_market,2023-05-16,2023-05-17,NEUTRAL,OK,1821,1821
BHARTIARTL_2023-06-30,BHARTIARTL,Bharti Airtel Ltd.,2023-06-30,2023-Q1,2023-08-03 16:47:26,post_market,2023-08-03,2023-08-06,NEUTRAL,OK,1877,1877
BHARTIARTL_2023-09-30,BHARTIARTL,Bharti Airtel Ltd.,2023-09-30,2023-Q2,2023-10-31 16:52:58,post_market,2023-10-31,2023-11-01,NEUTRAL,OK,1936,1936
BHARTIARTL_2023-12-31,BHARTIARTL,Bharti Airtel Ltd.,2023-12-31,2023-Q3,2024-02-05 16:18:19,post_market,2024-02-05,2024-02-06,NEUTRAL,OK,2000,2000
BHARTIARTL_2024-03-31,BHARTIARTL,Bharti Airtel Ltd.,2024-03-31,2024-Q4,2024-05-14 16:32:34,post_market,2024-05-14,2024-05-15,NEUTRAL,OK,2065,2065
BHARTIARTL_2024-06-30,BHARTIARTL,Bharti Airtel Ltd.,2024-06-30,2024-Q1,2024-08-05 16:58:46,post_market,2024-08-05,2024-08-06,NEUTRAL,OK,2120,2120
BHARTIARTL_2024-09-30,BHARTIARTL,Bharti Airtel Ltd.,2024-09-30,2024-Q2,2024-10-28 16:15:34,post_market,2024-10-28,2024-10-29,NEUTRAL,OK,2178,2178
BHARTIARTL_2024-12-31,BHARTIARTL,Bharti Airtel Ltd.,2024-12-31,2024-Q3,2025-02-06 16:49:56,post_market,2025-02-06,2025-02-07,POSITIVE,OK,2248,2248
BHARTIARTL_2025-06-30,BHARTIARTL,Bharti Airtel Ltd.,2025-06-30,2025-Q1,2025-08-05 16:59:21,post_market,2025-08-05,2025-08-06,NEGATIVE,OK,2369,2369
BHARTIARTL_2025-09-30,BHARTIARTL,Bharti Airtel Ltd.,2025-09-30,2025-Q2,2025-11-03 16:33:29,post_market,2025-11-03,2025-11-04,NEGATIVE,OK,2429,2429
BHARTIARTL_2025-12-31,BHARTIARTL,Bharti Airtel Ltd.,2025-12-31,2025-Q3,2026-02-05 16:16:36,post_market,2026-02-05,2026-02-06,NEGATIVE,OK,2493,2493
BHARTIARTL_2026-03-31,BHARTIARTL,Bharti Airtel Ltd.,2026-03-31,2026-Q4,2026-05-13 16:44:51,post_market,2026-05-13,2026-05-14,NEUTRAL,OK,2556,2556
BHARTIARTL_2026-06-30,BHARTIARTL,Bharti Airtel Ltd.,2026-06-30,2026-Q1,2026-08-04 16:22:36,post_market,2026-08-04,2026-08-05,NEUTRAL,OK,2613,2613
CIPLA_2015-12-31,CIPLA,Cipla Ltd.,2015-12-31,2015-Q3,2016-02-10 16:25:51,post_market,2016-02-10,2016-02-11,NEGATIVE,INSUFFICIENT_HISTORY_return_60d|INSUFFICIENT_HISTORY_volatility_60d|INSUFFICIENT_HISTORY_distance_from_50dma|INSUFFICIENT_HISTORY_distance_from_200dma|INSUFFICIENT_HISTORY_drawdown_from_60d_high|INSUFFICIENT_HISTORY_drawdown_from_252d_high|LIMITED_HISTORY|VERY_LIMITED_HISTORY,29,29
CIPLA_2016-03-31,CIPLA,Cipla Ltd.,2016-03-31,2016-Q4,2016-05-24 17:58:03,post_market,2016-05-24,2016-05-25,NEUTRAL,INSUFFICIENT_HISTORY_distance_from_200dma|INSUFFICIENT_HISTORY_drawdown_from_252d_high|VERY_LIMITED_HISTORY,97,97
CIPLA_2016-06-30,CIPLA,Cipla Ltd.,2016-06-30,2016-Q1,2016-08-12 15:36:50,non_trading_day,2016-08-10,2016-08-15,NEUTRAL,INSUFFICIENT_HISTORY_distance_from_200dma|INSUFFICIENT_HISTORY_drawdown_from_252d_high|VERY_LIMITED_HISTORY,152,152
CIPLA_2016-09-30,CIPLA,Cipla Ltd.,2016-09-30,2016-Q2,2016-11-09 16:40:03,post_market,2016-11-09,2016-11-10,NEUTRAL,INSUFFICIENT_HISTORY_drawdown_from_252d_high|VERY_LIMITED_HISTORY,211,211
CIPLA_2016-12-31,CIPLA,Cipla Ltd.,2016-12-31,2016-Q3,2017-02-08 16:37:54,post_market,2017-02-08,2017-02-09,NEUTRAL,OK,274,274
CIPLA_2017-03-31,CIPLA,Cipla Ltd.,2017-03-31,2017-Q4,2017-05-25 16:14:23,post_market,2017-05-25,2017-05-28,NEUTRAL,OK,345,345
CIPLA_2017-06-30,CIPLA,Cipla Ltd.,2017-06-30,2017-Q1,2017-08-11 13:30:20,non_trading_day,2017-08-09,2017-08-13,NEUTRAL,OK,398,398
CIPLA_2017-09-30,CIPLA,Cipla Ltd.,2017-09-30,2017-Q2,2017-11-07 13:53:23,during_market,2017-11-06,2017-11-08,NEUTRAL,OK,457,457
CIPLA_2017-12-31,CIPLA,Cipla Ltd.,2017-12-31,2017-Q3,2018-02-07 16:11:30,post_market,2018-02-07,2018-02-08,NEGATIVE,OK,522,522
CIPLA_2018-03-31,CIPLA,Cipla Ltd.,2018-03-31,2018-Q4,2018-05-22 16:09:57,post_market,2018-05-22,2018-05-23,NEGATIVE,OK,591,591
CIPLA_2018-06-30,CIPLA,Cipla Ltd.,2018-06-30,2018-Q1,2018-08-08 16:12:22,post_market,2018-08-08,2018-08-09,POSITIVE,OK,647,647
CIPLA_2018-09-30,CIPLA,Cipla Ltd.,2018-09-30,2018-Q2,2018-11-05 12:38:46,during_market,2018-11-04,2018-11-06,NEUTRAL,OK,703,703
CIPLA_2018-12-31,CIPLA,Cipla Ltd.,2018-12-31,2019-Q4,2019-02-06 14:51:54,during_market,2019-02-05,2019-02-07,POSITIVE,OK,767,767
CIPLA_2019-03-31,CIPLA,Cipla Ltd.,2019-03-31,2019-Q4,2019-05-22 13:17:17,during_market,2019-05-21,2019-05-23,NEUTRAL,OK,834,834
CIPLA_2019-06-30,CIPLA,Cipla Ltd.,2019-06-30,2019-Q1,2019-08-07 15:39:54,post_market,2019-08-07,2019-08-08,NEUTRAL,OK,889,889
CIPLA_2019-09-30,CIPLA,Cipla Ltd.,2019-09-30,2019-Q2,2019-11-06 15:51:41,post_market,2019-11-06,2019-11-07,NEUTRAL,OK,947,947
CIPLA_2019-12-31,CIPLA,Cipla Ltd.,2019-12-31,2019-Q3,2020-02-05 15:18:46,during_market,2020-02-04,2020-02-06,NEUTRAL,OK,1009,1009
CIPLA_2020-03-31,CIPLA,Cipla Ltd.,2020-03-31,2020-Q4,2020-05-15 18:56:52,non_trading_day,2020-05-13,2020-05-17,NEUTRAL,OK,1073,1073
CIPLA_2020-06-30,CIPLA,Cipla Ltd.,2020-06-30,2020-Q1,2020-08-07 18:43:42,non_trading_day,2020-08-05,2020-08-09,NEGATIVE,OK,1132,1132
CIPLA_2020-09-30,CIPLA,Cipla Ltd.,2020-09-30,2020-Q2,2020-11-06 18:14:26,non_trading_day,2020-11-04,2020-11-08,NEGATIVE,OK,1196,1196
CIPLA_2020-12-31,CIPLA,Cipla Ltd.,2020-12-31,2020-Q3,2021-01-29 16:33:23,non_trading_day,2021-01-27,2021-01-31,NEUTRAL,OK,1253,1253
CIPLA_2021-03-31,CIPLA,Cipla Ltd.,2021-03-31,2021-Q4,2021-05-14 18:12:57,non_trading_day,2021-05-11,2021-05-16,POSITIVE,OK,1322,1322
CIPLA_2021-06-30,CIPLA,Cipla Ltd.,2021-06-30,2021-Q1,2021-08-05 18:59:45,post_market,2021-08-05,2021-08-08,NEUTRAL,OK,1382,1382
CIPLA_2021-09-30,CIPLA,Cipla Ltd.,2021-09-30,2021-Q2,2021-10-26 18:32:24,post_market,2021-10-26,2021-10-27,NEUTRAL,OK,1437,1437
CIPLA_2021-12-31,CIPLA,Cipla Ltd.,2021-12-31,2021-Q3,2022-01-25 17:39:00,non_trading_day,2022-01-23,2022-01-26,NEUTRAL,OK,1498,1498
CIPLA_2022-03-31,CIPLA,Cipla Ltd.,2022-03-31,2022-Q1,2022-05-10 18:34:22,post_market,2022-05-10,2022-05-11,NEUTRAL,OK,1569,1569
CIPLA_2022-12-31,CIPLA,Cipla Ltd.,2022-12-31,2022-Q3,2023-01-25 14:09:02,non_trading_day,2023-01-23,2023-01-26,NEUTRAL,OK,1747,1747
CIPLA_2023-03-31,CIPLA,Cipla Ltd.,2023-03-31,2023-Q4,2023-05-12 14:59:14,non_trading_day,2023-05-10,2023-05-14,NEUTRAL,OK,1817,1817
CIPLA_2023-06-30,CIPLA,Cipla Ltd.,2023-06-30,2023-Q1,2023-07-26 15:11:38,during_market,2023-07-25,2023-07-27,NEUTRAL,OK,1870,1870
CIPLA_2023-09-30,CIPLA,Cipla Ltd.,2023-09-30,2023-Q2,2023-10-27 13:46:47,non_trading_day,2023-10-25,2023-10-29,NEUTRAL,OK,1932,1932
CIPLA_2023-12-31,CIPLA,Cipla Ltd.,2023-12-31,2023-Q3,2024-01-22 18:48:31,post_market,2024-01-22,2024-01-23,NEGATIVE,OK,1991,1991
CIPLA_2024-03-31,CIPLA,Cipla Ltd.,2024-03-31,2024-Q4,2024-05-10 14:30:02,non_trading_day,2024-05-08,2024-05-12,NEUTRAL,OK,2061,2061
CIPLA_2024-06-30,CIPLA,Cipla Ltd.,2024-06-30,2024-Q1,2024-07-26 15:02:38,during_market,2024-07-25,2024-07-29,NEUTRAL,OK,2113,2113
CIPLA_2024-09-30,CIPLA,Cipla Ltd.,2024-09-30,2024-Q2,2024-10-29 14:17:04,during_market,2024-10-28,2024-10-30,POSITIVE,OK,2178,2178
CIPLA_2024-12-31,CIPLA,Cipla Ltd.,2024-12-31,2024-Q3,2025-01-28 13:52:44,during_market,2025-01-27,2025-01-29,NEUTRAL,OK,2240,2240
CIPLA_2025-06-30,CIPLA,Cipla Ltd.,2025-06-30,2025-Q1,2025-07-25 13:18:07,during_market,2025-07-24,2025-07-28,NEUTRAL,OK,2361,2361
CIPLA_2025-09-30,CIPLA,Cipla Ltd.,2025-09-30,2025-Q2,2025-10-30 12:51:16,during_market,2025-10-29,2025-10-31,NEUTRAL,OK,2426,2426
CIPLA_2025-12-31,CIPLA,Cipla Ltd.,2025-12-31,2025-Q3,2026-01-23 13:27:17,during_market,2026-01-22,2026-01-27,NEUTRAL,OK,2484,2484
CIPLA_2026-03-31,CIPLA,Cipla Ltd.,2026-03-31,2026-Q4,2026-05-13 12:36:49,during_market,2026-05-12,2026-05-14,NEUTRAL,OK,2555,2555
CIPLA_2026-06-30,CIPLA,Cipla Ltd.,2026-06-30,2026-Q1,2026-07-23 12:00:06,during_market,2026-07-22,2026-07-24,POSITIVE,OK,2604,2604
COALINDIA_2015-12-31,COALINDIA,Coal India Ltd.,2015-12-31,2015-Q3,2016-02-11 16:31:01,post_market,2016-02-11,2016-02-14,NEGATIVE,INSUFFICIENT_HISTORY_return_60d|INSUFFICIENT_HISTORY_volatility_60d|INSUFFICIENT_HISTORY_distance_from_50dma|INSUFFICIENT_HISTORY_distance_from_200dma|INSUFFICIENT_HISTORY_drawdown_from_60d_high|INSUFFICIENT_HISTORY_drawdown_from_252d_high|LIMITED_HISTORY|VERY_LIMITED_HISTORY,30,30
COALINDIA_2016-03-31,COALINDIA,Coal India Ltd.,2016-03-31,2016-Q4,2016-05-29 01:42:28,pre_market,2016-05-26,2016-05-29,POSITIVE,INSUFFICIENT_HISTORY_distance_from_200dma|INSUFFICIENT_HISTORY_drawdown_from_252d_high|VERY_LIMITED_HISTORY,99,99
COALINDIA_2016-06-30,COALINDIA,Coal India Ltd.,2016-06-30,2016-Q1,2016-09-13 16:54:39,post_market,2016-09-13,2016-09-14,NEUTRAL,INSUFFICIENT_HISTORY_distance_from_200dma|INSUFFICIENT_HISTORY_drawdown_from_252d_high|VERY_LIMITED_HISTORY,173,173
COALINDIA_2016-09-30,COALINDIA,Coal India Ltd.,2016-09-30,2016-Q2,2016-12-13 17:42:14,post_market,2016-12-13,2016-12-14,NEUTRAL,INSUFFICIENT_HISTORY_drawdown_from_252d_high|VERY_LIMITED_HISTORY,234,234
COALINDIA_2016-12-31,COALINDIA,Coal India Ltd.,2016-12-31,2016-Q3,2017-02-11 18:28:38,non_trading_day,2017-02-08,2017-02-12,NEUTRAL,OK,274,274
COALINDIA_2017-03-31,COALINDIA,Coal India Ltd.,2017-03-31,2017-Q4,2017-05-29 17:30:27,post_market,2017-05-29,2017-05-30,NEUTRAL,OK,347,347
COALINDIA_2017-06-30,COALINDIA,Coal India Ltd.,2017-06-30,2017-Q1,2017-08-14 18:00:15,non_trading_day,2017-08-10,2017-08-15,NEUTRAL,OK,399,399
COALINDIA_2017-09-30,COALINDIA,Coal India Ltd.,2017-09-30,2017-Q2,2017-11-11 21:24:29,non_trading_day,2017-11-08,2017-11-12,NEGATIVE,OK,459,459
COALINDIA_2017-12-31,COALINDIA,Coal India Ltd.,2017-12-31,2017-Q3,2018-02-10 18:33:43,non_trading_day,2018-02-07,2018-02-11,NEUTRAL,OK,522,522
COALINDIA_2018-03-31,COALINDIA,Coal India Ltd.,2018-03-31,2018-Q4,2018-05-29 15:03:31,during_market,2018-05-28,2018-05-30,NEGATIVE,OK,595,595
COALINDIA_2018-06-30,COALINDIA,Coal India Ltd.,2018-06-30,2018-Q1,2018-08-11 15:56:12,non_trading_day,2018-08-08,2018-08-12,NEUTRAL,OK,647,647
COALINDIA_2018-09-30,COALINDIA,Coal India Ltd.,2018-09-30,2018-Q2,2018-11-12 19:50:47,post_market,2018-11-12,2018-11-13,NEGATIVE,OK,708,708
COALINDIA_2018-12-31,COALINDIA,Coal India Ltd.,2018-12-31,2019-Q4,2019-02-12 19:51:41,non_trading_day,2019-02-10,2019-02-13,NEUTRAL,OK,770,770
COALINDIA_2019-03-31,COALINDIA,Coal India Ltd.,2019-03-31,2019-Q4,2019-05-30 17:23:59,post_market,2019-05-30,2019-06-02,POSITIVE,OK,841,841
COALINDIA_2019-06-30,COALINDIA,Coal India Ltd.,2019-06-30,2019-Q1,2019-08-13 19:27:01,post_market,2019-08-13,2019-08-15,NEGATIVE,OK,892,892
COALINDIA_2019-09-30,COALINDIA,Coal India Ltd.,2019-09-30,2019-Q2,2019-11-11 21:55:11,non_trading_day,2019-11-07,2019-11-12,NEGATIVE,OK,948,948
COALINDIA_2019-12-31,COALINDIA,Coal India Ltd.,2019-12-31,2019-Q3,2020-02-11 19:08:13,post_market,2020-02-11,2020-02-12,NEUTRAL,OK,1014,1014
COALINDIA_2020-03-31,COALINDIA,Coal India Ltd.,2020-03-31,2020-Q4,2020-06-26 16:29:04,non_trading_day,2020-06-24,2020-06-28,NEGATIVE,OK,1102,1102
COALINDIA_2020-06-30,COALINDIA,Coal India Ltd.,2020-06-30,2020-Q2,2020-09-02 18:25:35,post_market,2020-09-02,2020-09-03,NEGATIVE,OK,1152,1152
COALINDIA_2020-09-30,COALINDIA,Coal India Ltd.,2020-09-30,2020-Q2,2020-11-11 16:13:30,post_market,2020-11-11,2020-11-12,NEUTRAL,OK,1201,1201
COALINDIA_2020-12-31,COALINDIA,Coal India Ltd.,2020-12-31,2020-Q3,2021-02-11 14:32:05,during_market,2021-02-10,2021-02-14,POSITIVE,OK,1263,1263
COALINDIA_2021-03-31,COALINDIA,Coal India Ltd.,2021-03-31,2021-Q4,2021-06-14 16:23:30,post_market,2021-06-14,2021-06-15,NEGATIVE,OK,1345,1345
COALINDIA_2021-06-30,COALINDIA,Coal India Ltd.,2021-06-30,2021-Q1,2021-08-10 14:22:41,during_market,2021-08-09,2021-08-11,NEGATIVE,OK,1384,1384
COALINDIA_2021-09-30,COALINDIA,Coal India Ltd.,2021-09-30,2021-Q2,2021-11-12 18:26:29,non_trading_day,2021-11-10,2021-11-14,NEGATIVE,OK,1447,1447
COALINDIA_2021-12-31,COALINDIA,Coal India Ltd.,2021-12-31,2022-Q4,2022-02-14 17:34:22,post_market,2022-02-14,2022-02-15,NEUTRAL,OK,1513,1513
COALINDIA_2022-03-31,COALINDIA,Coal India Ltd.,2022-03-31,2022-Q4,2022-05-25 17:03:34,post_market,2022-05-25,2022-05-26,POSITIVE,OK,1580,1580
COALINDIA_2022-09-30,COALINDIA,Coal India Ltd.,2022-09-30,2022-Q2,2022-08-10 17:52:36,post_market,2022-08-10,2022-08-11,NEUTRAL,OK,1634,1634
COALINDIA_2022-12-31,COALINDIA,Coal India Ltd.,2022-12-31,2022-Q3,2023-01-31 18:01:01,post_market,2023-01-31,2023-02-01,NEUTRAL,OK,1752,1752
COALINDIA_2023-03-31,COALINDIA,Coal India Ltd.,2023-03-31,2023-Q4,2023-05-07 12:14:53,during_market,2023-05-04,2023-05-08,NEUTRAL,OK,1813,1813
COALINDIA_2023-06-30,COALINDIA,Coal India Ltd.,2023-06-30,2023-Q1,2023-08-08 17:27:41,post_market,2023-08-08,2023-08-09,NEUTRAL,OK,1880,1880
COALINDIA_2023-09-30,COALINDIA,Coal India Ltd.,2023-09-30,2023-Q2,2023-11-10 16:34:14,non_trading_day,2023-11-08,2023-11-12,NEGATIVE,OK,1942,1942
COALINDIA_2023-12-31,COALINDIA,Coal India Ltd.,2023-12-31,2023-Q3,2024-02-12 18:52:14,post_market,2024-02-12,2024-02-13,NEGATIVE,OK,2005,2005
COALINDIA_2024-03-31,COALINDIA,Coal India Ltd.,2024-03-31,2024-Q4,2024-05-02 18:13:05,post_market,2024-05-02,2024-05-05,NEUTRAL,OK,2057,2057
COALINDIA_2024-06-30,COALINDIA,Coal India Ltd.,2024-06-30,2024-Q1,2024-07-31 16:53:51,post_market,2024-07-31,2024-08-01,NEGATIVE,OK,2117,2117
COALINDIA_2024-09-30,COALINDIA,Coal India Ltd.,2024-09-30,2024-Q2,2024-10-25 20:59:25,post_market,2024-10-25,2024-10-28,POSITIVE,OK,2177,2177
COALINDIA_2024-12-31,COALINDIA,Coal India Ltd.,2024-12-31,2024-Q3,2025-01-27 16:04:07,post_market,2025-01-27,2025-01-28,POSITIVE,OK,2240,2240
COALINDIA_2025-03-31,COALINDIA,Coal India Ltd.,2025-03-31,2025-Q4,2025-05-07 16:45:32,post_market,2025-05-07,2025-05-08,NEUTRAL,OK,2305,2305
COALINDIA_2025-06-30,COALINDIA,Coal India Ltd.,2025-06-30,2025-Q1,2025-07-31 17:14:58,post_market,2025-07-31,2025-08-01,NEUTRAL,OK,2366,2366
COALINDIA_2025-09-30,COALINDIA,Coal India Ltd.,2025-09-30,2025-Q2,2025-10-29 13:43:45,during_market,2025-10-28,2025-10-30,NEUTRAL,OK,2425,2425
COALINDIA_2025-12-31,COALINDIA,Coal India Ltd.,2025-12-31,2025-Q3,2026-02-12 18:53:58,post_market,2026-02-12,2026-02-13,NEUTRAL,OK,2498,2498
COALINDIA_2026-03-31,COALINDIA,Coal India Ltd.,2026-03-31,2026-Q4,2026-04-27 20:31:07,post_market,2026-04-27,2026-04-28,POSITIVE,OK,2545,2545
COALINDIA_2026-09-30,COALINDIA,Coal India Ltd.,2026-09-30,2026-Q2,2026-07-27 17:25:36,post_market,2026-07-27,2026-07-28,NEUTRAL,OK,2607,2607
DRREDDY_2015-12-31,DRREDDY,Dr. Reddy's Laboratories Ltd.,2015-12-31,2015-Q3,2016-02-09 13:20:03,during_market,2016-02-08,2016-02-10,NEUTRAL,INSUFFICIENT_HISTORY_return_60d|INSUFFICIENT_HISTORY_volatility_60d|INSUFFICIENT_HISTORY_distance_from_50dma|INSUFFICIENT_HISTORY_distance_from_200dma|INSUFFICIENT_HISTORY_drawdown_from_60d_high|INSUFFICIENT_HISTORY_drawdown_from_252d_high|LIMITED_HISTORY|VERY_LIMITED_HISTORY,27,27
DRREDDY_2016-03-31,DRREDDY,Dr. Reddy's Laboratories Ltd.,2016-03-31,2016-Q4,2016-05-12 13:16:55,during_market,2016-05-11,2016-05-15,POSITIVE,INSUFFICIENT_HISTORY_distance_from_200dma|INSUFFICIENT_HISTORY_drawdown_from_252d_high|VERY_LIMITED_HISTORY,88,88
DRREDDY_2016-06-30,DRREDDY,Dr. Reddy's Laboratories Ltd.,2016-06-30,2016-Q1,2016-07-26 14:40:27,during_market,2016-07-25,2016-07-27,NEUTRAL,INSUFFICIENT_HISTORY_distance_from_200dma|INSUFFICIENT_HISTORY_drawdown_from_252d_high|VERY_LIMITED_HISTORY,140,140
DRREDDY_2016-09-30,DRREDDY,Dr. Reddy's Laboratories Ltd.,2016-09-30,2016-Q2,2016-11-07 13:15:21,during_market,2016-11-06,2016-11-08,POSITIVE,INSUFFICIENT_HISTORY_drawdown_from_252d_high|VERY_LIMITED_HISTORY,208,208
DRREDDY_2016-12-31,DRREDDY,Dr. Reddy's Laboratories Ltd.,2016-12-31,2016-Q3,2017-02-04 13:45:04,non_trading_day,2017-02-01,2017-02-05,NEGATIVE,OK,269,269
DRREDDY_2017-03-31,DRREDDY,Dr. Reddy's Laboratories Ltd.,2017-03-31,2017-Q4,2017-05-12 13:10:50,non_trading_day,2017-05-10,2017-05-14,NEUTRAL,OK,334,334
DRREDDY_2017-06-30,DRREDDY,Dr. Reddy's Laboratories Ltd.,2017-06-30,2017-Q1,2017-07-27 14:26:43,during_market,2017-07-26,2017-07-30,NEGATIVE,OK,388,388
DRREDDY_2017-09-30,DRREDDY,Dr. Reddy's Laboratories Ltd.,2017-09-30,2017-Q2,2017-10-31 11:26:36,during_market,2017-10-30,2017-11-01,NEUTRAL,OK,452,452
DRREDDY_2017-12-31,DRREDDY,Dr. Reddy's Laboratories Ltd.,2017-12-31,2017-Q3,2018-01-25 11:55:57,non_trading_day,2018-01-23,2018-01-28,NEGATIVE,OK,512,512
DRREDDY_2018-03-31,DRREDDY,Dr. Reddy's Laboratories Ltd.,2018-03-31,2018-Q4,2018-05-22 13:06:06,during_market,2018-05-21,2018-05-23,NEUTRAL,OK,590,590
DRREDDY_2018-06-30,DRREDDY,Dr. Reddy's Laboratories Ltd.,2018-06-30,2018-Q1,2018-07-26 14:55:26,during_market,2018-07-25,2018-07-29,POSITIVE,OK,637,637
DRREDDY_2018-09-30,DRREDDY,Dr. Reddy's Laboratories Ltd.,2018-09-30,2018-Q2,2018-10-26 14:50:05,non_trading_day,2018-10-24,2018-10-28,NEGATIVE,OK,696,696
DRREDDY_2018-12-31,DRREDDY,Dr. Reddy's Laboratories Ltd.,2018-12-31,2018-Q3,2019-02-01 14:43:18,non_trading_day,2019-01-30,2019-02-03,NEUTRAL,OK,763,763
DRREDDY_2019-03-31,DRREDDY,Dr. Reddy's Laboratories Ltd.,2019-03-31,2019-Q4,2019-05-17 15:00:38,non_trading_day,2019-05-15,2019-05-19,POSITIVE,OK,830,830
DRREDDY_2019-06-30,DRREDDY,Dr. Reddy's Laboratories Ltd.,2019-06-30,2019-Q1,2019-07-29 15:54:44,post_market,2019-07-29,2019-07-30,NEUTRAL,OK,882,882
DRREDDY_2019-09-30,DRREDDY,Dr. Reddy's Laboratories Ltd.,2019-09-30,2019-Q2,2019-11-01 11:25:00,non_trading_day,2019-10-30,2019-11-03,POSITIVE,OK,942,942
DRREDDY_2019-12-31,DRREDDY,Dr. Reddy's Laboratories Ltd.,2019-12-31,2019-Q3,2020-01-27 11:52:51,during_market,2020-01-26,2020-01-28,POSITIVE,OK,1002,1002
DRREDDY_2020-03-31,DRREDDY,Dr. Reddy's Laboratories Ltd.,2020-03-31,2020-Q4,2020-05-20 13:25:28,during_market,2020-05-19,2020-05-21,NEGATIVE,OK,1077,1077
DRREDDY_2020-06-30,DRREDDY,Dr. Reddy's Laboratories Ltd.,2020-06-30,2020-Q1,2020-07-29 13:21:16,during_market,2020-07-28,2020-07-30,NEUTRAL,OK,1126,1126
DRREDDY_2020-09-30,DRREDDY,Dr. Reddy's Laboratories Ltd.,2020-09-30,2020-Q2,2020-10-28 13:25:44,during_market,2020-10-27,2020-10-29,NEUTRAL,OK,1190,1190
DRREDDY_2020-12-31,DRREDDY,Dr. Reddy's Laboratories Ltd.,2020-12-31,2020-Q3,2021-01-29 11:29:11,non_trading_day,2021-01-27,2021-01-31,NEUTRAL,OK,1253,1253
DRREDDY_2021-03-31,DRREDDY,Dr. Reddy's Laboratories Ltd.,2021-03-31,2021-Q4,2021-05-14 12:26:27,non_trading_day,2021-05-11,2021-05-16,NEUTRAL,OK,1322,1322
DRREDDY_2021-06-30,DRREDDY,Dr. Reddy's Laboratories Ltd.,2021-06-30,2021-Q1,2021-07-27 11:23:45,during_market,2021-07-26,2021-07-28,NEUTRAL,OK,1374,1374
DRREDDY_2021-09-30,DRREDDY,Dr. Reddy's Laboratories Ltd.,2021-09-30,2021-Q2,2021-10-29 13:53:50,non_trading_day,2021-10-27,2021-10-31,NEUTRAL,OK,1438,1438
DRREDDY_2021-12-31,DRREDDY,Dr. Reddy's Laboratories Ltd.,2021-12-31,2021-Q3,2022-01-28 12:35:00,non_trading_day,2022-01-26,2022-01-30,NEUTRAL,OK,1500,1500
DRREDDY_2022-03-31,DRREDDY,Dr. Reddy's Laboratories Ltd.,2022-03-31,2022-Q4,2022-05-19 13:09:52,during_market,2022-05-18,2022-05-22,NEUTRAL,OK,1575,1575
DRREDDY_2022-06-30,DRREDDY,Dr. Reddy's Laboratories Ltd.,2022-06-30,2022-Q1,2022-07-28 16:01:42,post_market,2022-07-28,2022-07-31,NEUTRAL,OK,1626,1626
DRREDDY_2022-09-30,DRREDDY,Dr. Reddy's Laboratories Ltd.,2022-09-30,2022-Q2,2022-10-28 16:23:52,non_trading_day,2022-10-26,2022-10-30,POSITIVE,OK,1685,1685
DRREDDY_2022-12-31,DRREDDY,Dr. Reddy's Laboratories Ltd.,2022-12-31,2022-Q3,2023-01-25 16:09:21,non_trading_day,2023-01-23,2023-01-26,NEUTRAL,OK,1747,1747
DRREDDY_2023-03-31,DRREDDY,Dr. Reddy's Laboratories Ltd.,2023-03-31,2023-Q4,2023-05-10 17:14:12,post_market,2023-05-10,2023-05-11,NEUTRAL,OK,1817,1817
DRREDDY_2023-06-30,DRREDDY,Dr. Reddy's Laboratories Ltd.,2023-06-30,2023-Q1,2023-07-26 16:02:19,post_market,2023-07-26,2023-07-27,NEUTRAL,OK,1871,1871
DRREDDY_2023-09-30,DRREDDY,Dr. Reddy's Laboratories Ltd.,2023-09-30,2023-Q2,2023-10-27 15:24:07,non_trading_day,2023-10-25,2023-10-29,NEUTRAL,OK,1932,1932
DRREDDY_2023-12-31,DRREDDY,Dr. Reddy's Laboratories Ltd.,2023-12-31,2023-Q3,2024-01-30 15:58:53,post_market,2024-01-30,2024-01-31,POSITIVE,OK,1996,1996
DRREDDY_2024-03-31,DRREDDY,Dr. Reddy's Laboratories Ltd.,2024-03-31,2024-Q4,2024-05-07 16:11:01,post_market,2024-05-07,2024-05-08,NEUTRAL,OK,2060,2060
DRREDDY_2024-06-30,DRREDDY,Dr. Reddy's Laboratories Ltd.,2024-06-30,2024-Q1,2024-07-27 16:13:24,non_trading_day,2024-07-25,2024-07-29,NEUTRAL,OK,2113,2113
DRREDDY_2024-09-30,DRREDDY,Dr. Reddy's Laboratories Ltd.,2024-09-30,2024-Q2,2024-11-05 16:05:19,post_market,2024-11-05,2024-11-06,NEUTRAL,OK,2184,2184
DRREDDY_2024-12-31,DRREDDY,Dr. Reddy's Laboratories Ltd.,2024-12-31,2024-Q3,2025-01-23 17:00:02,post_market,2025-01-23,2025-01-24,NEGATIVE,OK,2238,2238
DRREDDY_2025-06-30,DRREDDY,Dr. Reddy's Laboratories Ltd.,2025-06-30,2025-Q1,2025-07-23 16:37:13,post_market,2025-07-23,2025-07-24,POSITIVE,OK,2360,2360
DRREDDY_2025-09-30,DRREDDY,Dr. Reddy's Laboratories Ltd.,2025-09-30,2025-Q2,2025-10-24 16:44:48,post_market,2025-10-24,2025-10-27,NEGATIVE,OK,2423,2423
DRREDDY_2025-12-31,DRREDDY,Dr. Reddy's Laboratories Ltd.,2025-12-31,2025-Q3,2026-01-21 17:03:34,post_market,2026-01-21,2026-01-22,NEUTRAL,OK,2483,2483
DRREDDY_2026-03-31,DRREDDY,Dr. Reddy's Laboratories Ltd.,2026-03-31,2026-Q4,2026-05-12 16:39:16,post_market,2026-05-12,2026-05-13,POSITIVE,OK,2555,2555
DRREDDY_2026-06-30,DRREDDY,Dr. Reddy's Laboratories Ltd.,2026-06-30,2026-Q1,2026-07-22 16:18:02,post_market,2026-07-22,2026-07-23,NEGATIVE,OK,2604,2604
EICHERMOT_2015-12-31,EICHERMOT,Eicher Motors Ltd.,2015-12-31,2016-Q4,2016-02-05 12:28:58,non_trading_day,2016-02-03,2016-02-07,NEUTRAL,INSUFFICIENT_HISTORY_return_60d|INSUFFICIENT_HISTORY_volatility_60d|INSUFFICIENT_HISTORY_distance_from_50dma|INSUFFICIENT_HISTORY_distance_from_200dma|INSUFFICIENT_HISTORY_drawdown_from_60d_high|INSUFFICIENT_HISTORY_drawdown_from_252d_high|LIMITED_HISTORY|VERY_LIMITED_HISTORY,24,24
EICHERMOT_2016-03-31,EICHERMOT,Eicher Motors Ltd.,2016-03-31,2016-Q4,2016-05-05 14:25:39,during_market,2016-05-04,2016-05-08,NEGATIVE,INSUFFICIENT_HISTORY_distance_from_200dma|INSUFFICIENT_HISTORY_drawdown_from_252d_high|VERY_LIMITED_HISTORY,83,83
EICHERMOT_2016-06-30,EICHERMOT,Eicher Motors Ltd.,2016-06-30,2016-Q1,2016-07-28 16:18:34,post_market,2016-07-28,2016-07-31,NEGATIVE,INSUFFICIENT_HISTORY_distance_from_200dma|INSUFFICIENT_HISTORY_drawdown_from_252d_high|VERY_LIMITED_HISTORY,143,143
EICHERMOT_2016-09-30,EICHERMOT,Eicher Motors Ltd.,2016-09-30,2016-Q2,2016-10-28 14:43:39,non_trading_day,2016-10-26,2016-10-31,NEGATIVE,INSUFFICIENT_HISTORY_drawdown_from_252d_high|VERY_LIMITED_HISTORY,202,202
EICHERMOT_2016-12-31,EICHERMOT,Eicher Motors Ltd.,2016-12-31,2017-Q4,2017-02-01 14:21:01,during_market,2017-01-31,2017-02-02,NEUTRAL,OK,268,268
EICHERMOT_2017-03-31,EICHERMOT,Eicher Motors Ltd.,2017-03-31,2017-Q4,2017-05-05 15:38:14,non_trading_day,2017-05-03,2017-05-07,POSITIVE,OK,329,329
EICHERMOT_2017-06-30,EICHERMOT,Eicher Motors Ltd.,2017-06-30,2017-Q2,2017-08-09 17:40:23,post_market,2017-08-09,2017-08-10,POSITIVE,OK,398,398
EICHERMOT_2017-09-30,EICHERMOT,Eicher Motors Ltd.,2017-09-30,2017-Q2,2017-11-14 13:37:50,during_market,2017-11-13,2017-11-15,NEUTRAL,OK,462,462
EICHERMOT_2017-12-31,EICHERMOT,Eicher Motors Ltd.,2017-12-31,2017-Q3,2018-02-07 14:44:10,during_market,2018-02-06,2018-02-08,NEUTRAL,OK,521,521
EICHERMOT_2018-03-31,EICHERMOT,Eicher Motors Ltd.,2018-03-31,2018-Q4,2018-05-09 15:49:08,post_market,2018-05-09,2018-05-10,NEUTRAL,OK,582,582
EICHERMOT_2018-06-30,EICHERMOT,Eicher Motors Ltd.,2018-06-30,2018-Q1,2018-08-09 15:38:57,post_market,2018-08-09,2018-08-12,NEUTRAL,OK,648,648
EICHERMOT_2018-09-30,EICHERMOT,Eicher Motors Ltd.,2018-09-30,2018-Q2,2018-11-12 19:15:16,post_market,2018-11-12,2018-11-13,POSITIVE,OK,708,708
EICHERMOT_2018-12-31,EICHERMOT,Eicher Motors Ltd.,2018-12-31,2018-Q3,2019-02-11 15:00:21,during_market,2019-02-10,2019-02-13,POSITIVE,OK,770,770
EICHERMOT_2019-03-31,EICHERMOT,Eicher Motors Ltd.,2019-03-31,2019-Q4,2019-05-10 18:14:35,non_trading_day,2019-05-08,2019-05-12,POSITIVE,OK,825,825
EICHERMOT_2019-06-30,EICHERMOT,Eicher Motors Ltd.,2019-06-30,2019-Q1,2019-07-31 17:40:34,post_market,2019-07-31,2019-08-01,NEUTRAL,OK,884,884
EICHERMOT_2019-09-30,EICHERMOT,Eicher Motors Ltd.,2019-09-30,2019-Q2,2019-11-08 14:25:32,non_trading_day,2019-11-06,2019-11-10,NEUTRAL,OK,947,947
EICHERMOT_2019-12-31,EICHERMOT,Eicher Motors Ltd.,2019-12-31,2019-Q3,2020-02-06 14:17:16,during_market,2020-02-05,2020-02-09,NEUTRAL,OK,1010,1010
EICHERMOT_2020-03-31,EICHERMOT,Eicher Motors Ltd.,2020-03-31,2020-Q4,2020-06-12 17:36:10,non_trading_day,2020-06-10,2020-06-14,NEUTRAL,OK,1092,1092
EICHERMOT_2020-06-30,EICHERMOT,Eicher Motors Ltd.,2020-06-30,2020-Q2,2020-08-13 16:46:12,post_market,2020-08-13,2020-08-16,NEUTRAL,OK,1138,1138
EICHERMOT_2020-09-30,EICHERMOT,Eicher Motors Ltd.,2020-09-30,2020-Q2,2020-11-12 16:56:24,post_market,2020-11-12,2020-11-13,NEUTRAL,OK,1202,1202
EICHERMOT_2020-12-31,EICHERMOT,Eicher Motors Ltd.,2020-12-31,2020-Q3,2021-02-10 14:41:40,during_market,2021-02-09,2021-02-11,NEGATIVE,OK,1262,1262
EICHERMOT_2021-03-31,EICHERMOT,Eicher Motors Ltd.,2021-03-31,2021-Q4,2021-05-27 19:43:23,post_market,2021-05-27,2021-05-30,POSITIVE,OK,1333,1333
EICHERMOT_2021-06-30,EICHERMOT,Eicher Motors Ltd.,2021-06-30,2021-Q1,2021-08-12 17:07:53,post_market,2021-08-12,2021-08-15,POSITIVE,OK,1387,1387
EICHERMOT_2021-09-30,EICHERMOT,Eicher Motors Ltd.,2021-09-30,2021-Q2,2021-11-03 17:46:53,post_market,2021-11-03,2021-11-07,NEUTRAL,OK,1443,1443
EICHERMOT_2021-12-31,EICHERMOT,Eicher Motors Ltd.,2021-12-31,2021-Q3,2022-02-14 18:10:53,post_market,2022-02-14,2022-02-15,NEUTRAL,OK,1513,1513
EICHERMOT_2022-03-31,EICHERMOT,Eicher Motors Ltd.,2022-03-31,2022-Q4,2022-05-13 17:57:54,non_trading_day,2022-05-11,2022-05-15,NEUTRAL,OK,1570,1570
EICHERMOT_2022-06-30,EICHERMOT,Eicher Motors Ltd.,2022-06-30,2022-Q1,2022-08-10 15:46:48,post_market,2022-08-10,2022-08-11,POSITIVE,OK,1634,1634
EICHERMOT_2022-12-31,EICHERMOT,Eicher Motors Ltd.,2022-12-31,2022-Q3,2023-02-14 13:29:50,during_market,2023-02-13,2023-02-15,NEUTRAL,OK,1761,1761
EICHERMOT_2023-03-31,EICHERMOT,Eicher Motors Ltd.,2023-03-31,2023-Q4,2023-05-11 16:55:59,post_market,2023-05-11,2023-05-14,NEUTRAL,OK,1818,1818
EICHERMOT_2023-06-30,EICHERMOT,Eicher Motors Ltd.,2023-06-30,2023-Q1,2023-08-03 17:12:12,post_market,2023-08-03,2023-08-06,POSITIVE,OK,1877,1877
EICHERMOT_2023-09-30,EICHERMOT,Eicher Motors Ltd.,2023-09-30,2023-Q2,2023-11-10 17:35:56,non_trading_day,2023-11-08,2023-11-12,POSITIVE,OK,1942,1942
EICHERMOT_2023-12-31,EICHERMOT,Eicher Motors Ltd.,2023-12-31,2023-Q3,2024-02-13 14:40:43,during_market,2024-02-12,2024-02-14,NEGATIVE,OK,2005,2005
EICHERMOT_2024-03-31,EICHERMOT,Eicher Motors Ltd.,2024-03-31,2024-Q4,2024-05-11 13:41:36,non_trading_day,2024-05-08,2024-05-12,NEUTRAL,OK,2061,2061
EICHERMOT_2024-06-30,EICHERMOT,Eicher Motors Ltd.,2024-06-30,2024-Q1,2024-08-08 17:37:16,post_market,2024-08-08,2024-08-09,NEUTRAL,OK,2123,2123
EICHERMOT_2024-09-30,EICHERMOT,Eicher Motors Ltd.,2024-09-30,2024-Q2,2024-11-13 16:06:03,post_market,2024-11-13,2024-11-14,NEUTRAL,OK,2190,2190
EICHERMOT_2024-12-31,EICHERMOT,Eicher Motors Ltd.,2024-12-31,2024-Q3,2025-02-10 17:17:37,post_market,2025-02-10,2025-02-11,NEGATIVE,OK,2250,2250
EICHERMOT_2025-06-30,EICHERMOT,Eicher Motors Ltd.,2025-06-30,2025-Q1,2025-07-31 17:21:15,post_market,2025-07-31,2025-08-01,POSITIVE,OK,2366,2366
EICHERMOT_2025-09-30,EICHERMOT,Eicher Motors Ltd.,2025-09-30,2025-Q2,2025-11-13 15:13:44,during_market,2025-11-12,2025-11-14,POSITIVE,OK,2435,2435
EICHERMOT_2025-12-31,EICHERMOT,Eicher Motors Ltd.,2025-12-31,2025-Q3,2026-02-10 16:41:18,post_market,2026-02-10,2026-02-11,POSITIVE,OK,2496,2496
EICHERMOT_2026-03-31,EICHERMOT,Eicher Motors Ltd.,2026-03-31,2026-Q4,2026-05-22 16:51:45,post_market,2026-05-22,2026-05-25,NEUTRAL,OK,2563,2563
EICHERMOT_2026-06-30,EICHERMOT,Eicher Motors Ltd.,2026-06-30,2026-Q1,2026-07-29 18:29:49,post_market,2026-07-29,2026-07-30,NEUTRAL,OK,2609,2609
ETERNAL_2021-06-30,ETERNAL,Eternal Ltd.,2021-06-30,2021-Q1,2021-08-10 19:36:47,post_market,2021-08-10,2021-08-11,NEGATIVE,INSUFFICIENT_HISTORY_return_20d|INSUFFICIENT_HISTORY_return_60d|INSUFFICIENT_HISTORY_volatility_20d|INSUFFICIENT_HISTORY_volatility_60d|INSUFFICIENT_HISTORY_volume_ratio_20d|INSUFFICIENT_HISTORY_distance_from_20dma|INSUFFICIENT_HISTORY_distance_from_50dma|INSUFFICIENT_HISTORY_distance_from_200dma|INSUFFICIENT_HISTORY_drawdown_from_20d_high|INSUFFICIENT_HISTORY_drawdown_from_60d_high|INSUFFICIENT_HISTORY_drawdown_from_252d_high|LIMITED_HISTORY|VERY_LIMITED_HISTORY,14,1385
ETERNAL_2021-09-30,ETERNAL,Eternal Ltd.,2021-09-30,2021-Q2,2021-11-10 19:56:01,post_market,2021-11-10,2021-11-11,POSITIVE,INSUFFICIENT_HISTORY_distance_from_200dma|INSUFFICIENT_HISTORY_drawdown_from_252d_high|VERY_LIMITED_HISTORY,76,1447
ETERNAL_2021-12-31,ETERNAL,Eternal Ltd.,2021-12-31,2021-Q3,2022-02-10 17:24:59,post_market,2022-02-10,2022-02-13,POSITIVE,INSUFFICIENT_HISTORY_distance_from_200dma|INSUFFICIENT_HISTORY_drawdown_from_252d_high|VERY_LIMITED_HISTORY,140,1511
ETERNAL_2022-03-31,ETERNAL,Eternal Ltd.,2022-03-31,2022-Q4,2022-05-23 17:52:53,post_market,2022-05-23,2022-05-24,POSITIVE,INSUFFICIENT_HISTORY_drawdown_from_252d_high|VERY_LIMITED_HISTORY,207,1578
ETERNAL_2022-12-31,ETERNAL,Eternal Ltd.,2022-12-31,2022-Q3,2023-02-09 18:47:07,post_market,2023-02-09,2023-02-12,NEGATIVE,OK,388,1759
ETERNAL_2023-03-31,ETERNAL,Eternal Ltd.,2023-03-31,2023-Q4,2023-05-19 16:14:25,non_trading_day,2023-05-17,2023-05-21,POSITIVE,OK,451,1822
ETERNAL_2023-06-30,ETERNAL,Eternal Ltd.,2023-06-30,2023-Q1,2023-08-03 15:17:47,during_market,2023-08-02,2023-08-06,NEGATIVE,OK,505,1876
ETERNAL_2023-09-30,ETERNAL,Eternal Ltd.,2023-09-30,2023-Q2,2023-11-03 14:53:16,non_trading_day,2023-11-01,2023-11-05,NEUTRAL,OK,566,1937
ETERNAL_2023-12-31,ETERNAL,Eternal Ltd.,2023-12-31,2023-Q3,2024-02-08 15:05:40,during_market,2024-02-07,2024-02-11,NEUTRAL,OK,631,2002
ETERNAL_2024-03-31,ETERNAL,Eternal Ltd.,2024-03-31,2024-Q4,2024-05-13 14:58:41,during_market,2024-05-12,2024-05-14,NEGATIVE,OK,692,2063
ETERNAL_2024-06-30,ETERNAL,Eternal Ltd.,2024-06-30,2024-Q1,2024-08-01 15:07:04,during_market,2024-07-31,2024-08-02,POSITIVE,OK,729,2117
ETERNAL_2024-09-30,ETERNAL,Eternal Ltd.,2024-09-30,2024-Q2,2024-10-22 15:30:08,during_market,2024-10-21,2024-10-23,POSITIVE,OK,729,2173
ETERNAL_2024-12-31,ETERNAL,Eternal Ltd.,2024-12-31,2024-Q3,2025-01-20 15:05:17,during_market,2025-01-17,2025-01-21,POSITIVE,OK,729,2234
GRASIM_2015-12-31,GRASIM,Grasim Industries Ltd.,2015-12-31,2015-Q3,2016-01-30 15:39:53,non_trading_day,2016-01-27,2016-01-31,POSITIVE,INSUFFICIENT_HISTORY_return_20d|INSUFFICIENT_HISTORY_return_60d|INSUFFICIENT_HISTORY_volatility_20d|INSUFFICIENT_HISTORY_volatility_60d|INSUFFICIENT_HISTORY_volume_ratio_20d|INSUFFICIENT_HISTORY_distance_from_20dma|INSUFFICIENT_HISTORY_distance_from_50dma|INSUFFICIENT_HISTORY_distance_from_200dma|INSUFFICIENT_HISTORY_drawdown_from_20d_high|INSUFFICIENT_HISTORY_drawdown_from_60d_high|INSUFFICIENT_HISTORY_drawdown_from_252d_high|LIMITED_HISTORY|VERY_LIMITED_HISTORY,19,19
GRASIM_2016-03-31,GRASIM,Grasim Industries Ltd.,2016-03-31,2016-Q4,2016-05-07 15:04:15,non_trading_day,2016-05-04,2016-05-08,POSITIVE,INSUFFICIENT_HISTORY_distance_from_200dma|INSUFFICIENT_HISTORY_drawdown_from_252d_high|VERY_LIMITED_HISTORY,83,83
GRASIM_2016-06-30,GRASIM,Grasim Industries Ltd.,2016-06-30,2016-Q1,2016-08-12 10:05:37,non_trading_day,2016-08-10,2016-08-15,POSITIVE,INSUFFICIENT_HISTORY_distance_from_200dma|INSUFFICIENT_HISTORY_drawdown_from_252d_high|VERY_LIMITED_HISTORY,152,152
GRASIM_2016-09-30,GRASIM,Grasim Industries Ltd.,2016-09-30,2016-Q2,2016-10-28 13:00:36,non_trading_day,2016-10-26,2016-10-31,NEGATIVE,INSUFFICIENT_HISTORY_drawdown_from_252d_high|VERY_LIMITED_HISTORY,202,202
GRASIM_2016-12-31,GRASIM,Grasim Industries Ltd.,2016-12-31,2016-Q3,2017-01-30 13:22:02,during_market,2017-01-29,2017-01-31,NEUTRAL,OK,266,266
GRASIM_2017-03-31,GRASIM,Grasim Industries Ltd.,2017-03-31,2017-Q4,2017-05-19 14:49:57,non_trading_day,2017-05-17,2017-05-21,NEUTRAL,OK,339,339
GRASIM_2017-06-30,GRASIM,Grasim Industries Ltd.,2017-06-30,2017-Q1,2017-08-14 14:18:49,non_trading_day,2017-08-10,2017-08-15,NEUTRAL,OK,399,399
GRASIM_2017-09-30,GRASIM,Grasim Industries Ltd.,2017-09-30,2017-Q2,2017-11-14 13:47:53,during_market,2017-11-13,2017-11-15,NEUTRAL,OK,462,462
GRASIM_2017-12-31,GRASIM,Grasim Industries Ltd.,2017-12-31,2017-Q3,2018-02-14 14:12:31,during_market,2018-02-13,2018-02-15,NEUTRAL,OK,525,525
GRASIM_2018-03-31,GRASIM,Grasim Industries Ltd.,2018-03-31,2018-Q4,2018-05-23 14:29:23,during_market,2018-05-22,2018-05-24,NEUTRAL,OK,591,591
GRASIM_2018-06-30,GRASIM,Grasim Industries Ltd.,2018-06-30,2018-Q1,2018-08-14 14:10:28,non_trading_day,2018-08-12,2018-08-15,POSITIVE,OK,649,649
GRASIM_2018-09-30,GRASIM,Grasim Industries Ltd.,2018-09-30,2018-Q2,2018-11-14 19:15:08,post_market,2018-11-14,2018-11-15,POSITIVE,OK,710,710
GRASIM_2018-12-31,GRASIM,Grasim Industries Ltd.,2018-12-31,2018-Q3,2019-02-07 14:51:13,during_market,2019-02-06,2019-02-10,NEUTRAL,OK,768,768
GRASIM_2019-03-31,GRASIM,Grasim Industries Ltd.,2019-03-31,2019-Q4,2019-05-24 15:47:40,non_trading_day,2019-05-22,2019-05-26,NEGATIVE,OK,835,835
GRASIM_2019-06-30,GRASIM,Grasim Industries Ltd.,2019-06-30,2019-Q1,2019-08-14 14:34:07,non_trading_day,2019-08-12,2019-08-15,NEGATIVE,OK,891,891
GRASIM_2019-09-30,GRASIM,Grasim Industries Ltd.,2019-09-30,2019-Q2,2019-11-14 14:54:34,during_market,2019-11-13,2019-11-17,NEUTRAL,OK,951,951
GRASIM_2019-12-31,GRASIM,Grasim Industries Ltd.,2019-12-31,2019-Q3,2020-02-10 13:52:04,during_market,2020-02-09,2020-02-11,NEUTRAL,OK,1012,1012
GRASIM_2020-03-31,GRASIM,Grasim Industries Ltd.,2020-03-31,2020-Q4,2020-06-13 16:06:29,non_trading_day,2020-06-10,2020-06-14,NEUTRAL,OK,1092,1092
GRASIM_2020-06-30,GRASIM,Grasim Industries Ltd.,2020-06-30,2020-Q1,2020-08-13 14:55:24,during_market,2020-08-12,2020-08-16,POSITIVE,OK,1137,1137
GRASIM_2020-09-30,GRASIM,Grasim Industries Ltd.,2020-09-30,2020-Q2,2020-11-12 16:33:30,post_market,2020-11-12,2020-11-13,NEUTRAL,OK,1202,1202
GRASIM_2020-12-31,GRASIM,Grasim Industries Ltd.,2020-12-31,2020-Q3,2021-02-12 14:10:55,non_trading_day,2021-02-10,2021-02-14,NEUTRAL,OK,1263,1263
GRASIM_2021-03-31,GRASIM,Grasim Industries Ltd.,2021-03-31,2021-Q4,2021-05-24 15:40:07,post_market,2021-05-24,2021-05-25,POSITIVE,OK,1330,1330
GRASIM_2021-06-30,GRASIM,Grasim Industries Ltd.,2021-06-30,2021-Q1,2021-08-13 14:11:32,non_trading_day,2021-08-11,2021-08-15,NEUTRAL,OK,1386,1386
GRASIM_2021-09-30,GRASIM,Grasim Industries Ltd.,2021-09-30,2021-Q2,2021-11-12 18:41:49,non_trading_day,2021-11-10,2021-11-14,NEGATIVE,OK,1447,1447
GRASIM_2021-12-31,GRASIM,Grasim Industries Ltd.,2021-12-31,2021-Q3,2022-02-14 14:26:14,during_market,2022-02-13,2022-02-15,NEUTRAL,OK,1512,1512
GRASIM_2022-03-31,GRASIM,Grasim Industries Ltd.,2022-03-31,2022-Q4,2022-05-24 15:37:59,post_market,2022-05-24,2022-05-25,NEUTRAL,OK,1579,1579
GRASIM_2022-06-30,GRASIM,Grasim Industries Ltd.,2022-06-30,2022-Q1,2022-08-12 13:38:48,non_trading_day,2022-08-10,2022-08-15,NEUTRAL,OK,1634,1634
GRASIM_2022-09-30,GRASIM,Grasim Industries Ltd.,2022-09-30,2022-Q2,2022-11-14 14:21:27,during_market,2022-11-13,2022-11-15,NEUTRAL,OK,1696,1696
GRASIM_2022-12-31,GRASIM,Grasim Industries Ltd.,2022-12-31,2023-Q4,2023-02-14 15:03:51,during_market,2023-02-13,2023-02-15,NEUTRAL,OK,1761,1761
GRASIM_2023-03-31,GRASIM,Grasim Industries Ltd.,2023-03-31,2023-Q1,2023-05-26 14:34:06,non_trading_day,2023-05-24,2023-05-28,NEUTRAL,OK,1827,1827
GRASIM_2023-06-30,GRASIM,Grasim Industries Ltd.,2023-06-30,2023-Q1,2023-08-10 14:36:51,during_market,2023-08-09,2023-08-13,NEUTRAL,OK,1881,1881
GRASIM_2023-09-30,GRASIM,Grasim Industries Ltd.,2023-09-30,2023-Q2,2023-11-13 20:09:54,non_trading_day,2023-11-09,2023-11-14,NEUTRAL,OK,1943,1943
GRASIM_2023-12-31,GRASIM,Grasim Industries Ltd.,2023-12-31,2023-Q3,2024-02-09 11:12:13,non_trading_day,2024-02-07,2024-02-11,NEGATIVE,OK,2002,2002
GRASIM_2024-03-31,GRASIM,Grasim Industries Ltd.,2024-03-31,2024-Q4,2024-05-22 21:42:40,post_market,2024-05-22,2024-05-23,NEUTRAL,OK,2070,2070
GRASIM_2024-06-30,GRASIM,Grasim Industries Ltd.,2024-06-30,2024-Q1,2024-08-09 13:52:20,during_market,2024-08-08,2024-08-12,NEUTRAL,OK,2123,2123
GRASIM_2024-09-30,GRASIM,Grasim Industries Ltd.,2024-09-30,2024-Q2,2024-11-14 20:27:05,post_market,2024-11-14,2024-11-18,NEUTRAL,OK,2191,2191
GRASIM_2024-12-31,GRASIM,Grasim Industries Ltd.,2024-12-31,2024-Q3,2025-02-10 19:38:07,post_market,2025-02-10,2025-02-11,NEUTRAL,OK,2250,2250
GRASIM_2025-03-31,GRASIM,Grasim Industries Ltd.,2025-03-31,2025-Q4,2025-05-22 19:58:44,post_market,2025-05-22,2025-05-23,NEGATIVE,OK,2316,2316
GRASIM_2025-06-30,GRASIM,Grasim Industries Ltd.,2025-06-30,2025-Q1,2025-08-08 14:13:37,during_market,2025-08-07,2025-08-11,NEUTRAL,OK,2371,2371
GRASIM_2025-09-30,GRASIM,Grasim Industries Ltd.,2025-09-30,2025-Q2,2025-11-05 13:54:08,non_trading_day,2025-11-03,2025-11-06,NEUTRAL,OK,2429,2429
GRASIM_2025-12-31,GRASIM,Grasim Industries Ltd.,2025-12-31,2025-Q3,2026-02-10 17:50:12,post_market,2026-02-10,2026-02-11,NEUTRAL,OK,2496,2496
GRASIM_2026-03-31,GRASIM,Grasim Industries Ltd.,2026-03-31,2026-Q4,2026-05-20 14:37:37,during_market,2026-05-19,2026-05-21,NEUTRAL,OK,2560,2560
GRASIM_2026-06-30,GRASIM,Grasim Industries Ltd.,2026-06-30,2026-Q1,2026-08-12 14:27:39,during_market,2026-08-11,2026-08-13,NEUTRAL,OK,2618,2618
HCLTECH_2015-12-31,HCLTECH,HCL Technologies Ltd.,2015-12-31,2015-Q3,2016-01-19 08:26:18,pre_market,2016-01-18,2016-01-19,NEGATIVE,INSUFFICIENT_HISTORY_return_20d|INSUFFICIENT_HISTORY_return_60d|INSUFFICIENT_HISTORY_volatility_20d|INSUFFICIENT_HISTORY_volatility_60d|INSUFFICIENT_HISTORY_volume_ratio_20d|INSUFFICIENT_HISTORY_distance_from_20dma|INSUFFICIENT_HISTORY_distance_from_50dma|INSUFFICIENT_HISTORY_distance_from_200dma|INSUFFICIENT_HISTORY_drawdown_from_20d_high|INSUFFICIENT_HISTORY_drawdown_from_60d_high|INSUFFICIENT_HISTORY_drawdown_from_252d_high|LIMITED_HISTORY|VERY_LIMITED_HISTORY,13,13
HCLTECH_2016-03-31,HCLTECH,HCL Technologies Ltd.,2016-03-31,2016-Q4,2016-04-28 08:40:49,pre_market,2016-04-27,2016-04-28,NEUTRAL,INSUFFICIENT_HISTORY_distance_from_200dma|INSUFFICIENT_HISTORY_drawdown_from_252d_high|VERY_LIMITED_HISTORY,78,78
HCLTECH_2016-06-30,HCLTECH,HCL Technologies Ltd.,2016-06-30,2016-Q1,2016-08-03 08:21:00,pre_market,2016-08-02,2016-08-03,NEGATIVE,INSUFFICIENT_HISTORY_distance_from_200dma|INSUFFICIENT_HISTORY_drawdown_from_252d_high|VERY_LIMITED_HISTORY,146,146
HCLTECH_2016-09-30,HCLTECH,HCL Technologies Ltd.,2016-09-30,2016-Q2,2016-10-21 08:13:01,non_trading_day,2016-10-19,2016-10-23,NEGATIVE,INSUFFICIENT_HISTORY_distance_from_200dma|INSUFFICIENT_HISTORY_drawdown_from_252d_high|VERY_LIMITED_HISTORY,197,197
HCLTECH_2016-12-31,HCLTECH,HCL Technologies Ltd.,2016-12-31,2016-Q3,2017-01-24 08:16:55,pre_market,2017-01-23,2017-01-24,NEGATIVE,OK,263,263
HCLTECH_2017-03-31,HCLTECH,HCL Technologies Ltd.,2017-03-31,2017-Q4,2017-05-11 08:28:25,pre_market,2017-05-10,2017-05-11,NEUTRAL,OK,334,334
HCLTECH_2017-06-30,HCLTECH,HCL Technologies Ltd.,2017-06-30,2017-Q1,2017-07-27 08:39:00,pre_market,2017-07-26,2017-07-27,NEGATIVE,OK,388,388
HCLTECH_2017-09-30,HCLTECH,HCL Technologies Ltd.,2017-09-30,2017-Q2,2017-10-25 08:22:34,pre_market,2017-10-24,2017-10-25,NEUTRAL,OK,448,448
HCLTECH_2017-12-31,HCLTECH,HCL Technologies Ltd.,2017-12-31,2017-Q3,2018-01-19 08:21:39,non_trading_day,2018-01-17,2018-01-21,POSITIVE,OK,508,508
HCLTECH_2018-03-31,HCLTECH,HCL Technologies Ltd.,2018-03-31,2018-Q4,2018-05-02 11:58:58,during_market,2018-05-01,2018-05-03,NEUTRAL,OK,576,576
HCLTECH_2018-06-30,HCLTECH,HCL Technologies Ltd.,2018-06-30,2018-Q1,2018-07-27 16:05:37,non_trading_day,2018-07-25,2018-07-29,NEUTRAL,OK,637,637
HCLTECH_2018-09-30,HCLTECH,HCL Technologies Ltd.,2018-09-30,2018-Q2,2018-10-23 16:35:49,post_market,2018-10-23,2018-10-24,NEUTRAL,OK,695,695
HCLTECH_2018-12-31,HCLTECH,HCL Technologies Ltd.,2018-12-31,2018-Q3,2019-01-29 16:24:55,post_market,2019-01-29,2019-01-30,POSITIVE,OK,762,762
HCLTECH_2019-03-31,HCLTECH,HCL Technologies Ltd.,2019-03-31,2019-Q4,2019-05-09 16:51:00,post_market,2019-05-09,2019-05-12,NEUTRAL,OK,826,826
HCLTECH_2019-06-30,HCLTECH,HCL Technologies Ltd.,2019-06-30,2019-Q1,2019-08-07 16:05:33,post_market,2019-08-07,2019-08-08,NEUTRAL,OK,889,889
HCLTECH_2019-09-30,HCLTECH,HCL Technologies Ltd.,2019-09-30,2019-Q2,2019-10-23 16:37:17,post_market,2019-10-23,2019-10-24,NEUTRAL,OK,937,937
HCLTECH_2019-12-31,HCLTECH,HCL Technologies Ltd.,2019-12-31,2019-Q3,2020-01-17 16:05:07,non_trading_day,2020-01-15,2020-01-19,POSITIVE,OK,995,995
HCLTECH_2020-03-31,HCLTECH,HCL Technologies Ltd.,2020-03-31,2020-Q4,2020-05-07 10:19:00,during_market,2020-05-06,2020-05-10,NEUTRAL,OK,1068,1068
HCLTECH_2020-06-30,HCLTECH,HCL Technologies Ltd.,2020-06-30,2020-Q1,2020-07-17 08:51:40,non_trading_day,2020-07-15,2020-07-19,NEUTRAL,OK,1117,1117
HCLTECH_2020-09-30,HCLTECH,HCL Technologies Ltd.,2020-09-30,2020-Q2,2020-10-16 09:42:35,non_trading_day,2020-10-14,2020-10-18,POSITIVE,OK,1181,1181
HCLTECH_2020-12-31,HCLTECH,HCL Technologies Ltd.,2020-12-31,2020-Q3,2021-01-15 12:21:11,non_trading_day,2021-01-13,2021-01-17,NEUTRAL,OK,1244,1244
HCLTECH_2021-03-31,HCLTECH,HCL Technologies Ltd.,2021-03-31,2021-Q4,2021-04-23 17:53:04,non_trading_day,2021-04-21,2021-04-25,NEGATIVE,OK,1308,1308
HCLTECH_2021-06-30,HCLTECH,HCL Technologies Ltd.,2021-06-30,2021-Q1,2021-07-19 17:37:40,post_market,2021-07-19,2021-07-21,NEUTRAL,OK,1370,1370
HCLTECH_2021-09-30,HCLTECH,HCL Technologies Ltd.,2021-09-30,2021-Q2,2021-10-14 18:22:18,non_trading_day,2021-10-12,2021-10-17,NEUTRAL,OK,1428,1428
HCLTECH_2021-12-31,HCLTECH,HCL Technologies Ltd.,2021-12-31,2021-Q3,2022-01-14 18:13:27,non_trading_day,2022-01-12,2022-01-16,NEGATIVE,OK,1491,1491
HCLTECH_2022-03-31,HCLTECH,HCL Technologies Ltd.,2022-03-31,2022-Q4,2022-04-21 17:45:35,post_market,2022-04-21,2022-04-24,NEUTRAL,OK,1557,1557
HCLTECH_2022-06-30,HCLTECH,HCL Technologies Ltd.,2022-06-30,2022-Q1,2022-07-12 17:56:32,post_market,2022-07-12,2022-07-13,NEGATIVE,OK,1614,1614
HCLTECH_2022-12-31,HCLTECH,HCL Technologies Ltd.,2022-12-31,2022-Q3,2023-01-12 17:27:17,post_market,2023-01-12,2023-01-15,NEUTRAL,OK,1740,1740
HCLTECH_2023-03-31,HCLTECH,HCL Technologies Ltd.,2023-03-31,2023-Q4,2023-04-20 16:56:08,post_market,2023-04-20,2023-04-23,NEUTRAL,OK,1804,1804
HCLTECH_2023-06-30,HCLTECH,HCL Technologies Ltd.,2023-06-30,2023-Q1,2023-07-12 18:08:08,post_market,2023-07-12,2023-07-13,NEUTRAL,OK,1861,1861
HCLTECH_2023-09-30,HCLTECH,HCL Technologies Ltd.,2023-09-30,2023-Q2,2023-10-12 17:47:16,post_market,2023-10-12,2023-10-15,NEUTRAL,OK,1924,1924
HCLTECH_2023-12-31,HCLTECH,HCL Technologies Ltd.,2023-12-31,2023-Q3,2024-01-12 17:40:54,non_trading_day,2024-01-10,2024-01-14,NEUTRAL,OK,1984,1984
HCLTECH_2024-03-31,HCLTECH,HCL Technologies Ltd.,2024-03-31,2024-Q4,2024-04-26 17:35:44,non_trading_day,2024-04-24,2024-04-28,NEGATIVE,OK,2052,2052
HCLTECH_2024-06-30,HCLTECH,HCL Technologies Ltd.,2024-06-30,2024-Q1,2024-07-12 17:45:28,post_market,2024-07-12,2024-07-15,NEUTRAL,OK,2105,2105
HCLTECH_2024-09-30,HCLTECH,HCL Technologies Ltd.,2024-09-30,2024-Q2,2024-10-14 17:20:02,post_market,2024-10-14,2024-10-15,NEUTRAL,OK,2168,2168
HCLTECH_2024-12-31,HCLTECH,HCL Technologies Ltd.,2024-12-31,2024-Q3,2025-01-13 17:45:42,post_market,2025-01-13,2025-01-14,NEUTRAL,OK,2230,2230
HCLTECH_2025-06-30,HCLTECH,HCL Technologies Ltd.,2025-06-30,2025-Q1,2025-07-14 17:37:59,post_market,2025-07-14,2025-07-15,NEUTRAL,OK,2353,2353
HCLTECH_2025-09-30,HCLTECH,HCL Technologies Ltd.,2025-09-30,2025-Q2,2025-10-13 17:44:20,post_market,2025-10-13,2025-10-14,NEGATIVE,OK,2415,2415
HCLTECH_2025-12-31,HCLTECH,HCL Technologies Ltd.,2025-12-31,2025-Q3,2026-01-12 17:09:38,post_market,2026-01-12,2026-01-13,POSITIVE,OK,2477,2477
HCLTECH_2026-03-31,HCLTECH,HCL Technologies Ltd.,2026-03-31,2026-Q4,2026-04-21 18:01:20,post_market,2026-04-21,2026-04-22,NEGATIVE,OK,2541,2541
HCLTECH_2026-06-30,HCLTECH,HCL Technologies Ltd.,2026-06-30,2026-Q1,2026-07-13 17:41:00,post_market,2026-07-13,2026-07-14,POSITIVE,OK,2597,2597
HDFCBANK_2015-12-31,HDFCBANK,HDFC Bank Ltd.,2015-12-31,2015-Q3,2016-01-25 14:09:55,non_trading_day,2016-01-21,2016-01-26,NEUTRAL,INSUFFICIENT_HISTORY_return_20d|INSUFFICIENT_HISTORY_return_60d|INSUFFICIENT_HISTORY_volatility_20d|INSUFFICIENT_HISTORY_volatility_60d|INSUFFICIENT_HISTORY_volume_ratio_20d|INSUFFICIENT_HISTORY_distance_from_20dma|INSUFFICIENT_HISTORY_distance_from_50dma|INSUFFICIENT_HISTORY_distance_from_200dma|INSUFFICIENT_HISTORY_drawdown_from_20d_high|INSUFFICIENT_HISTORY_drawdown_from_60d_high|INSUFFICIENT_HISTORY_drawdown_from_252d_high|LIMITED_HISTORY|VERY_LIMITED_HISTORY,16,16
HDFCBANK_2016-03-31,HDFCBANK,HDFC Bank Ltd.,2016-03-31,2016-Q4,2016-04-22 13:23:31,non_trading_day,2016-04-20,2016-04-24,NEUTRAL,INSUFFICIENT_HISTORY_distance_from_200dma|INSUFFICIENT_HISTORY_drawdown_from_252d_high|VERY_LIMITED_HISTORY,73,73
HDFCBANK_2016-06-30,HDFCBANK,HDFC Bank Ltd.,2016-06-30,2016-Q1,2016-07-21 11:51:51,during_market,2016-07-20,2016-07-24,NEUTRAL,INSUFFICIENT_HISTORY_distance_from_200dma|INSUFFICIENT_HISTORY_drawdown_from_252d_high|VERY_LIMITED_HISTORY,137,137
HDFCBANK_2016-09-30,HDFCBANK,HDFC Bank Ltd.,2016-09-30,2016-Q2,2016-10-25 12:38:32,during_market,2016-10-24,2016-10-26,NEUTRAL,INSUFFICIENT_HISTORY_drawdown_from_252d_high|VERY_LIMITED_HISTORY,200,200
HDFCBANK_2016-12-31,HDFCBANK,HDFC Bank Ltd.,2016-12-31,2016-Q3,2017-01-24 12:27:51,during_market,2017-01-23,2017-01-26,NEUTRAL,OK,263,263
HDFCBANK_2017-03-31,HDFCBANK,HDFC Bank Ltd.,2017-03-31,2017-Q4,2017-04-21 13:13:30,non_trading_day,2017-04-19,2017-04-23,NEUTRAL,OK,320,320
HDFCBANK_2017-06-30,HDFCBANK,HDFC Bank Ltd.,2017-06-30,2017-Q1,2017-07-24 12:22:45,during_market,2017-07-23,2017-07-25,NEUTRAL,OK,385,385
HDFCBANK_2017-09-30,HDFCBANK,HDFC Bank Ltd.,2017-09-30,2017-Q2,2017-10-24 12:38:21,during_market,2017-10-23,2017-10-25,NEUTRAL,OK,447,447
HDFCBANK_2017-12-31,HDFCBANK,HDFC Bank Ltd.,2017-12-31,2017-Q3,2018-01-19 11:57:20,non_trading_day,2018-01-17,2018-01-21,NEUTRAL,OK,508,508
HDFCBANK_2018-03-31,HDFCBANK,HDFC Bank Ltd.,2018-03-31,2018-Q1,2018-04-21 17:06:43,non_trading_day,2018-04-18,2018-04-22,NEUTRAL,OK,568,568
HDFCBANK_2018-06-30,HDFCBANK,HDFC Bank Ltd.,2018-06-30,2018-Q1,2018-07-21 15:08:14,non_trading_day,2018-07-18,2018-07-22,NEUTRAL,OK,632,632
HDFCBANK_2018-09-30,HDFCBANK,HDFC Bank Ltd.,2018-09-30,2018-Q2,2018-10-20 15:47:25,non_trading_day,2018-10-16,2018-10-21,NEUTRAL,OK,691,691
HDFCBANK_2018-12-31,HDFCBANK,HDFC Bank Ltd.,2018-12-31,2019-Q4,2019-01-19 16:26:26,non_trading_day,2019-01-16,2019-01-20,NEUTRAL,OK,753,753
HDFCBANK_2019-03-31,HDFCBANK,HDFC Bank Ltd.,2019-03-31,2019-Q4,2019-04-20 15:31:47,non_trading_day,2019-04-15,2019-04-21,NEUTRAL,OK,812,812
HDFCBANK_2019-06-30,HDFCBANK,HDFC Bank Ltd.,2019-06-30,2019-Q1,2019-07-22 10:13:15,during_market,2019-07-21,2019-07-23,NEUTRAL,OK,876,876
HDFCBANK_2019-09-30,HDFCBANK,HDFC Bank Ltd.,2019-09-30,2019-Q2,2019-10-19 16:25:16,non_trading_day,2019-10-16,2019-10-21,NEUTRAL,OK,933,933
HDFCBANK_2019-12-31,HDFCBANK,HDFC Bank Ltd.,2019-12-31,2019-Q3,2020-01-18 15:27:15,non_trading_day,2020-01-15,2020-01-19,NEUTRAL,OK,995,995
HDFCBANK_2020-03-31,HDFCBANK,HDFC Bank Ltd.,2020-03-31,2020-Q4,2020-04-18 14:31:53,non_trading_day,2020-04-15,2020-04-19,NEUTRAL,OK,1054,1054
HDFCBANK_2020-06-30,HDFCBANK,HDFC Bank Ltd.,2020-06-30,2020-Q1,2020-07-18 12:40:25,non_trading_day,2020-07-15,2020-07-19,NEUTRAL,OK,1117,1117
HDFCBANK_2020-09-30,HDFCBANK,HDFC Bank Ltd.,2020-09-30,2020-Q2,2020-10-17 16:19:30,non_trading_day,2020-10-14,2020-10-18,POSITIVE,OK,1181,1181
HDFCBANK_2020-12-31,HDFCBANK,HDFC Bank Ltd.,2020-12-31,2020-Q3,2021-01-16 16:46:43,non_trading_day,2021-01-13,2021-01-17,NEGATIVE,OK,1244,1244
HDFCBANK_2021-03-31,HDFCBANK,HDFC Bank Ltd.,2021-03-31,2021-Q4,2021-04-17 14:32:57,non_trading_day,2021-04-14,2021-04-18,NEUTRAL,OK,1304,1304
HDFCBANK_2021-06-30,HDFCBANK,HDFC Bank Ltd.,2021-06-30,2021-Q1,2021-07-17 12:53:37,non_trading_day,2021-07-14,2021-07-18,NEGATIVE,OK,1367,1367
HDFCBANK_2021-09-30,HDFCBANK,HDFC Bank Ltd.,2021-09-30,2021-Q2,2021-10-16 14:50:25,non_trading_day,2021-10-12,2021-10-17,NEUTRAL,OK,1428,1428
HDFCBANK_2022-03-31,HDFCBANK,HDFC Bank Ltd.,2022-03-31,2022-Q4,2022-04-16 14:27:46,non_trading_day,2022-04-11,2022-04-17,NEGATIVE,OK,1551,1551
HDFCBANK_2022-12-31,HDFCBANK,HDFC Bank Ltd.,2022-12-31,2022-Q3,2023-01-14 13:02:51,non_trading_day,2023-01-11,2023-01-15,POSITIVE,OK,1739,1739
HDFCBANK_2023-03-31,HDFCBANK,HDFC Bank Ltd.,2023-03-31,2023-Q4,2023-04-15 13:32:50,non_trading_day,2023-04-11,2023-04-16,NEUTRAL,OK,1798,1798
HDFCBANK_2023-06-30,HDFCBANK,HDFC Bank Ltd.,2023-06-30,2023-Q1,2023-07-17 12:45:33,during_market,2023-07-16,2023-07-18,NEUTRAL,OK,1863,1863
HDFCBANK_2023-09-30,HDFCBANK,HDFC Bank Ltd.,2023-09-30,2023-Q2,2023-10-16 15:50:41,post_market,2023-10-16,2023-10-17,NEUTRAL,OK,1926,1926
HDFCBANK_2023-12-31,HDFCBANK,HDFC Bank Ltd.,2023-12-31,2023-Q3,2024-01-16 15:53:02,post_market,2024-01-16,2024-01-17,NEUTRAL,OK,1988,1988
HDFCBANK_2024-03-31,HDFCBANK,HDFC Bank Ltd.,2024-03-31,2024-Q4,2024-04-20 14:31:20,non_trading_day,2024-04-17,2024-04-21,NEUTRAL,OK,2047,2047
HDFCBANK_2024-06-30,HDFCBANK,HDFC Bank Ltd.,2024-06-30,2024-Q1,2024-07-20 14:15:17,non_trading_day,2024-07-18,2024-07-22,NEUTRAL,OK,2108,2108
HDFCBANK_2024-09-30,HDFCBANK,HDFC Bank Ltd.,2024-09-30,2024-Q2,2024-10-19 14:12:47,non_trading_day,2024-10-17,2024-10-21,POSITIVE,OK,2171,2171
HDFCBANK_2024-12-31,HDFCBANK,HDFC Bank Ltd.,2024-12-31,2024-Q3,2025-01-22 14:07:25,during_market,2025-01-21,2025-01-23,NEUTRAL,OK,2236,2236
HDFCBANK_2025-06-30,HDFCBANK,HDFC Bank Ltd.,2025-06-30,2025-Q1,2025-07-19 14:51:02,non_trading_day,2025-07-17,2025-07-21,NEUTRAL,OK,2356,2356
HDFCBANK_2025-09-30,HDFCBANK,HDFC Bank Ltd.,2025-09-30,2025-Q2,2025-10-18 14:08:44,non_trading_day,2025-10-16,2025-10-20,NEUTRAL,OK,2418,2418
HDFCBANK_2025-12-31,HDFCBANK,HDFC Bank Ltd.,2025-12-31,2025-Q3,2026-01-17 14:41:09,non_trading_day,2026-01-14,2026-01-19,NEUTRAL,OK,2479,2479
HDFCBANK_2026-03-31,HDFCBANK,HDFC Bank Ltd.,2026-03-31,2026-Q4,2026-04-18 14:45:47,non_trading_day,2026-04-16,2026-04-20,NEUTRAL,OK,2538,2538
HDFCBANK_2026-06-30,HDFCBANK,HDFC Bank Ltd.,2026-06-30,2026-Q1,2026-07-18 14:22:30,non_trading_day,2026-07-16,2026-07-20,NEGATIVE,OK,2600,2600
HDFCLIFE_2017-12-31,HDFCLIFE,HDFC Life Insurance Company Ltd.,2017-12-31,2017-Q3,2018-01-19 18:04:23,non_trading_day,2018-01-17,2018-01-21,NEGATIVE,INSUFFICIENT_HISTORY_return_60d|INSUFFICIENT_HISTORY_volatility_60d|INSUFFICIENT_HISTORY_distance_from_50dma|INSUFFICIENT_HISTORY_distance_from_200dma|INSUFFICIENT_HISTORY_drawdown_from_60d_high|INSUFFICIENT_HISTORY_drawdown_from_252d_high|LIMITED_HISTORY|VERY_LIMITED_HISTORY,44,508
HDFCLIFE_2018-03-31,HDFCLIFE,HDFC Life Insurance Company Ltd.,2018-03-31,2018-Q4,2018-04-18 17:19:00,post_market,2018-04-18,2018-04-19,POSITIVE,INSUFFICIENT_HISTORY_distance_from_200dma|INSUFFICIENT_HISTORY_drawdown_from_252d_high|VERY_LIMITED_HISTORY,104,568
HDFCLIFE_2018-06-30,HDFCLIFE,HDFC Life Insurance Company Ltd.,2018-06-30,2018-Q1,2018-07-20 12:46:19,non_trading_day,2018-07-18,2018-07-22,NEUTRAL,INSUFFICIENT_HISTORY_distance_from_200dma|INSUFFICIENT_HISTORY_drawdown_from_252d_high|VERY_LIMITED_HISTORY,168,632
HDFCLIFE_2018-09-30,HDFCLIFE,HDFC Life Insurance Company Ltd.,2018-09-30,2018-Q2,2018-10-23 16:09:30,post_market,2018-10-23,2018-10-24,POSITIVE,INSUFFICIENT_HISTORY_drawdown_from_252d_high|VERY_LIMITED_HISTORY,231,695
HDFCLIFE_2018-12-31,HDFCLIFE,HDFC Life Insurance Company Ltd.,2018-12-31,2018-Q3,2019-01-22 16:33:58,post_market,2019-01-22,2019-01-23,NEUTRAL,OK,293,757
HDFCLIFE_2019-03-31,HDFCLIFE,HDFC Life Insurance Company Ltd.,2019-03-31,2019-Q4,2019-04-26 13:51:17,non_trading_day,2019-04-24,2019-04-29,POSITIVE,OK,353,817
HDFCLIFE_2019-06-30,HDFCLIFE,HDFC Life Insurance Company Ltd.,2019-06-30,2019-Q2,2019-07-23 15:08:31,during_market,2019-07-22,2019-07-24,NEGATIVE,OK,413,877
HDFCLIFE_2019-09-30,HDFCLIFE,HDFC Life Insurance Company Ltd.,2019-09-30,2019-Q2,2019-10-23 13:39:46,during_market,2019-10-22,2019-10-24,NEUTRAL,OK,472,936
HDFCLIFE_2019-12-31,HDFCLIFE,HDFC Life Insurance Company Ltd.,2019-12-31,2019-Q3,2020-01-24 19:09:05,non_trading_day,2020-01-22,2020-01-26,NEUTRAL,OK,536,1000
HDFCLIFE_2020-03-31,HDFCLIFE,HDFC Life Insurance Company Ltd.,2020-03-31,2020-Q4,2020-04-27 16:19:13,post_market,2020-04-27,2020-04-28,NEUTRAL,OK,598,1062
HDFCLIFE_2020-06-30,HDFCLIFE,HDFC Life Insurance Company Ltd.,2020-06-30,2020-Q1,2020-07-21 14:15:08,during_market,2020-07-20,2020-07-22,POSITIVE,OK,656,1120
HDFCLIFE_2020-09-30,HDFCLIFE,HDFC Life Insurance Company Ltd.,2020-09-30,2020-Q2,2020-10-19 15:51:38,post_market,2020-10-19,2020-10-20,POSITIVE,OK,720,1184
HDFCLIFE_2020-12-31,HDFCLIFE,HDFC Life Insurance Company Ltd.,2020-12-31,2020-Q3,2021-01-22 15:41:50,non_trading_day,2021-01-20,2021-01-24,POSITIVE,OK,785,1249
HDFCLIFE_2021-03-31,HDFCLIFE,HDFC Life Insurance Company Ltd.,2021-03-31,2021-Q1,2021-04-26 17:59:11,post_market,2021-04-26,2021-04-27,NEUTRAL,OK,847,1311
HDFCLIFE_2021-06-30,HDFCLIFE,HDFC Life Insurance Company Ltd.,2021-06-30,2021-Q1,2021-07-19 14:14:26,during_market,2021-07-18,2021-07-21,NEUTRAL,OK,905,1369
HDFCLIFE_2021-09-30,HDFCLIFE,HDFC Life Insurance Company Ltd.,2021-09-30,2021-Q2,2021-10-22 13:52:01,non_trading_day,2021-10-20,2021-10-24,NEUTRAL,OK,969,1433
HDFCLIFE_2021-12-31,HDFCLIFE,HDFC Life Insurance Company Ltd.,2021-12-31,2021-Q3,2022-01-21 14:12:33,non_trading_day,2022-01-19,2022-01-23,NEUTRAL,OK,1032,1496
HDFCLIFE_2022-03-31,HDFCLIFE,HDFC Life Insurance Company Ltd.,2022-03-31,2022-Q4,2022-04-26 22:55:23,post_market,2022-04-26,2022-04-27,POSITIVE,OK,1096,1560
HDFCLIFE_2022-12-31,HDFCLIFE,HDFC Life Insurance Company Ltd.,2022-12-31,2022-Q3,2023-01-20 13:48:34,non_trading_day,2023-01-18,2023-01-22,POSITIVE,OK,1280,1744
HDFCLIFE_2023-03-31,HDFCLIFE,HDFC Life Insurance Company Ltd.,2023-03-31,2023-Q4,2023-04-26 15:40:51,post_market,2023-04-26,2023-04-27,POSITIVE,OK,1344,1808
HDFCLIFE_2023-06-30,HDFCLIFE,HDFC Life Insurance Company Ltd.,2023-06-30,2023-Q1,2023-07-21 14:07:29,non_trading_day,2023-07-19,2023-07-23,NEUTRAL,OK,1402,1866
HDFCLIFE_2023-09-30,HDFCLIFE,HDFC Life Insurance Company Ltd.,2023-09-30,2023-Q3,2023-10-13 14:06:50,non_trading_day,2023-10-11,2023-10-15,NEUTRAL,OK,1459,1923
HDFCLIFE_2023-12-31,HDFCLIFE,HDFC Life Insurance Company Ltd.,2023-12-31,2023-Q3,2024-01-12 14:29:50,non_trading_day,2024-01-10,2024-01-14,NEUTRAL,OK,1520,1984
HDFCLIFE_2024-03-31,HDFCLIFE,HDFC Life Insurance Company Ltd.,2024-03-31,2024-Q4,2024-04-18 14:07:30,during_market,2024-04-17,2024-04-21,NEGATIVE,OK,1583,2047
HDFCLIFE_2024-06-30,HDFCLIFE,HDFC Life Insurance Company Ltd.,2024-06-30,2024-Q1,2024-07-15 14:08:03,during_market,2024-07-12,2024-07-16,NEUTRAL,OK,1641,2105
HDFCLIFE_2024-09-30,HDFCLIFE,HDFC Life Insurance Company Ltd.,2024-09-30,2024-Q2,2024-10-15 14:24:11,during_market,2024-10-14,2024-10-16,POSITIVE,OK,1704,2168
HDFCLIFE_2024-12-31,HDFCLIFE,HDFC Life Insurance Company Ltd.,2024-12-31,2024-Q3,2025-01-15 15:55:49,post_market,2025-01-15,2025-01-16,NEUTRAL,OK,1768,2232
HDFCLIFE_2025-06-30,HDFCLIFE,HDFC Life Insurance Company Ltd.,2025-06-30,2025-Q1,2025-07-15 18:07:38,post_market,2025-07-15,2025-07-16,NEUTRAL,OK,1890,2354
HDFCLIFE_2025-09-30,HDFCLIFE,HDFC Life Insurance Company Ltd.,2025-09-30,2025-Q3,2025-10-15 16:32:05,post_market,2025-10-15,2025-10-16,NEUTRAL,OK,1953,2417
HDFCLIFE_2025-12-31,HDFCLIFE,HDFC Life Insurance Company Ltd.,2025-12-31,2025-Q3,2026-01-15 16:47:34,non_trading_day,2026-01-13,2026-01-16,NEUTRAL,OK,2014,2478
HDFCLIFE_2026-03-31,HDFCLIFE,HDFC Life Insurance Company Ltd.,2026-03-31,2026-Q1,2026-04-16 16:41:29,post_market,2026-04-16,2026-04-17,NEUTRAL,OK,2074,2538
HDFCLIFE_2026-06-30,HDFCLIFE,HDFC Life Insurance Company Ltd.,2026-06-30,2026-Q1,2026-07-15 15:47:39,post_market,2026-07-15,2026-07-16,NEUTRAL,OK,2135,2599
HINDALCO_2015-12-31,HINDALCO,Hindalco Industries Ltd.,2015-12-31,2015-Q3,2016-02-09 15:03:21,during_market,2016-02-08,2016-02-10,NEUTRAL,INSUFFICIENT_HISTORY_return_60d|INSUFFICIENT_HISTORY_volatility_60d|INSUFFICIENT_HISTORY_distance_from_50dma|INSUFFICIENT_HISTORY_distance_from_200dma|INSUFFICIENT_HISTORY_drawdown_from_60d_high|INSUFFICIENT_HISTORY_drawdown_from_252d_high|LIMITED_HISTORY|VERY_LIMITED_HISTORY,27,27
HINDALCO_2016-03-31,HINDALCO,Hindalco Industries Ltd.,2016-03-31,2016-Q4,2016-05-28 14:25:37,non_trading_day,2016-05-25,2016-05-29,POSITIVE,INSUFFICIENT_HISTORY_distance_from_200dma|INSUFFICIENT_HISTORY_drawdown_from_252d_high|VERY_LIMITED_HISTORY,98,98
HINDALCO_2016-06-30,HINDALCO,Hindalco Industries Ltd.,2016-06-30,2016-Q1,2016-08-12 13:17:13,non_trading_day,2016-08-10,2016-08-15,POSITIVE,INSUFFICIENT_HISTORY_distance_from_200dma|INSUFFICIENT_HISTORY_drawdown_from_252d_high|VERY_LIMITED_HISTORY,152,152
HINDALCO_2016-09-30,HINDALCO,Hindalco Industries Ltd.,2016-09-30,2016-Q2,2016-11-12 13:58:40,non_trading_day,2016-11-09,2016-11-14,NEUTRAL,INSUFFICIENT_HISTORY_drawdown_from_252d_high|VERY_LIMITED_HISTORY,211,211
HINDALCO_2016-12-31,HINDALCO,Hindalco Industries Ltd.,2016-12-31,2016-Q3,2017-02-13 13:44:33,during_market,2017-02-12,2017-02-14,NEGATIVE,OK,276,276
HINDALCO_2017-03-31,HINDALCO,Hindalco Industries Ltd.,2017-03-31,2017-Q4,2017-05-30 14:46:51,during_market,2017-05-29,2017-05-31,NEUTRAL,OK,347,347
HINDALCO_2017-06-30,HINDALCO,Hindalco Industries Ltd.,2017-06-30,2017-Q1,2017-08-11 13:39:15,non_trading_day,2017-08-09,2017-08-13,NEUTRAL,OK,398,398
HINDALCO_2017-09-30,HINDALCO,Hindalco Industries Ltd.,2017-09-30,2017-Q2,2017-11-03 13:46:12,non_trading_day,2017-11-01,2017-11-05,NEGATIVE,OK,454,454
HINDALCO_2017-12-31,HINDALCO,Hindalco Industries Ltd.,2017-12-31,2017-Q3,2018-02-02 13:32:31,non_trading_day,2018-01-31,2018-02-04,NEUTRAL,OK,517,517
HINDALCO_2018-03-31,HINDALCO,Hindalco Industries Ltd.,2018-03-31,2018-Q4,2018-05-16 13:39:39,during_market,2018-05-15,2018-05-17,NEUTRAL,OK,586,586
HINDALCO_2018-06-30,HINDALCO,Hindalco Industries Ltd.,2018-06-30,2018-Q1,2018-08-10 14:05:37,non_trading_day,2018-08-08,2018-08-12,NEGATIVE,OK,647,647
HINDALCO_2018-09-30,HINDALCO,Hindalco Industries Ltd.,2018-09-30,2018-Q2,2018-11-02 13:53:46,non_trading_day,2018-10-31,2018-11-04,NEGATIVE,OK,701,701
HINDALCO_2018-12-31,HINDALCO,Hindalco Industries Ltd.,2018-12-31,2018-Q3,2019-02-12 16:42:27,non_trading_day,2019-02-10,2019-02-13,NEUTRAL,OK,770,770
HINDALCO_2019-03-31,HINDALCO,Hindalco Industries Ltd.,2019-03-31,2019-Q4,2019-05-16 17:00:06,post_market,2019-05-16,2019-05-19,NEGATIVE,OK,831,831
HINDALCO_2019-06-30,HINDALCO,Hindalco Industries Ltd.,2019-06-30,2019-Q1,2019-08-09 16:47:16,non_trading_day,2019-08-07,2019-08-12,NEUTRAL,OK,889,889
HINDALCO_2019-09-30,HINDALCO,Hindalco Industries Ltd.,2019-09-30,2019-Q2,2019-11-11 15:56:55,non_trading_day,2019-11-07,2019-11-12,NEUTRAL,OK,948,948
HINDALCO_2019-12-31,HINDALCO,Hindalco Industries Ltd.,2019-12-31,2019-Q3,2020-02-13 13:09:20,during_market,2020-02-12,2020-02-16,NEUTRAL,OK,1015,1015
HINDALCO_2020-03-31,HINDALCO,Hindalco Industries Ltd.,2020-03-31,2020-Q4,2020-06-12 15:33:12,non_trading_day,2020-06-10,2020-06-14,NEUTRAL,OK,1092,1092
HINDALCO_2020-06-30,HINDALCO,Hindalco Industries Ltd.,2020-06-30,2020-Q1,2020-08-14 13:56:08,non_trading_day,2020-08-12,2020-08-16,POSITIVE,OK,1137,1137
HINDALCO_2020-09-30,HINDALCO,Hindalco Industries Ltd.,2020-09-30,2020-Q2,2020-11-10 13:36:07,during_market,2020-11-09,2020-11-11,NEUTRAL,OK,1199,1199
HINDALCO_2020-12-31,HINDALCO,Hindalco Industries Ltd.,2020-12-31,2020-Q3,2021-02-10 13:50:59,during_market,2021-02-09,2021-02-11,POSITIVE,OK,1262,1262
HINDALCO_2021-03-31,HINDALCO,Hindalco Industries Ltd.,2021-03-31,2021-Q4,2021-05-21 14:44:10,non_trading_day,2021-05-19,2021-05-23,NEUTRAL,OK,1327,1327
HINDALCO_2021-06-30,HINDALCO,Hindalco Industries Ltd.,2021-06-30,2021-Q1,2021-08-06 14:19:45,non_trading_day,2021-08-04,2021-08-08,NEUTRAL,OK,1381,1381
HINDALCO_2021-09-30,HINDALCO,Hindalco Industries Ltd.,2021-09-30,2021-Q3,2021-11-12 14:35:56,non_trading_day,2021-11-10,2021-11-14,NEUTRAL,OK,1447,1447
HINDALCO_2021-12-31,HINDALCO,Hindalco Industries Ltd.,2021-12-31,2021-Q3,2022-02-10 14:21:08,during_market,2022-02-09,2022-02-13,NEUTRAL,OK,1510,1510
HINDALCO_2022-03-31,HINDALCO,Hindalco Industries Ltd.,2022-03-31,2022-Q4,2022-05-27 11:23:04,non_trading_day,2022-05-25,2022-05-29,NEUTRAL,OK,1580,1580
HINDALCO_2022-12-31,HINDALCO,Hindalco Industries Ltd.,2022-12-31,2022-Q3,2023-02-10 11:21:35,non_trading_day,2023-02-08,2023-02-12,NEUTRAL,OK,1758,1758
HINDALCO_2023-03-31,HINDALCO,Hindalco Industries Ltd.,2023-03-31,2023-Q4,2023-05-24 14:07:02,during_market,2023-05-23,2023-05-25,NEGATIVE,OK,1826,1826
HINDALCO_2023-06-30,HINDALCO,Hindalco Industries Ltd.,2023-06-30,2023-Q1,2023-08-08 13:27:16,during_market,2023-08-07,2023-08-09,NEGATIVE,OK,1879,1879
HINDALCO_2023-09-30,HINDALCO,Hindalco Industries Ltd.,2023-09-30,2023-Q2,2023-11-10 13:57:59,non_trading_day,2023-11-08,2023-11-12,NEUTRAL,OK,1942,1942
HINDALCO_2023-12-31,HINDALCO,Hindalco Industries Ltd.,2023-12-31,2023-Q3,2024-02-13 13:48:51,during_market,2024-02-12,2024-02-14,NEUTRAL,OK,2005,2005
HINDALCO_2024-03-31,HINDALCO,Hindalco Industries Ltd.,2024-03-31,2024-Q1,2024-05-24 17:41:19,non_trading_day,2024-05-22,2024-05-26,POSITIVE,OK,2070,2070
HINDALCO_2024-06-30,HINDALCO,Hindalco Industries Ltd.,2024-06-30,2024-Q1,2024-08-13 14:05:49,during_market,2024-08-12,2024-08-14,POSITIVE,OK,2125,2125
HINDALCO_2024-09-30,HINDALCO,Hindalco Industries Ltd.,2024-09-30,2024-Q2,2024-11-11 18:54:08,post_market,2024-11-11,2024-11-12,NEUTRAL,OK,2188,2188
HINDALCO_2024-12-31,HINDALCO,Hindalco Industries Ltd.,2024-12-31,2024-Q3,2025-02-13 18:46:44,post_market,2025-02-13,2025-02-14,POSITIVE,OK,2253,2253
HINDALCO_2025-03-31,HINDALCO,Hindalco Industries Ltd.,2025-03-31,2025-Q4,2025-05-20 14:17:51,during_market,2025-05-19,2025-05-21,NEUTRAL,OK,2313,2313
HINDALCO_2025-06-30,HINDALCO,Hindalco Industries Ltd.,2025-06-30,2025-Q1,2025-08-12 14:46:19,during_market,2025-08-11,2025-08-13,NEUTRAL,OK,2373,2373
HINDALCO_2025-09-30,HINDALCO,Hindalco Industries Ltd.,2025-09-30,2025-Q2,2025-11-07 13:42:08,during_market,2025-11-06,2025-11-10,POSITIVE,OK,2431,2431
HINDALCO_2025-12-31,HINDALCO,Hindalco Industries Ltd.,2025-12-31,2025-Q3,2026-02-12 17:06:59,post_market,2026-02-12,2026-02-13,NEGATIVE,OK,2498,2498
HINDALCO_2026-03-31,HINDALCO,Hindalco Industries Ltd.,2026-03-31,2026-Q4,2026-05-22 17:22:17,post_market,2026-05-22,2026-05-25,POSITIVE,OK,2563,2563
HINDALCO_2026-06-30,HINDALCO,Hindalco Industries Ltd.,2026-06-30,2026-Q1,2026-08-07 14:40:26,during_market,2026-08-06,2026-08-10,NEUTRAL,OK,2615,2615
HINDUNILVR_2015-12-31,HINDUNILVR,Hindustan Unilever Ltd.,2015-12-31,2015-Q3,2016-01-15 14:43:28,non_trading_day,2016-01-13,2016-01-17,NEGATIVE,INSUFFICIENT_HISTORY_return_10d|INSUFFICIENT_HISTORY_return_20d|INSUFFICIENT_HISTORY_return_60d|INSUFFICIENT_HISTORY_volatility_20d|INSUFFICIENT_HISTORY_volatility_60d|INSUFFICIENT_HISTORY_volume_ratio_20d|INSUFFICIENT_HISTORY_distance_from_20dma|INSUFFICIENT_HISTORY_distance_from_50dma|INSUFFICIENT_HISTORY_distance_from_200dma|INSUFFICIENT_HISTORY_drawdown_from_20d_high|INSUFFICIENT_HISTORY_drawdown_from_60d_high|INSUFFICIENT_HISTORY_drawdown_from_252d_high|LIMITED_HISTORY|VERY_LIMITED_HISTORY,10,10
HINDUNILVR_2016-03-31,HINDUNILVR,Hindustan Unilever Ltd.,2016-03-31,2016-Q4,2016-05-09 14:33:53,during_market,2016-05-08,2016-05-10,NEGATIVE,INSUFFICIENT_HISTORY_distance_from_200dma|INSUFFICIENT_HISTORY_drawdown_from_252d_high|VERY_LIMITED_HISTORY,85,85
HINDUNILVR_2016-06-30,HINDUNILVR,Hindustan Unilever Ltd.,2016-06-30,2016-Q1,2016-07-18 15:20:25,during_market,2016-07-17,2016-07-19,NEUTRAL,INSUFFICIENT_HISTORY_distance_from_200dma|INSUFFICIENT_HISTORY_drawdown_from_252d_high|VERY_LIMITED_HISTORY,134,134
HINDUNILVR_2016-09-30,HINDUNILVR,Hindustan Unilever Ltd.,2016-09-30,2016-Q2,2016-10-26 15:36:21,post_market,2016-10-26,2016-10-27,NEUTRAL,INSUFFICIENT_HISTORY_drawdown_from_252d_high|VERY_LIMITED_HISTORY,202,202
HINDUNILVR_2016-12-31,HINDUNILVR,Hindustan Unilever Ltd.,2016-12-31,2016-Q3,2017-01-23 15:49:56,post_market,2017-01-23,2017-01-24,NEUTRAL,OK,263,263
HINDUNILVR_2017-03-31,HINDUNILVR,Hindustan Unilever Ltd.,2017-03-31,2017-Q4,2017-05-17 15:55:56,post_market,2017-05-17,2017-05-18,POSITIVE,OK,339,339
HINDUNILVR_2017-06-30,HINDUNILVR,Hindustan Unilever Ltd.,2017-06-30,2017-Q1,2017-07-18 15:33:46,post_market,2017-07-18,2017-07-19,NEUTRAL,OK,382,382
HINDUNILVR_2017-09-30,HINDUNILVR,Hindustan Unilever Ltd.,2017-09-30,2017-Q2,2017-10-25 15:54:19,post_market,2017-10-25,2017-10-26,NEUTRAL,OK,449,449
HINDUNILVR_2017-12-31,HINDUNILVR,Hindustan Unilever Ltd.,2017-12-31,2017-Q3,2018-01-17 16:00:38,post_market,2018-01-17,2018-01-18,NEUTRAL,OK,508,508
HINDUNILVR_2018-03-31,HINDUNILVR,Hindustan Unilever Ltd.,2018-03-31,2018-Q4,2018-05-14 19:00:36,post_market,2018-05-14,2018-05-15,POSITIVE,OK,585,585
HINDUNILVR_2018-06-30,HINDUNILVR,Hindustan Unilever Ltd.,2018-06-30,2018-Q1,2018-07-16 15:38:53,post_market,2018-07-16,2018-07-17,NEUTRAL,OK,630,630
HINDUNILVR_2018-09-30,HINDUNILVR,Hindustan Unilever Ltd.,2018-09-30,2018-Q2,2018-10-12 15:51:57,non_trading_day,2018-10-10,2018-10-14,POSITIVE,OK,687,687
HINDUNILVR_2018-12-31,HINDUNILVR,Hindustan Unilever Ltd.,2018-12-31,2018-Q3,2019-01-17 15:49:54,post_market,2019-01-17,2019-01-20,NEUTRAL,OK,754,754
HINDUNILVR_2019-03-31,HINDUNILVR,Hindustan Unilever Ltd.,2019-03-31,2019-Q4,2019-05-03 16:16:21,non_trading_day,2019-05-01,2019-05-05,POSITIVE,OK,820,820
HINDUNILVR_2019-06-30,HINDUNILVR,Hindustan Unilever Ltd.,2019-06-30,2019-Q2,2019-07-23 15:47:11,post_market,2019-07-23,2019-07-24,NEUTRAL,OK,878,878
HINDUNILVR_2019-09-30,HINDUNILVR,Hindustan Unilever Ltd.,2019-09-30,2019-Q2,2019-10-14 16:15:46,post_market,2019-10-14,2019-10-15,NEUTRAL,OK,931,931
HINDUNILVR_2019-12-31,HINDUNILVR,Hindustan Unilever Ltd.,2019-12-31,2019-Q3,2020-01-31 15:45:10,non_trading_day,2020-01-29,2020-02-02,NEGATIVE,OK,1005,1005
HINDUNILVR_2020-03-31,HINDUNILVR,Hindustan Unilever Ltd.,2020-03-31,2020-Q4,2020-04-30 16:41:00,non_trading_day,2020-04-28,2020-05-03,NEGATIVE,OK,1063,1063
HINDUNILVR_2020-06-30,HINDUNILVR,Hindustan Unilever Ltd.,2020-06-30,2020-Q1,2020-07-21 16:43:28,post_market,2020-07-21,2020-07-22,NEUTRAL,OK,1121,1121
HINDUNILVR_2020-09-30,HINDUNILVR,Hindustan Unilever Ltd.,2020-09-30,2020-Q2,2020-10-20 15:01:22,during_market,2020-10-19,2020-10-21,NEUTRAL,OK,1184,1184
HINDUNILVR_2020-12-31,HINDUNILVR,Hindustan Unilever Ltd.,2020-12-31,2020-Q3,2021-01-27 16:55:01,post_market,2021-01-27,2021-01-28,NEGATIVE,OK,1253,1253
HINDUNILVR_2021-03-31,HINDUNILVR,Hindustan Unilever Ltd.,2021-03-31,2021-Q4,2021-04-29 13:32:10,during_market,2021-04-28,2021-05-02,NEUTRAL,OK,1313,1313
HINDUNILVR_2021-06-30,HINDUNILVR,Hindustan Unilever Ltd.,2021-06-30,2021-Q1,2021-07-22 13:23:15,during_market,2021-07-21,2021-07-25,NEUTRAL,OK,1371,1371
HINDUNILVR_2021-09-30,HINDUNILVR,Hindustan Unilever Ltd.,2021-09-30,2021-Q2,2021-10-19 14:01:14,during_market,2021-10-18,2021-10-20,NEUTRAL,OK,1431,1431
HINDUNILVR_2021-12-31,HINDUNILVR,Hindustan Unilever Ltd.,2021-12-31,2021-Q3,2022-01-20 16:29:14,post_market,2022-01-20,2022-01-23,NEUTRAL,OK,1497,1497
HINDUNILVR_2022-03-31,HINDUNILVR,Hindustan Unilever Ltd.,2022-03-31,2022-Q4,2022-04-28 10:42:05,during_market,2022-04-27,2022-05-01,NEUTRAL,OK,1561,1561
HINDUNILVR_2022-12-31,HINDUNILVR,Hindustan Unilever Ltd.,2022-12-31,2022-Q3,2023-01-19 16:16:57,post_market,2023-01-19,2023-01-22,POSITIVE,OK,1745,1745
HINDUNILVR_2023-03-31,HINDUNILVR,Hindustan Unilever Ltd.,2023-03-31,2023-Q1,2023-04-27 12:53:01,during_market,2023-04-26,2023-05-01,POSITIVE,OK,1808,1808
HINDUNILVR_2023-06-30,HINDUNILVR,Hindustan Unilever Ltd.,2023-06-30,2023-Q1,2023-07-20 15:57:22,post_market,2023-07-20,2023-07-23,NEUTRAL,OK,1867,1867
HINDUNILVR_2023-09-30,HINDUNILVR,Hindustan Unilever Ltd.,2023-09-30,2023-Q2,2023-10-19 15:35:53,post_market,2023-10-19,2023-10-22,NEUTRAL,OK,1929,1929
HINDUNILVR_2023-12-31,HINDUNILVR,Hindustan Unilever Ltd.,2023-12-31,2023-Q3,2024-01-19 19:29:46,non_trading_day,2024-01-17,2024-01-22,NEUTRAL,OK,1989,1989
HINDUNILVR_2024-03-31,HINDUNILVR,Hindustan Unilever Ltd.,2024-03-31,2024-Q4,2024-04-24 16:15:34,post_market,2024-04-24,2024-04-25,NEUTRAL,OK,2052,2052
HINDUNILVR_2024-06-30,HINDUNILVR,Hindustan Unilever Ltd.,2024-06-30,2024-Q1,2024-07-23 15:52:09,post_market,2024-07-23,2024-07-24,NEUTRAL,OK,2111,2111
HINDUNILVR_2024-09-30,HINDUNILVR,Hindustan Unilever Ltd.,2024-09-30,2024-Q2,2024-10-23 17:08:20,post_market,2024-10-23,2024-10-24,NEUTRAL,OK,2175,2175
HINDUNILVR_2024-12-31,HINDUNILVR,Hindustan Unilever Ltd.,2024-12-31,2024-Q3,2025-01-22 16:09:12,post_market,2025-01-22,2025-01-23,POSITIVE,OK,2237,2237
HINDUNILVR_2026-03-31,HINDUNILVR,Hindustan Unilever Ltd.,2026-03-31,2026-Q4,2026-04-30 10:28:34,during_market,2026-04-29,2026-05-04,NEGATIVE,OK,2547,2547
ICICIBANK_2015-12-31,ICICIBANK,ICICI Bank Ltd.,2015-12-31,2015-Q3,2016-01-28 16:03:29,post_market,2016-01-28,2016-01-31,NEGATIVE,INSUFFICIENT_HISTORY_return_20d|INSUFFICIENT_HISTORY_return_60d|INSUFFICIENT_HISTORY_volatility_20d|INSUFFICIENT_HISTORY_volatility_60d|INSUFFICIENT_HISTORY_distance_from_50dma|INSUFFICIENT_HISTORY_distance_from_200dma|INSUFFICIENT_HISTORY_drawdown_from_60d_high|INSUFFICIENT_HISTORY_drawdown_from_252d_high|LIMITED_HISTORY|VERY_LIMITED_HISTORY,20,20
ICICIBANK_2016-03-31,ICICIBANK,ICICI Bank Ltd.,2016-03-31,2016-Q4,2016-04-29 12:02:31,non_trading_day,2016-04-27,2016-05-01,NEGATIVE,INSUFFICIENT_HISTORY_distance_from_200dma|INSUFFICIENT_HISTORY_drawdown_from_252d_high|VERY_LIMITED_HISTORY,78,78
ICICIBANK_2016-06-30,ICICIBANK,ICICI Bank Ltd.,2016-06-30,2016-Q1,2016-07-29 16:39:07,non_trading_day,2016-07-27,2016-07-31,NEGATIVE,INSUFFICIENT_HISTORY_distance_from_200dma|INSUFFICIENT_HISTORY_drawdown_from_252d_high|VERY_LIMITED_HISTORY,142,142
ICICIBANK_2016-09-30,ICICIBANK,ICICI Bank Ltd.,2016-09-30,2016-Q2,2016-11-07 16:09:32,post_market,2016-11-07,2016-11-08,NEUTRAL,INSUFFICIENT_HISTORY_drawdown_from_252d_high|VERY_LIMITED_HISTORY,209,209
ICICIBANK_2016-12-31,ICICIBANK,ICICI Bank Ltd.,2016-12-31,2016-Q3,2017-01-31 15:50:29,post_market,2017-01-31,2017-02-01,NEUTRAL,OK,268,268
ICICIBANK_2017-03-31,ICICIBANK,ICICI Bank Ltd.,2017-03-31,2017-Q4,2017-05-03 18:28:40,post_market,2017-05-03,2017-05-04,NEUTRAL,OK,329,329
ICICIBANK_2017-06-30,ICICIBANK,ICICI Bank Ltd.,2017-06-30,2017-Q2,2017-07-27 17:02:27,post_market,2017-07-27,2017-07-30,NEUTRAL,OK,389,389
ICICIBANK_2017-09-30,ICICIBANK,ICICI Bank Ltd.,2017-09-30,2017-Q2,2017-10-27 16:21:41,non_trading_day,2017-10-25,2017-10-29,POSITIVE,OK,449,449
ICICIBANK_2017-12-31,ICICIBANK,ICICI Bank Ltd.,2017-12-31,2017-Q3,2018-01-31 16:26:15,post_market,2018-01-31,2018-02-01,NEUTRAL,OK,517,517
ICICIBANK_2018-03-31,ICICIBANK,ICICI Bank Ltd.,2018-03-31,2018-Q4,2018-05-07 17:48:55,post_market,2018-05-07,2018-05-08,NEUTRAL,OK,580,580
ICICIBANK_2018-06-30,ICICIBANK,ICICI Bank Ltd.,2018-06-30,2018-Q1,2018-07-27 17:49:27,non_trading_day,2018-07-25,2018-07-29,NEGATIVE,OK,637,637
ICICIBANK_2018-09-30,ICICIBANK,ICICI Bank Ltd.,2018-09-30,2018-Q2,2018-10-26 16:40:30,non_trading_day,2018-10-24,2018-10-28,NEUTRAL,OK,696,696
ICICIBANK_2018-12-31,ICICIBANK,ICICI Bank Ltd.,2018-12-31,2018-Q3,2019-01-30 17:32:44,post_market,2019-01-30,2019-01-31,NEUTRAL,OK,763,763
ICICIBANK_2019-03-31,ICICIBANK,ICICI Bank Ltd.,2019-03-31,2019-Q4,2019-05-06 16:10:41,post_market,2019-05-06,2019-05-07,NEUTRAL,OK,823,823
ICICIBANK_2019-06-30,ICICIBANK,ICICI Bank Ltd.,2019-06-30,2019-Q1,2019-07-27 14:58:18,non_trading_day,2019-07-24,2019-07-28,NEUTRAL,OK,879,879
ICICIBANK_2019-09-30,ICICIBANK,ICICI Bank Ltd.,2019-09-30,2019-Q2,2019-10-26 16:03:05,post_market,2019-10-26,2019-10-28,NEGATIVE,OK,939,939
ICICIBANK_2019-12-31,ICICIBANK,ICICI Bank Ltd.,2019-12-31,2019-Q3,2020-01-25 14:25:36,non_trading_day,2020-01-22,2020-01-26,NEUTRAL,OK,1000,1000
ICICIBANK_2020-03-31,ICICIBANK,ICICI Bank Ltd.,2020-03-31,2020-Q4,2020-05-09 16:15:12,non_trading_day,2020-05-06,2020-05-10,POSITIVE,OK,1068,1068
ICICIBANK_2020-06-30,ICICIBANK,ICICI Bank Ltd.,2020-06-30,2020-Q1,2020-07-25 15:30:02,non_trading_day,2020-07-22,2020-07-26,NEGATIVE,OK,1122,1122
ICICIBANK_2020-09-30,ICICIBANK,ICICI Bank Ltd.,2020-09-30,2020-Q2,2020-10-31 15:44:41,non_trading_day,2020-10-28,2020-11-01,NEUTRAL,OK,1191,1191
ICICIBANK_2020-12-31,ICICIBANK,ICICI Bank Ltd.,2020-12-31,2020-Q3,2021-01-30 15:10:29,non_trading_day,2021-01-27,2021-01-31,NEUTRAL,OK,1253,1253
ICICIBANK_2021-03-31,ICICIBANK,ICICI Bank Ltd.,2021-03-31,2021-Q4,2021-04-24 17:59:32,non_trading_day,2021-04-21,2021-04-25,POSITIVE,OK,1308,1308
ICICIBANK_2021-06-30,ICICIBANK,ICICI Bank Ltd.,2021-06-30,2021-Q1,2021-07-24 16:23:18,non_trading_day,2021-07-21,2021-07-25,NEUTRAL,OK,1371,1371
ICICIBANK_2021-09-30,ICICIBANK,ICICI Bank Ltd.,2021-09-30,2021-Q2,2021-10-23 16:00:00,non_trading_day,2021-10-20,2021-10-24,NEGATIVE,OK,1433,1433
ICICIBANK_2021-12-31,ICICIBANK,ICICI Bank Ltd.,2021-12-31,2021-Q3,2022-01-22 16:17:15,non_trading_day,2022-01-19,2022-01-23,NEUTRAL,OK,1496,1496
ICICIBANK_2022-03-31,ICICIBANK,ICICI Bank Ltd.,2022-03-31,2022-Q4,2022-04-23 16:35:48,non_trading_day,2022-04-20,2022-04-24,NEGATIVE,OK,1556,1556
ICICIBANK_2022-12-31,ICICIBANK,ICICI Bank Ltd.,2022-12-31,2022-Q3,2023-01-21 15:58:57,non_trading_day,2023-01-18,2023-01-22,NEGATIVE,OK,1744,1744
ICICIBANK_2023-03-31,ICICIBANK,ICICI Bank Ltd.,2023-03-31,2023-Q4,2023-04-22 15:42:17,non_trading_day,2023-04-19,2023-04-23,NEUTRAL,OK,1803,1803
ICICIBANK_2023-06-30,ICICIBANK,ICICI Bank Ltd.,2023-06-30,2023-Q1,2023-07-22 15:21:33,non_trading_day,2023-07-19,2023-07-23,NEUTRAL,OK,1866,1866
ICICIBANK_2023-09-30,ICICIBANK,ICICI Bank Ltd.,2023-09-30,2023-Q2,2023-10-21 15:36:47,non_trading_day,2023-10-18,2023-10-22,NEUTRAL,OK,1928,1928
ICICIBANK_2023-12-31,ICICIBANK,ICICI Bank Ltd.,2023-12-31,2023-Q3,2024-01-20 15:35:19,non_trading_day,2024-01-17,2024-01-22,NEGATIVE,OK,1989,1989
ICICIBANK_2024-03-31,ICICIBANK,ICICI Bank Ltd.,2024-03-31,2024-Q4,2024-04-27 16:08:15,non_trading_day,2024-04-24,2024-04-28,NEUTRAL,OK,2052,2052
ICICIBANK_2024-06-30,ICICIBANK,ICICI Bank Ltd.,2024-06-30,2024-Q1,2024-07-27 14:46:32,non_trading_day,2024-07-25,2024-07-29,NEUTRAL,OK,2113,2113
ICICIBANK_2024-09-30,ICICIBANK,ICICI Bank Ltd.,2024-09-30,2024-Q2,2024-10-26 14:00:16,non_trading_day,2024-10-24,2024-10-28,NEUTRAL,OK,2176,2176
ICICIBANK_2024-12-31,ICICIBANK,ICICI Bank Ltd.,2024-12-31,2024-Q3,2025-01-25 14:28:15,non_trading_day,2025-01-23,2025-01-27,NEUTRAL,OK,2238,2238
ICICIBANK_2025-06-30,ICICIBANK,ICICI Bank Ltd.,2025-06-30,2025-Q1,2025-07-19 14:56:03,non_trading_day,2025-07-17,2025-07-21,NEUTRAL,OK,2356,2356
ICICIBANK_2025-09-30,ICICIBANK,ICICI Bank Ltd.,2025-09-30,2025-Q2,2025-10-18 14:41:48,non_trading_day,2025-10-16,2025-10-20,NEUTRAL,OK,2418,2418
ICICIBANK_2025-12-31,ICICIBANK,ICICI Bank Ltd.,2025-12-31,2025-Q3,2026-01-17 15:06:50,non_trading_day,2026-01-14,2026-01-19,NEUTRAL,OK,2479,2479
ICICIBANK_2026-03-31,ICICIBANK,ICICI Bank Ltd.,2026-03-31,2026-Q4,2026-04-18 14:59:55,non_trading_day,2026-04-16,2026-04-20,NEUTRAL,OK,2538,2538
ICICIBANK_2026-06-30,ICICIBANK,ICICI Bank Ltd.,2026-06-30,2026-Q1,2026-07-18 14:23:53,non_trading_day,2026-07-16,2026-07-20,NEUTRAL,OK,2600,2600
INDIGO_2015-12-31,INDIGO,InterGlobe Aviation Ltd.,2015-12-31,2015-Q3,2016-01-21 19:33:14,post_market,2016-01-21,2016-01-24,NEGATIVE,INSUFFICIENT_HISTORY_return_20d|INSUFFICIENT_HISTORY_return_60d|INSUFFICIENT_HISTORY_volatility_20d|INSUFFICIENT_HISTORY_volatility_60d|INSUFFICIENT_HISTORY_volume_ratio_20d|INSUFFICIENT_HISTORY_distance_from_20dma|INSUFFICIENT_HISTORY_distance_from_50dma|INSUFFICIENT_HISTORY_distance_from_200dma|INSUFFICIENT_HISTORY_drawdown_from_20d_high|INSUFFICIENT_HISTORY_drawdown_from_60d_high|INSUFFICIENT_HISTORY_drawdown_from_252d_high|LIMITED_HISTORY|VERY_LIMITED_HISTORY,16,16
INDIGO_2016-03-31,INDIGO,InterGlobe Aviation Ltd.,2016-03-31,2016-Q4,2016-04-29 18:17:59,non_trading_day,2016-04-27,2016-05-01,POSITIVE,INSUFFICIENT_HISTORY_distance_from_200dma|INSUFFICIENT_HISTORY_drawdown_from_252d_high|VERY_LIMITED_HISTORY,78,78
INDIGO_2016-06-30,INDIGO,InterGlobe Aviation Ltd.,2016-06-30,2016-Q1,2016-08-01 15:54:29,post_market,2016-08-01,2016-08-02,NEGATIVE,INSUFFICIENT_HISTORY_distance_from_200dma|INSUFFICIENT_HISTORY_drawdown_from_252d_high|VERY_LIMITED_HISTORY,145,145
INDIGO_2016-09-30,INDIGO,InterGlobe Aviation Ltd.,2016-09-30,2016-Q2,2016-11-08 15:41:03,post_market,2016-11-08,2016-11-09,NEGATIVE,INSUFFICIENT_HISTORY_drawdown_from_252d_high|VERY_LIMITED_HISTORY,210,210
INDIGO_2016-12-31,INDIGO,InterGlobe Aviation Ltd.,2016-12-31,2016-Q3,2017-01-31 15:33:36,post_market,2017-01-31,2017-02-01,NEUTRAL,OK,268,268
INDIGO_2017-03-31,INDIGO,InterGlobe Aviation Ltd.,2017-03-31,2017-Q4,2017-05-09 16:11:21,post_market,2017-05-09,2017-05-10,NEUTRAL,OK,333,333
INDIGO_2017-06-30,INDIGO,InterGlobe Aviation Ltd.,2017-06-30,2017-Q1,2017-07-31 15:40:18,post_market,2017-07-31,2017-08-01,NEUTRAL,OK,391,391
INDIGO_2017-09-30,INDIGO,InterGlobe Aviation Ltd.,2017-09-30,2017-Q2,2017-10-31 15:44:15,post_market,2017-10-31,2017-11-01,NEGATIVE,OK,453,453
INDIGO_2017-12-31,INDIGO,InterGlobe Aviation Ltd.,2017-12-31,2017-Q3,2018-01-24 15:22:21,during_market,2018-01-23,2018-01-28,POSITIVE,OK,512,512
INDIGO_2018-03-31,INDIGO,InterGlobe Aviation Ltd.,2018-03-31,2018-Q4,2018-05-02 15:59:36,post_market,2018-05-02,2018-05-03,NEGATIVE,OK,577,577
INDIGO_2018-06-30,INDIGO,InterGlobe Aviation Ltd.,2018-06-30,2018-Q1,2018-07-30 16:01:42,post_market,2018-07-30,2018-07-31,POSITIVE,OK,640,640
INDIGO_2018-09-30,INDIGO,InterGlobe Aviation Ltd.,2018-09-30,2018-Q2,2018-10-24 15:37:50,post_market,2018-10-24,2018-10-25,NEUTRAL,OK,696,696
INDIGO_2018-12-31,INDIGO,InterGlobe Aviation Ltd.,2018-12-31,2018-Q3,2019-01-23 15:31:36,post_market,2019-01-23,2019-01-24,POSITIVE,OK,758,758
INDIGO_2019-03-31,INDIGO,InterGlobe Aviation Ltd.,2019-03-31,2019-Q4,2019-05-27 17:01:42,post_market,2019-05-27,2019-05-28,NEUTRAL,OK,838,838
INDIGO_2019-06-30,INDIGO,InterGlobe Aviation Ltd.,2019-06-30,2019-Q1,2019-07-19 16:07:32,non_trading_day,2019-07-17,2019-07-21,POSITIVE,OK,874,874
INDIGO_2019-09-30,INDIGO,InterGlobe Aviation Ltd.,2019-09-30,2019-Q2,2019-10-24 16:18:58,post_market,2019-10-24,2019-10-26,NEUTRAL,OK,938,938
INDIGO_2019-12-31,INDIGO,InterGlobe Aviation Ltd.,2019-12-31,2019-Q3,2020-01-27 15:59:29,post_market,2020-01-27,2020-01-28,NEUTRAL,OK,1003,1003
INDIGO_2020-03-31,INDIGO,InterGlobe Aviation Ltd.,2020-03-31,2020-Q4,2020-06-02 15:38:59,post_market,2020-06-02,2020-06-03,NEGATIVE,OK,1086,1086
INDIGO_2020-06-30,INDIGO,InterGlobe Aviation Ltd.,2020-06-30,2020-Q2,2020-07-29 15:49:24,post_market,2020-07-29,2020-07-30,NEUTRAL,OK,1127,1127
INDIGO_2020-09-30,INDIGO,InterGlobe Aviation Ltd.,2020-09-30,2020-Q2,2020-10-29 15:38:46,post_market,2020-10-29,2020-11-01,POSITIVE,OK,1192,1192
INDIGO_2020-12-31,INDIGO,InterGlobe Aviation Ltd.,2020-12-31,2020-Q3,2021-01-28 15:37:55,post_market,2021-01-28,2021-01-31,NEGATIVE,OK,1254,1254
INDIGO_2021-03-31,INDIGO,InterGlobe Aviation Ltd.,2021-03-31,2021-Q4,2021-06-07 10:20:13,during_market,2021-06-06,2021-06-08,NEGATIVE,OK,1339,1339
INDIGO_2021-06-30,INDIGO,InterGlobe Aviation Ltd.,2021-06-30,2021-Q1,2021-07-27 16:14:16,post_market,2021-07-27,2021-07-28,NEUTRAL,OK,1375,1375
INDIGO_2021-09-30,INDIGO,InterGlobe Aviation Ltd.,2021-09-30,2021-Q3,2021-10-28 17:54:55,post_market,2021-10-28,2021-10-31,NEUTRAL,OK,1439,1439
INDIGO_2021-12-31,INDIGO,InterGlobe Aviation Ltd.,2021-12-31,2022-Q4,2022-02-04 17:59:08,non_trading_day,2022-02-02,2022-02-06,NEUTRAL,OK,1505,1505
INDIGO_2022-03-31,INDIGO,InterGlobe Aviation Ltd.,2022-03-31,2022-Q4,2022-05-25 16:13:48,post_market,2022-05-25,2022-05-26,NEUTRAL,OK,1580,1580
INDIGO_2022-12-31,INDIGO,InterGlobe Aviation Ltd.,2022-12-31,2022-Q3,2023-02-03 16:09:56,non_trading_day,2023-02-01,2023-02-05,NEGATIVE,OK,1753,1753
INDIGO_2023-03-31,INDIGO,InterGlobe Aviation Ltd.,2023-03-31,2023-Q4,2023-05-18 15:51:06,post_market,2023-05-18,2023-05-21,NEUTRAL,OK,1823,1823
INDIGO_2023-06-30,INDIGO,InterGlobe Aviation Ltd.,2023-06-30,2023-Q1,2023-08-02 16:08:20,post_market,2023-08-02,2023-08-03,POSITIVE,OK,1876,1876
INDIGO_2023-09-30,INDIGO,InterGlobe Aviation Ltd.,2023-09-30,2023-Q2,2023-11-03 15:53:35,non_trading_day,2023-11-01,2023-11-05,NEUTRAL,OK,1937,1937
INDIGO_2023-12-31,INDIGO,InterGlobe Aviation Ltd.,2023-12-31,2023-Q3,2024-02-02 15:52:55,non_trading_day,2024-01-31,2024-02-04,NEUTRAL,OK,1997,1997
INDIGO_2024-03-31,INDIGO,InterGlobe Aviation Ltd.,2024-03-31,2024-Q4,2024-05-23 16:20:27,post_market,2024-05-23,2024-05-26,NEUTRAL,OK,2071,2071
INDIGO_2024-06-30,INDIGO,InterGlobe Aviation Ltd.,2024-06-30,2024-Q1,2024-07-26 15:31:11,post_market,2024-07-26,2024-07-29,NEUTRAL,OK,2114,2114
INDIGO_2024-09-30,INDIGO,InterGlobe Aviation Ltd.,2024-09-30,2024-Q2,2024-10-25 15:57:29,post_market,2024-10-25,2024-10-28,NEUTRAL,OK,2177,2177
INDIGO_2024-12-31,INDIGO,InterGlobe Aviation Ltd.,2024-12-31,2024-Q3,2025-01-24 16:03:00,post_market,2025-01-24,2025-01-27,NEUTRAL,OK,2239,2239
INDIGO_2025-03-31,INDIGO,InterGlobe Aviation Ltd.,2025-03-31,2025-Q4,2025-05-21 16:20:10,post_market,2025-05-21,2025-05-22,NEGATIVE,OK,2315,2315
INDIGO_2025-06-30,INDIGO,InterGlobe Aviation Ltd.,2025-06-30,2025-Q1,2025-07-30 16:02:05,post_market,2025-07-30,2025-07-31,NEUTRAL,OK,2365,2365
INDIGO_2025-09-30,INDIGO,InterGlobe Aviation Ltd.,2025-09-30,2025-Q2,2025-11-04 16:00:43,post_market,2025-11-04,2025-11-06,NEUTRAL,OK,2430,2430
INDIGO_2025-12-31,INDIGO,InterGlobe Aviation Ltd.,2025-12-31,2025-Q3,2026-01-22 16:10:44,post_market,2026-01-22,2026-01-23,NEGATIVE,OK,2484,2484
INDIGO_2026-03-31,INDIGO,InterGlobe Aviation Ltd.,2026-03-31,2026-Q4,2026-05-29 16:12:49,post_market,2026-05-29,2026-06-01,NEUTRAL,OK,2567,2567
INDIGO_2026-06-30,INDIGO,InterGlobe Aviation Ltd.,2026-06-30,2026-Q1,2026-07-23 15:40:32,post_market,2026-07-23,2026-07-24,POSITIVE,OK,2605,2605
INFY_2015-12-31,INFY,Infosys Ltd.,2015-12-31,2015-Q3,2016-01-14 09:26:52,during_market,2016-01-13,2016-01-17,NEUTRAL,INSUFFICIENT_HISTORY_return_10d|INSUFFICIENT_HISTORY_return_20d|INSUFFICIENT_HISTORY_return_60d|INSUFFICIENT_HISTORY_volatility_20d|INSUFFICIENT_HISTORY_volatility_60d|INSUFFICIENT_HISTORY_volume_ratio_20d|INSUFFICIENT_HISTORY_distance_from_20dma|INSUFFICIENT_HISTORY_distance_from_50dma|INSUFFICIENT_HISTORY_distance_from_200dma|INSUFFICIENT_HISTORY_drawdown_from_20d_high|INSUFFICIENT_HISTORY_drawdown_from_60d_high|INSUFFICIENT_HISTORY_drawdown_from_252d_high|LIMITED_HISTORY|VERY_LIMITED_HISTORY,10,10
INFY_2016-03-31,INFY,Infosys Ltd.,2016-03-31,2016-Q4,2016-04-15 09:40:45,non_trading_day,2016-04-11,2016-04-17,NEGATIVE,INSUFFICIENT_HISTORY_distance_from_200dma|INSUFFICIENT_HISTORY_drawdown_from_252d_high|VERY_LIMITED_HISTORY,69,69
INFY_2016-06-30,INFY,Infosys Ltd.,2016-06-30,2016-Q1,2016-07-15 10:07:52,non_trading_day,2016-07-13,2016-07-17,NEUTRAL,INSUFFICIENT_HISTORY_distance_from_200dma|INSUFFICIENT_HISTORY_drawdown_from_252d_high|VERY_LIMITED_HISTORY,132,132
INFY_2016-09-30,INFY,Infosys Ltd.,2016-09-30,2016-Q2,2016-10-14 09:39:16,non_trading_day,2016-10-12,2016-10-16,NEUTRAL,INSUFFICIENT_HISTORY_distance_from_200dma|INSUFFICIENT_HISTORY_drawdown_from_252d_high|VERY_LIMITED_HISTORY,192,192
INFY_2016-12-31,INFY,Infosys Ltd.,2016-12-31,2016-Q3,2017-01-13 09:04:09,non_trading_day,2017-01-11,2017-01-15,NEUTRAL,OK,255,255
INFY_2017-03-31,INFY,Infosys Ltd.,2017-03-31,2017-Q4,2017-04-13 08:50:55,non_trading_day,2017-04-11,2017-04-16,NEUTRAL,OK,315,315
INFY_2017-06-30,INFY,Infosys Ltd.,2017-06-30,2017-Q1,2017-07-14 08:51:53,non_trading_day,2017-07-12,2017-07-16,NEUTRAL,OK,378,378
INFY_2017-09-30,INFY,Infosys Ltd.,2017-09-30,2017-Q2,2017-10-24 15:43:00,post_market,2017-10-24,2017-10-25,NEGATIVE,OK,448,448
INFY_2017-12-31,INFY,Infosys Ltd.,2017-12-31,2017-Q3,2018-01-12 15:47:41,non_trading_day,2018-01-10,2018-01-14,POSITIVE,OK,503,503
INFY_2018-03-31,INFY,Infosys Ltd.,2018-03-31,2018-Q4,2018-04-13 16:38:22,non_trading_day,2018-04-11,2018-04-15,NEUTRAL,OK,563,563
INFY_2018-06-30,INFY,Infosys Ltd.,2018-06-30,2018-Q1,2018-07-13 16:17:32,non_trading_day,2018-07-11,2018-07-15,NEUTRAL,OK,627,627
INFY_2018-09-30,INFY,Infosys Ltd.,2018-09-30,2018-Q2,2018-10-16 15:53:22,post_market,2018-10-16,2018-10-18,NEGATIVE,OK,691,691
INFY_2018-12-31,INFY,Infosys Ltd.,2018-12-31,2018-Q3,2019-01-12 20:23:09,non_trading_day,2019-01-09,2019-01-13,POSITIVE,OK,748,748
INFY_2019-03-31,INFY,Infosys Ltd.,2019-03-31,2019-Q4,2019-04-12 16:03:12,non_trading_day,2019-04-10,2019-04-14,NEUTRAL,OK,809,809
INFY_2019-06-30,INFY,Infosys Ltd.,2019-06-30,2019-Q1,2019-07-12 16:06:21,non_trading_day,2019-07-10,2019-07-14,NEUTRAL,OK,869,869
INFY_2019-09-30,INFY,Infosys Ltd.,2019-09-30,2019-Q2,2019-10-11 21:06:41,non_trading_day,2019-10-09,2019-10-13,NEGATIVE,OK,928,928
INFY_2019-12-31,INFY,Infosys Ltd.,2019-12-31,2019-Q3,2020-01-10 16:09:23,non_trading_day,2020-01-08,2020-01-12,NEUTRAL,OK,990,990
INFY_2020-03-31,INFY,Infosys Ltd.,2020-03-31,2020-Q4,2020-04-20 17:18:11,post_market,2020-04-20,2020-04-21,POSITIVE,OK,1057,1057
INFY_2020-06-30,INFY,Infosys Ltd.,2020-06-30,2020-Q1,2020-07-15 16:21:00,post_market,2020-07-15,2020-07-16,NEUTRAL,OK,1117,1117
INFY_2020-09-30,INFY,Infosys Ltd.,2020-09-30,2020-Q2,2020-10-14 16:10:24,post_market,2020-10-14,2020-10-15,NEUTRAL,OK,1181,1181
INFY_2020-12-31,INFY,Infosys Ltd.,2020-12-31,2020-Q3,2021-01-13 21:56:09,post_market,2021-01-13,2021-01-14,NEGATIVE,OK,1244,1244
INFY_2021-03-31,INFY,Infosys Ltd.,2021-03-31,2021-Q4,2021-04-14 16:09:03,post_market,2021-04-14,2021-04-15,NEUTRAL,OK,1304,1304
INFY_2021-06-30,INFY,Infosys Ltd.,2021-06-30,2021-Q1,2021-07-14 16:13:35,post_market,2021-07-14,2021-07-15,POSITIVE,OK,1367,1367
INFY_2021-09-30,INFY,Infosys Ltd.,2021-09-30,2021-Q2,2021-10-13 16:13:22,post_market,2021-10-13,2021-10-17,NEUTRAL,OK,1429,1429
INFY_2021-12-31,INFY,Infosys Ltd.,2021-12-31,2021-Q3,2022-01-12 16:10:13,post_market,2022-01-12,2022-01-13,NEUTRAL,OK,1491,1491
INFY_2022-03-31,INFY,Infosys Ltd.,2022-03-31,2022-Q4,2022-04-13 16:27:56,non_trading_day,2022-04-11,2022-04-17,NEUTRAL,OK,1551,1551
INFY_2022-12-31,INFY,Infosys Ltd.,2022-12-31,2022-Q3,2023-01-12 15:38:16,post_market,2023-01-12,2023-01-15,NEUTRAL,OK,1740,1740
INFY_2023-03-31,INFY,Infosys Ltd.,2023-03-31,2023-Q4,2023-04-13 16:09:57,non_trading_day,2023-04-11,2023-04-16,NEGATIVE,OK,1798,1798
INFY_2023-06-30,INFY,Infosys Ltd.,2023-06-30,2023-Q1,2023-07-20 15:53:42,post_market,2023-07-20,2023-07-23,NEUTRAL,OK,1867,1867
INFY_2023-09-30,INFY,Infosys Ltd.,2023-09-30,2023-Q2,2023-10-12 15:59:02,post_market,2023-10-12,2023-10-15,NEUTRAL,OK,1924,1924
INFY_2023-12-31,INFY,Infosys Ltd.,2023-12-31,2023-Q3,2024-01-11 16:09:00,post_market,2024-01-11,2024-01-14,POSITIVE,OK,1985,1985
INFY_2024-03-31,INFY,Infosys Ltd.,2024-03-31,2024-Q4,2024-04-19 11:23:49,non_trading_day,2024-04-17,2024-04-21,NEUTRAL,OK,2047,2047
INFY_2024-06-30,INFY,Infosys Ltd.,2024-06-30,2024-Q1,2024-07-18 15:38:46,post_market,2024-07-18,2024-07-19,POSITIVE,OK,2108,2108
INFY_2024-09-30,INFY,Infosys Ltd.,2024-09-30,2024-Q2,2024-10-17 15:39:01,post_market,2024-10-17,2024-10-18,NEUTRAL,OK,2171,2171
INFY_2024-12-31,INFY,Infosys Ltd.,2024-12-31,2024-Q3,2025-01-16 15:55:31,post_market,2025-01-16,2025-01-17,POSITIVE,OK,2233,2233
INFY_2025-06-30,INFY,Infosys Ltd.,2025-06-30,2025-Q1,2025-07-23 15:36:52,post_market,2025-07-23,2025-07-24,NEUTRAL,OK,2360,2360
INFY_2025-09-30,INFY,Infosys Ltd.,2025-09-30,2025-Q2,2025-10-16 16:06:54,post_market,2025-10-16,2025-10-17,POSITIVE,OK,2418,2418
INFY_2025-12-31,INFY,Infosys Ltd.,2025-12-31,2025-Q3,2026-01-14 16:05:05,post_market,2026-01-14,2026-01-16,NEUTRAL,OK,2479,2479
INFY_2026-03-31,INFY,Infosys Ltd.,2026-03-31,2026-Q4,2026-04-23 17:01:01,post_market,2026-04-23,2026-04-24,NEUTRAL,OK,2543,2543
INFY_2026-06-30,INFY,Infosys Ltd.,2026-06-30,2026-Q1,2026-07-23 16:20:26,post_market,2026-07-23,2026-07-24,POSITIVE,OK,2605,2605
ITC_2015-12-31,ITC,ITC Ltd.,2015-12-31,2015-Q3,2016-01-22 15:27:07,non_trading_day,2016-01-20,2016-01-24,POSITIVE,INSUFFICIENT_HISTORY_return_20d|INSUFFICIENT_HISTORY_return_60d|INSUFFICIENT_HISTORY_volatility_20d|INSUFFICIENT_HISTORY_volatility_60d|INSUFFICIENT_HISTORY_volume_ratio_20d|INSUFFICIENT_HISTORY_distance_from_20dma|INSUFFICIENT_HISTORY_distance_from_50dma|INSUFFICIENT_HISTORY_distance_from_200dma|INSUFFICIENT_HISTORY_drawdown_from_20d_high|INSUFFICIENT_HISTORY_drawdown_from_60d_high|INSUFFICIENT_HISTORY_drawdown_from_252d_high|LIMITED_HISTORY|VERY_LIMITED_HISTORY,15,15
ITC_2016-03-31,ITC,ITC Ltd.,2016-03-31,2016-Q4,2016-05-20 15:13:37,non_trading_day,2016-05-18,2016-05-22,NEUTRAL,INSUFFICIENT_HISTORY_distance_from_200dma|INSUFFICIENT_HISTORY_drawdown_from_252d_high|VERY_LIMITED_HISTORY,93,93
ITC_2016-06-30,ITC,ITC Ltd.,2016-06-30,2016-Q1,2016-07-21 17:27:58,post_market,2016-07-21,2016-07-24,NEUTRAL,INSUFFICIENT_HISTORY_distance_from_200dma|INSUFFICIENT_HISTORY_drawdown_from_252d_high|VERY_LIMITED_HISTORY,138,138
ITC_2016-09-30,ITC,ITC Ltd.,2016-09-30,2016-Q2,2016-10-26 13:56:53,during_market,2016-10-25,2016-10-27,NEUTRAL,INSUFFICIENT_HISTORY_drawdown_from_252d_high|VERY_LIMITED_HISTORY,201,201
ITC_2016-12-31,ITC,ITC Ltd.,2016-12-31,2016-Q3,2017-01-27 13:19:38,non_trading_day,2017-01-24,2017-01-29,POSITIVE,OK,264,264
ITC_2017-03-31,ITC,ITC Ltd.,2017-03-31,2017-Q4,2017-05-26 14:46:08,non_trading_day,2017-05-24,2017-05-28,NEUTRAL,OK,344,344
ITC_2017-06-30,ITC,ITC Ltd.,2017-06-30,2017-Q1,2017-07-27 18:41:25,post_market,2017-07-27,2017-07-30,NEUTRAL,OK,389,389
ITC_2017-09-30,ITC,ITC Ltd.,2017-09-30,2017-Q2,2017-10-27 14:49:27,non_trading_day,2017-10-25,2017-10-29,NEUTRAL,OK,449,449
ITC_2017-12-31,ITC,ITC Ltd.,2017-12-31,2018-Q4,2018-01-19 13:04:44,non_trading_day,2018-01-17,2018-01-21,NEUTRAL,OK,508,508
ITC_2018-03-31,ITC,ITC Ltd.,2018-03-31,2018-Q4,2018-05-16 13:41:34,during_market,2018-05-15,2018-05-17,NEUTRAL,OK,586,586
ITC_2018-06-30,ITC,ITC Ltd.,2018-06-30,2018-Q1,2018-07-26 17:14:13,post_market,2018-07-26,2018-07-29,NEUTRAL,OK,638,638
ITC_2018-09-30,ITC,ITC Ltd.,2018-09-30,2018-Q2,2018-10-26 14:05:46,non_trading_day,2018-10-24,2018-10-28,NEGATIVE,OK,696,696
ITC_2018-12-31,ITC,ITC Ltd.,2018-12-31,2018-Q3,2019-01-23 14:19:18,during_market,2019-01-22,2019-01-24,NEUTRAL,OK,757,757
ITC_2019-03-31,ITC,ITC Ltd.,2019-03-31,2019-Q4,2019-05-13 14:45:48,during_market,2019-05-12,2019-05-14,NEGATIVE,OK,827,827
ITC_2019-06-30,ITC,ITC Ltd.,2019-06-30,2019-Q1,2019-08-02 18:35:42,non_trading_day,2019-07-31,2019-08-04,NEGATIVE,OK,884,884
ITC_2019-09-30,ITC,ITC Ltd.,2019-09-30,2019-Q2,2019-10-24 17:21:15,post_market,2019-10-24,2019-10-26,NEUTRAL,OK,938,938
ITC_2019-12-31,ITC,ITC Ltd.,2019-12-31,2019-Q3,2020-01-31 19:51:47,non_trading_day,2020-01-29,2020-02-02,NEUTRAL,OK,1005,1005
ITC_2020-03-31,ITC,ITC Ltd.,2020-03-31,2020-Q4,2020-06-26 18:48:03,non_trading_day,2020-06-24,2020-06-28,POSITIVE,OK,1102,1102
ITC_2020-06-30,ITC,ITC Ltd.,2020-06-30,2020-Q1,2020-07-24 19:32:54,non_trading_day,2020-07-22,2020-07-26,NEUTRAL,OK,1122,1122
ITC_2020-09-30,ITC,ITC Ltd.,2020-09-30,2020-Q2,2020-11-06 20:36:02,non_trading_day,2020-11-04,2020-11-08,POSITIVE,OK,1196,1196
ITC_2020-12-31,ITC,ITC Ltd.,2020-12-31,2020-Q3,2021-02-11 20:12:26,post_market,2021-02-11,2021-02-14,NEUTRAL,OK,1264,1264
ITC_2021-03-31,ITC,ITC Ltd.,2021-03-31,2021-Q4,2021-06-01 18:58:48,post_market,2021-06-01,2021-06-02,NEUTRAL,OK,1336,1336
ITC_2021-06-30,ITC,ITC Ltd.,2021-06-30,2021-Q1,2021-07-24 19:46:37,non_trading_day,2021-07-21,2021-07-25,NEGATIVE,OK,1371,1371
ITC_2021-09-30,ITC,ITC Ltd.,2021-09-30,2021-Q2,2021-10-27 20:14:30,post_market,2021-10-27,2021-10-28,NEUTRAL,OK,1438,1438
ITC_2021-12-31,ITC,ITC Ltd.,2021-12-31,2021-Q3,2022-02-03 21:03:00,post_market,2022-02-03,2022-02-06,NEUTRAL,OK,1506,1506
ITC_2022-03-31,ITC,ITC Ltd.,2022-03-31,2022-Q4,2022-05-18 18:29:30,post_market,2022-05-18,2022-05-19,NEUTRAL,OK,1575,1575
ITC_2022-12-31,ITC,ITC Ltd.,2022-12-31,2022-Q3,2023-02-03 17:09:22,non_trading_day,2023-02-01,2023-02-05,NEGATIVE,OK,1753,1753
ITC_2023-03-31,ITC,ITC Ltd.,2023-03-31,2023-Q4,2023-05-18 14:40:18,during_market,2023-05-17,2023-05-21,POSITIVE,OK,1822,1822
ITC_2023-06-30,ITC,ITC Ltd.,2023-06-30,2023-Q2,2023-08-14 16:36:50,non_trading_day,2023-08-10,2023-08-15,NEUTRAL,OK,1882,1882
ITC_2023-09-30,ITC,ITC Ltd.,2023-09-30,2023-Q2,2023-10-19 20:14:30,post_market,2023-10-19,2023-10-22,NEUTRAL,OK,1929,1929
ITC_2023-12-31,ITC,ITC Ltd.,2023-12-31,2023-Q3,2024-01-29 18:37:40,post_market,2024-01-29,2024-01-30,NEUTRAL,OK,1995,1995
ITC_2024-03-31,ITC,ITC Ltd.,2024-03-31,2024-Q4,2024-05-23 14:07:36,during_market,2024-05-22,2024-05-26,NEUTRAL,OK,2070,2070
ITC_2024-06-30,ITC,ITC Ltd.,2024-06-30,2024-Q1,2024-08-01 16:16:51,post_market,2024-08-01,2024-08-02,POSITIVE,OK,2118,2118
ITC_2024-09-30,ITC,ITC Ltd.,2024-09-30,2024-Q2,2024-10-24 19:14:21,post_market,2024-10-24,2024-10-25,NEUTRAL,OK,2176,2176
ITC_2024-12-31,ITC,ITC Ltd.,2024-12-31,2024-Q3,2025-02-06 18:37:02,post_market,2025-02-06,2025-02-07,NEGATIVE,OK,2248,2248
ITC_2025-03-31,ITC,ITC Ltd.,2025-03-31,2025-Q4,2025-05-22 16:51:00,post_market,2025-05-22,2025-05-23,NEGATIVE,OK,2316,2316
ITC_2025-06-30,ITC,ITC Ltd.,2025-06-30,2025-Q2,2025-08-01 17:23:13,post_market,2025-08-01,2025-08-04,NEUTRAL,OK,2367,2367
ITC_2025-09-30,ITC,ITC Ltd.,2025-09-30,2025-Q2,2025-10-30 16:26:13,post_market,2025-10-30,2025-10-31,NEGATIVE,OK,2427,2427
ITC_2025-12-31,ITC,ITC Ltd.,2025-12-31,2025-Q3,2026-01-29 18:37:26,post_market,2026-01-29,2026-01-30,NEGATIVE,OK,2488,2488
ITC_2026-03-31,ITC,ITC Ltd.,2026-03-31,2026-Q4,2026-05-21 15:22:20,during_market,2026-05-20,2026-05-22,NEGATIVE,OK,2561,2561
ITC_2026-06-30,ITC,ITC Ltd.,2026-06-30,2026-Q1,2026-07-31 16:31:22,post_market,2026-07-31,2026-08-03,NEUTRAL,OK,2611,2611
JIOFIN_2023-09-30,JIOFIN,Jio Financial Services Ltd.,2023-09-30,2023-Q2,2023-10-16 17:51:49,post_market,2023-10-16,2023-10-17,NEGATIVE,INSUFFICIENT_HISTORY_return_60d|INSUFFICIENT_HISTORY_volatility_60d|INSUFFICIENT_HISTORY_distance_from_50dma|INSUFFICIENT_HISTORY_distance_from_200dma|INSUFFICIENT_HISTORY_drawdown_from_60d_high|INSUFFICIENT_HISTORY_drawdown_from_252d_high|LIMITED_HISTORY|VERY_LIMITED_HISTORY,40,1926
JIOFIN_2023-12-31,JIOFIN,Jio Financial Services Ltd.,2023-12-31,2023-Q3,2024-01-15 18:23:47,post_market,2024-01-15,2024-01-16,NEUTRAL,INSUFFICIENT_HISTORY_distance_from_200dma|INSUFFICIENT_HISTORY_drawdown_from_252d_high|VERY_LIMITED_HISTORY,101,1987
JIOFIN_2024-03-31,JIOFIN,Jio Financial Services Ltd.,2024-03-31,2024-Q4,2024-04-19 17:47:50,non_trading_day,2024-04-17,2024-04-21,NEUTRAL,INSUFFICIENT_HISTORY_distance_from_200dma|INSUFFICIENT_HISTORY_drawdown_from_252d_high|VERY_LIMITED_HISTORY,161,2047
JIOFIN_2024-06-30,JIOFIN,Jio Financial Services Ltd.,2024-06-30,2024-Q1,2024-07-15 19:03:39,post_market,2024-07-15,2024-07-16,NEUTRAL,INSUFFICIENT_HISTORY_drawdown_from_252d_high|VERY_LIMITED_HISTORY,220,2106
JIOFIN_2024-09-30,JIOFIN,Jio Financial Services Ltd.,2024-09-30,2024-Q3,2024-10-18 17:54:33,post_market,2024-10-18,2024-10-21,NEUTRAL,OK,286,2172
JIOFIN_2024-12-31,JIOFIN,Jio Financial Services Ltd.,2024-12-31,2024-Q3,2025-01-17 18:03:01,post_market,2025-01-17,2025-01-20,NEGATIVE,OK,348,2234
JIOFIN_2025-03-31,JIOFIN,Jio Financial Services Ltd.,2025-03-31,2025-Q1,2025-04-17 19:17:14,post_market,2025-04-17,2025-04-21,POSITIVE,OK,407,2293
JIOFIN_2025-12-31,JIOFIN,Jio Financial Services Ltd.,2025-12-31,2025-Q3,2026-01-15 16:26:35,non_trading_day,2026-01-13,2026-01-16,NEGATIVE,OK,592,2478
JSWSTEEL_2015-12-31,JSWSTEEL,JSW Steel Ltd.,2015-12-31,2015-Q3,2016-01-29 15:25:58,non_trading_day,2016-01-27,2016-01-31,NEUTRAL,INSUFFICIENT_HISTORY_return_20d|INSUFFICIENT_HISTORY_return_60d|INSUFFICIENT_HISTORY_volatility_20d|INSUFFICIENT_HISTORY_volatility_60d|INSUFFICIENT_HISTORY_volume_ratio_20d|INSUFFICIENT_HISTORY_distance_from_20dma|INSUFFICIENT_HISTORY_distance_from_50dma|INSUFFICIENT_HISTORY_distance_from_200dma|INSUFFICIENT_HISTORY_drawdown_from_20d_high|INSUFFICIENT_HISTORY_drawdown_from_60d_high|INSUFFICIENT_HISTORY_drawdown_from_252d_high|LIMITED_HISTORY|VERY_LIMITED_HISTORY,19,19
JSWSTEEL_2016-03-31,JSWSTEEL,JSW Steel Ltd.,2016-03-31,2016-Q4,2016-05-18 15:06:26,during_market,2016-05-17,2016-05-19,NEGATIVE,INSUFFICIENT_HISTORY_distance_from_200dma|INSUFFICIENT_HISTORY_drawdown_from_252d_high|VERY_LIMITED_HISTORY,92,92
JSWSTEEL_2016-06-30,JSWSTEEL,JSW Steel Ltd.,2016-06-30,2016-Q1,2016-07-27 15:01:40,during_market,2016-07-26,2016-07-28,NEUTRAL,INSUFFICIENT_HISTORY_distance_from_200dma|INSUFFICIENT_HISTORY_drawdown_from_252d_high|VERY_LIMITED_HISTORY,141,141
JSWSTEEL_2016-09-30,JSWSTEEL,JSW Steel Ltd.,2016-09-30,2016-Q2,2016-10-27 15:27:14,during_market,2016-10-26,2016-10-31,NEGATIVE,INSUFFICIENT_HISTORY_drawdown_from_252d_high|VERY_LIMITED_HISTORY,202,202
JSWSTEEL_2016-12-31,JSWSTEEL,JSW Steel Ltd.,2016-12-31,2016-Q3,2017-01-31 15:15:59,during_market,2017-01-30,2017-02-01,NEGATIVE,OK,267,267
JSWSTEEL_2017-03-31,JSWSTEEL,JSW Steel Ltd.,2017-03-31,2017-Q4,2017-05-17 15:56:37,post_market,2017-05-17,2017-05-18,NEUTRAL,OK,339,339
JSWSTEEL_2017-06-30,JSWSTEEL,JSW Steel Ltd.,2017-06-30,2017-Q1,2017-08-01 15:28:34,during_market,2017-07-31,2017-08-02,POSITIVE,OK,391,391
JSWSTEEL_2017-09-30,JSWSTEEL,JSW Steel Ltd.,2017-09-30,2017-Q2,2017-10-31 15:43:53,post_market,2017-10-31,2017-11-01,NEUTRAL,OK,453,453
JSWSTEEL_2017-12-31,JSWSTEEL,JSW Steel Ltd.,2017-12-31,2017-Q3,2018-01-31 15:22:46,during_market,2018-01-30,2018-02-01,NEUTRAL,OK,516,516
JSWSTEEL_2018-03-31,JSWSTEEL,JSW Steel Ltd.,2018-03-31,2018-Q4,2018-05-17 11:54:59,during_market,2018-05-16,2018-05-20,POSITIVE,OK,587,587
JSWSTEEL_2018-06-30,JSWSTEEL,JSW Steel Ltd.,2018-06-30,2018-Q1,2018-07-25 15:10:49,during_market,2018-07-24,2018-07-26,NEUTRAL,OK,636,636
JSWSTEEL_2018-09-30,JSWSTEEL,JSW Steel Ltd.,2018-09-30,2018-Q2,2018-10-25 15:21:03,during_market,2018-10-24,2018-10-28,NEUTRAL,OK,696,696
JSWSTEEL_2018-12-31,JSWSTEEL,JSW Steel Ltd.,2018-12-31,2018-Q3,2019-02-06 15:18:27,during_market,2019-02-05,2019-02-07,POSITIVE,OK,767,767
JSWSTEEL_2019-03-31,JSWSTEEL,JSW Steel Ltd.,2019-03-31,2019-Q4,2019-05-24 15:08:50,non_trading_day,2019-05-22,2019-05-26,NEGATIVE,OK,835,835
JSWSTEEL_2019-06-30,JSWSTEEL,JSW Steel Ltd.,2019-06-30,2019-Q1,2019-07-26 15:17:55,non_trading_day,2019-07-24,2019-07-28,NEGATIVE,OK,879,879
JSWSTEEL_2019-09-30,JSWSTEEL,JSW Steel Ltd.,2019-09-30,2019-Q2,2019-10-23 15:26:03,during_market,2019-10-22,2019-10-24,POSITIVE,OK,936,936
JSWSTEEL_2019-12-31,JSWSTEEL,JSW Steel Ltd.,2019-12-31,2019-Q3,2020-01-24 15:35:13,non_trading_day,2020-01-22,2020-01-26,NEUTRAL,OK,1000,1000
JSWSTEEL_2020-03-31,JSWSTEEL,JSW Steel Ltd.,2020-03-31,2020-Q4,2020-05-22 16:02:41,non_trading_day,2020-05-20,2020-05-25,NEUTRAL,OK,1078,1078
JSWSTEEL_2020-06-30,JSWSTEEL,JSW Steel Ltd.,2020-06-30,2020-Q1,2020-07-24 15:37:38,non_trading_day,2020-07-22,2020-07-26,POSITIVE,OK,1122,1122
JSWSTEEL_2020-09-30,JSWSTEEL,JSW Steel Ltd.,2020-09-30,2020-Q2,2020-10-23 15:33:59,non_trading_day,2020-10-21,2020-10-25,NEUTRAL,OK,1186,1186
JSWSTEEL_2020-12-31,JSWSTEEL,JSW Steel Ltd.,2020-12-31,2020-Q3,2021-01-22 15:33:27,non_trading_day,2021-01-20,2021-01-24,NEUTRAL,OK,1249,1249
JSWSTEEL_2021-03-31,JSWSTEEL,JSW Steel Ltd.,2021-03-31,2021-Q4,2021-05-21 15:32:57,non_trading_day,2021-05-19,2021-05-23,NEUTRAL,OK,1327,1327
JSWSTEEL_2021-06-30,JSWSTEEL,JSW Steel Ltd.,2021-06-30,2021-Q1,2021-07-23 15:52:09,non_trading_day,2021-07-21,2021-07-25,POSITIVE,OK,1371,1371
JSWSTEEL_2021-09-30,JSWSTEEL,JSW Steel Ltd.,2021-09-30,2021-Q2,2021-10-21 15:32:26,post_market,2021-10-21,2021-10-24,NEUTRAL,OK,1434,1434
JSWSTEEL_2021-12-31,JSWSTEEL,JSW Steel Ltd.,2021-12-31,2021-Q3,2022-01-21 15:38:56,non_trading_day,2022-01-19,2022-01-23,NEUTRAL,OK,1496,1496
JSWSTEEL_2022-03-31,JSWSTEEL,JSW Steel Ltd.,2022-03-31,2022-Q4,2022-05-27 16:34:14,non_trading_day,2022-05-25,2022-05-29,POSITIVE,OK,1580,1580
JSWSTEEL_2022-12-31,JSWSTEEL,JSW Steel Ltd.,2022-12-31,2022-Q3,2023-01-20 15:31:54,non_trading_day,2023-01-18,2023-01-22,NEUTRAL,OK,1744,1744
JSWSTEEL_2023-03-31,JSWSTEEL,JSW Steel Ltd.,2023-03-31,2023-Q4,2023-05-19 15:51:22,non_trading_day,2023-05-17,2023-05-21,NEUTRAL,OK,1822,1822
JSWSTEEL_2023-06-30,JSWSTEEL,JSW Steel Ltd.,2023-06-30,2023-Q1,2023-07-21 11:38:20,non_trading_day,2023-07-19,2023-07-23,POSITIVE,OK,1866,1866
JSWSTEEL_2023-09-30,JSWSTEEL,JSW Steel Ltd.,2023-09-30,2023-Q2,2023-10-20 15:21:22,non_trading_day,2023-10-18,2023-10-22,NEUTRAL,OK,1928,1928
JSWSTEEL_2023-12-31,JSWSTEEL,JSW Steel Ltd.,2023-12-31,2023-Q3,2024-01-25 15:14:02,non_trading_day,2024-01-23,2024-01-28,NEUTRAL,OK,1992,1992
JSWSTEEL_2024-03-31,JSWSTEEL,JSW Steel Ltd.,2024-03-31,2024-Q4,2024-05-17 15:41:13,non_trading_day,2024-05-15,2024-05-20,NEGATIVE,OK,2066,2066
JSWSTEEL_2024-06-30,JSWSTEEL,JSW Steel Ltd.,2024-06-30,2024-Q1,2024-07-19 15:57:54,post_market,2024-07-19,2024-07-22,NEUTRAL,OK,2109,2109
JSWSTEEL_2024-09-30,JSWSTEEL,JSW Steel Ltd.,2024-09-30,2024-Q2,2024-10-25 14:00:04,during_market,2024-10-24,2024-10-28,NEUTRAL,OK,2176,2176
JSWSTEEL_2024-12-31,JSWSTEEL,JSW Steel Ltd.,2024-12-31,2024-Q3,2025-01-24 16:07:35,post_market,2025-01-24,2025-01-27,NEUTRAL,OK,2239,2239
JSWSTEEL_2025-03-31,JSWSTEEL,JSW Steel Ltd.,2025-03-31,2025-Q4,2025-05-23 15:52:19,post_market,2025-05-23,2025-05-26,NEGATIVE,OK,2317,2317
JSWSTEEL_2025-06-30,JSWSTEEL,JSW Steel Ltd.,2025-06-30,2025-Q1,2025-07-18 15:27:53,during_market,2025-07-17,2025-07-21,NEUTRAL,OK,2356,2356
JSWSTEEL_2025-09-30,JSWSTEEL,JSW Steel Ltd.,2025-09-30,2025-Q2,2025-10-17 14:52:36,during_market,2025-10-16,2025-10-20,NEUTRAL,OK,2418,2418
JSWSTEEL_2025-12-31,JSWSTEEL,JSW Steel Ltd.,2025-12-31,2025-Q3,2026-01-23 15:29:13,during_market,2026-01-22,2026-01-27,NEUTRAL,OK,2484,2484
JSWSTEEL_2026-03-31,JSWSTEEL,JSW Steel Ltd.,2026-03-31,2026-Q4,2026-05-14 15:32:30,post_market,2026-05-14,2026-05-15,NEUTRAL,OK,2557,2557
JSWSTEEL_2026-06-30,JSWSTEEL,JSW Steel Ltd.,2026-06-30,2026-Q1,2026-07-17 14:43:55,during_market,2026-07-16,2026-07-20,NEUTRAL,OK,2600,2600
KOTAKBANK_2015-12-31,KOTAKBANK,Kotak Mahindra Bank Ltd.,2015-12-31,2015-Q3,2016-01-18 13:09:13,during_market,2016-01-17,2016-01-19,NEUTRAL,INSUFFICIENT_HISTORY_return_20d|INSUFFICIENT_HISTORY_return_60d|INSUFFICIENT_HISTORY_volatility_20d|INSUFFICIENT_HISTORY_volatility_60d|INSUFFICIENT_HISTORY_volume_ratio_20d|INSUFFICIENT_HISTORY_distance_from_20dma|INSUFFICIENT_HISTORY_distance_from_50dma|INSUFFICIENT_HISTORY_distance_from_200dma|INSUFFICIENT_HISTORY_drawdown_from_20d_high|INSUFFICIENT_HISTORY_drawdown_from_60d_high|INSUFFICIENT_HISTORY_drawdown_from_252d_high|LIMITED_HISTORY|VERY_LIMITED_HISTORY,12,12
KOTAKBANK_2016-03-31,KOTAKBANK,Kotak Mahindra Bank Ltd.,2016-03-31,2016-Q1,2016-05-11 14:15:13,during_market,2016-05-10,2016-05-12,NEUTRAL,INSUFFICIENT_HISTORY_distance_from_200dma|INSUFFICIENT_HISTORY_drawdown_from_252d_high|VERY_LIMITED_HISTORY,87,87
KOTAKBANK_2016-06-30,KOTAKBANK,Kotak Mahindra Bank Ltd.,2016-06-30,2016-Q1,2016-07-21 13:20:33,during_market,2016-07-20,2016-07-24,NEGATIVE,INSUFFICIENT_HISTORY_distance_from_200dma|INSUFFICIENT_HISTORY_drawdown_from_252d_high|VERY_LIMITED_HISTORY,137,137
KOTAKBANK_2016-09-30,KOTAKBANK,Kotak Mahindra Bank Ltd.,2016-09-30,2016-Q2,2016-10-25 12:52:31,during_market,2016-10-24,2016-10-26,NEUTRAL,INSUFFICIENT_HISTORY_drawdown_from_252d_high|VERY_LIMITED_HISTORY,200,200
KOTAKBANK_2016-12-31,KOTAKBANK,Kotak Mahindra Bank Ltd.,2016-12-31,2016-Q3,2017-01-25 13:02:20,non_trading_day,2017-01-23,2017-01-26,NEUTRAL,OK,263,263
KOTAKBANK_2017-03-31,KOTAKBANK,Kotak Mahindra Bank Ltd.,2017-03-31,2017-Q4,2017-04-27 13:37:07,during_market,2017-04-26,2017-05-01,NEUTRAL,OK,325,325
KOTAKBANK_2017-06-30,KOTAKBANK,Kotak Mahindra Bank Ltd.,2017-06-30,2017-Q1,2017-07-20 10:36:41,during_market,2017-07-19,2017-07-23,NEUTRAL,OK,383,383
KOTAKBANK_2017-09-30,KOTAKBANK,Kotak Mahindra Bank Ltd.,2017-09-30,2017-Q2,2017-10-25 13:09:17,during_market,2017-10-24,2017-10-26,NEUTRAL,OK,448,448
KOTAKBANK_2017-12-31,KOTAKBANK,Kotak Mahindra Bank Ltd.,2017-12-31,2018-Q4,2018-01-19 12:55:30,non_trading_day,2018-01-17,2018-01-21,NEUTRAL,OK,508,508
KOTAKBANK_2018-03-31,KOTAKBANK,Kotak Mahindra Bank Ltd.,2018-03-31,2018-Q4,2018-04-30 13:54:00,non_trading_day,2018-04-26,2018-05-01,NEUTRAL,OK,574,574
KOTAKBANK_2018-06-30,KOTAKBANK,Kotak Mahindra Bank Ltd.,2018-06-30,2018-Q1,2018-07-19 12:39:47,during_market,2018-07-18,2018-07-22,NEGATIVE,OK,632,632
KOTAKBANK_2018-09-30,KOTAKBANK,Kotak Mahindra Bank Ltd.,2018-09-30,2018-Q3,2018-10-24 12:52:49,during_market,2018-10-23,2018-10-25,NEGATIVE,OK,695,695
KOTAKBANK_2018-12-31,KOTAKBANK,Kotak Mahindra Bank Ltd.,2018-12-31,2019-Q4,2019-01-21 12:43:44,during_market,2019-01-20,2019-01-22,NEUTRAL,OK,755,755
KOTAKBANK_2019-03-31,KOTAKBANK,Kotak Mahindra Bank Ltd.,2019-03-31,2019-Q4,2019-04-30 14:22:53,non_trading_day,2019-04-25,2019-05-01,NEUTRAL,OK,818,818
KOTAKBANK_2019-06-30,KOTAKBANK,Kotak Mahindra Bank Ltd.,2019-06-30,2019-Q1,2019-07-22 16:46:49,post_market,2019-07-22,2019-07-23,NEUTRAL,OK,877,877
KOTAKBANK_2019-09-30,KOTAKBANK,Kotak Mahindra Bank Ltd.,2019-09-30,2019-Q2,2019-10-22 13:57:06,during_market,2019-10-21,2019-10-23,NEGATIVE,OK,935,935
KOTAKBANK_2019-12-31,KOTAKBANK,Kotak Mahindra Bank Ltd.,2019-12-31,2019-Q3,2020-01-20 13:31:28,during_market,2020-01-19,2020-01-21,NEUTRAL,OK,997,997
KOTAKBANK_2020-03-31,KOTAKBANK,Kotak Mahindra Bank Ltd.,2020-03-31,2020-Q4,2020-05-13 12:30:24,during_market,2020-05-12,2020-05-14,NEUTRAL,OK,1072,1072
KOTAKBANK_2020-06-30,KOTAKBANK,Kotak Mahindra Bank Ltd.,2020-06-30,2020-Q1,2020-07-27 13:55:32,during_market,2020-07-26,2020-07-28,NEGATIVE,OK,1124,1124
KOTAKBANK_2020-09-30,KOTAKBANK,Kotak Mahindra Bank Ltd.,2020-09-30,2020-Q2,2020-10-26 13:17:29,during_market,2020-10-25,2020-10-27,POSITIVE,OK,1188,1188
KOTAKBANK_2020-12-31,KOTAKBANK,Kotak Mahindra Bank Ltd.,2020-12-31,2020-Q3,2021-01-25 13:49:02,non_trading_day,2021-01-21,2021-01-26,NEUTRAL,OK,1250,1250
KOTAKBANK_2021-03-31,KOTAKBANK,Kotak Mahindra Bank Ltd.,2021-03-31,2021-Q4,2021-05-03 13:16:28,during_market,2021-05-02,2021-05-04,NEUTRAL,OK,1315,1315
KOTAKBANK_2021-06-30,KOTAKBANK,Kotak Mahindra Bank Ltd.,2021-06-30,2021-Q1,2021-07-26 13:40:24,during_market,2021-07-25,2021-07-27,NEUTRAL,OK,1373,1373
KOTAKBANK_2021-09-30,KOTAKBANK,Kotak Mahindra Bank Ltd.,2021-09-30,2021-Q2,2021-10-26 12:53:45,during_market,2021-10-25,2021-10-27,NEUTRAL,OK,1436,1436
KOTAKBANK_2021-12-31,KOTAKBANK,Kotak Mahindra Bank Ltd.,2021-12-31,2021-Q3,2022-01-28 12:43:31,non_trading_day,2022-01-26,2022-01-30,NEUTRAL,OK,1500,1500
KOTAKBANK_2022-03-31,KOTAKBANK,Kotak Mahindra Bank Ltd.,2022-03-31,2022-Q4,2022-05-04 13:16:27,during_market,2022-05-03,2022-05-05,POSITIVE,OK,1564,1564
KOTAKBANK_2022-12-31,KOTAKBANK,Kotak Mahindra Bank Ltd.,2022-12-31,2022-Q3,2023-01-21 13:08:21,non_trading_day,2023-01-18,2023-01-22,NEUTRAL,OK,1744,1744
KOTAKBANK_2023-03-31,KOTAKBANK,Kotak Mahindra Bank Ltd.,2023-03-31,2023-Q4,2023-04-29 14:25:00,non_trading_day,2023-04-26,2023-05-01,NEUTRAL,OK,1808,1808
KOTAKBANK_2023-06-30,KOTAKBANK,Kotak Mahindra Bank Ltd.,2023-06-30,2023-Q1,2023-07-22 12:40:02,non_trading_day,2023-07-19,2023-07-23,NEUTRAL,OK,1866,1866
KOTAKBANK_2023-09-30,KOTAKBANK,Kotak Mahindra Bank Ltd.,2023-09-30,2023-Q2,2023-10-21 12:08:54,non_trading_day,2023-10-18,2023-10-22,NEUTRAL,OK,1928,1928
KOTAKBANK_2023-12-31,KOTAKBANK,Kotak Mahindra Bank Ltd.,2023-12-31,2023-Q3,2024-01-20 12:28:21,non_trading_day,2024-01-17,2024-01-22,NEUTRAL,OK,1989,1989
KOTAKBANK_2024-03-31,KOTAKBANK,Kotak Mahindra Bank Ltd.,2024-03-31,2024-Q4,2024-05-04 12:27:30,non_trading_day,2024-05-01,2024-05-05,POSITIVE,OK,2056,2056
KOTAKBANK_2024-06-30,KOTAKBANK,Kotak Mahindra Bank Ltd.,2024-06-30,2024-Q1,2024-07-20 13:27:46,non_trading_day,2024-07-18,2024-07-22,NEUTRAL,OK,2108,2108
KOTAKBANK_2024-09-30,KOTAKBANK,Kotak Mahindra Bank Ltd.,2024-09-30,2024-Q3,2024-10-19 12:13:14,non_trading_day,2024-10-17,2024-10-21,NEUTRAL,OK,2171,2171
KOTAKBANK_2024-12-31,KOTAKBANK,Kotak Mahindra Bank Ltd.,2024-12-31,2025-Q4,2025-01-18 13:06:29,non_trading_day,2025-01-16,2025-01-20,NEUTRAL,OK,2233,2233
KOTAKBANK_2025-06-30,KOTAKBANK,Kotak Mahindra Bank Ltd.,2025-06-30,2025-Q1,2025-07-26 13:13:06,non_trading_day,2025-07-24,2025-07-28,NEUTRAL,OK,2361,2361
KOTAKBANK_2025-09-30,KOTAKBANK,Kotak Mahindra Bank Ltd.,2025-09-30,2025-Q2,2025-10-25 12:19:57,non_trading_day,2025-10-23,2025-10-27,NEUTRAL,OK,2422,2422
KOTAKBANK_2025-12-31,KOTAKBANK,Kotak Mahindra Bank Ltd.,2025-12-31,2025-Q3,2026-01-24 14:18:34,non_trading_day,2026-01-22,2026-01-27,NEUTRAL,OK,2484,2484
KOTAKBANK_2026-03-31,KOTAKBANK,Kotak Mahindra Bank Ltd.,2026-03-31,2026-Q4,2026-05-02 14:56:46,non_trading_day,2026-04-29,2026-05-04,NEUTRAL,OK,2547,2547
KOTAKBANK_2026-06-30,KOTAKBANK,Kotak Mahindra Bank Ltd.,2026-06-30,2026-Q1,2026-07-18 12:37:58,non_trading_day,2026-07-16,2026-07-20,NEUTRAL,OK,2600,2600
LT_2015-12-31,LT,Larsen & Toubro Ltd.,2015-12-31,2015-Q3,2016-01-29 16:42:05,non_trading_day,2016-01-27,2016-01-31,POSITIVE,INSUFFICIENT_HISTORY_return_20d|INSUFFICIENT_HISTORY_return_60d|INSUFFICIENT_HISTORY_volatility_20d|INSUFFICIENT_HISTORY_volatility_60d|INSUFFICIENT_HISTORY_volume_ratio_20d|INSUFFICIENT_HISTORY_distance_from_20dma|INSUFFICIENT_HISTORY_distance_from_50dma|INSUFFICIENT_HISTORY_distance_from_200dma|INSUFFICIENT_HISTORY_drawdown_from_20d_high|INSUFFICIENT_HISTORY_drawdown_from_60d_high|INSUFFICIENT_HISTORY_drawdown_from_252d_high|LIMITED_HISTORY|VERY_LIMITED_HISTORY,19,19
LT_2016-03-31,LT,Larsen & Toubro Ltd.,2016-03-31,2016-Q4,2016-05-25 16:08:42,post_market,2016-05-25,2016-05-26,NEUTRAL,INSUFFICIENT_HISTORY_distance_from_200dma|INSUFFICIENT_HISTORY_drawdown_from_252d_high|VERY_LIMITED_HISTORY,98,98
LT_2016-06-30,LT,Larsen & Toubro Ltd.,2016-06-30,2016-Q1,2016-07-29 15:56:52,non_trading_day,2016-07-27,2016-07-31,NEUTRAL,INSUFFICIENT_HISTORY_distance_from_200dma|INSUFFICIENT_HISTORY_drawdown_from_252d_high|VERY_LIMITED_HISTORY,142,142
LT_2016-09-30,LT,Larsen & Toubro Ltd.,2016-09-30,2016-Q2,2016-11-22 16:15:03,post_market,2016-11-22,2016-11-23,NEUTRAL,INSUFFICIENT_HISTORY_drawdown_from_252d_high|VERY_LIMITED_HISTORY,219,219
LT_2016-12-31,LT,Larsen & Toubro Ltd.,2016-12-31,2016-Q3,2017-01-28 14:10:26,non_trading_day,2017-01-24,2017-01-29,NEUTRAL,OK,264,264
LT_2017-03-31,LT,Larsen & Toubro Ltd.,2017-03-31,2017-Q4,2017-05-29 16:39:00,post_market,2017-05-29,2017-05-30,NEUTRAL,OK,347,347
LT_2017-06-30,LT,Larsen & Toubro Ltd.,2017-06-30,2017-Q1,2017-07-28 16:26:23,non_trading_day,2017-07-26,2017-07-30,NEUTRAL,OK,388,388
LT_2017-09-30,LT,Larsen & Toubro Ltd.,2017-09-30,2017-Q2,2017-11-11 16:49:00,non_trading_day,2017-11-08,2017-11-12,NEUTRAL,OK,459,459
LT_2017-12-31,LT,Larsen & Toubro Ltd.,2017-12-31,2017-Q3,2018-01-31 16:18:30,post_market,2018-01-31,2018-02-01,NEGATIVE,OK,517,517
LT_2018-03-31,LT,Larsen & Toubro Ltd.,2018-03-31,2018-Q4,2018-05-28 15:52:33,post_market,2018-05-28,2018-05-29,NEUTRAL,OK,595,595
LT_2018-06-30,LT,Larsen & Toubro Ltd.,2018-06-30,2018-Q1,2018-07-25 15:40:36,post_market,2018-07-25,2018-07-26,NEUTRAL,OK,637,637
LT_2018-09-30,LT,Larsen & Toubro Ltd.,2018-09-30,2018-Q2,2018-10-31 16:26:44,post_market,2018-10-31,2018-11-01,NEUTRAL,OK,701,701
LT_2018-12-31,LT,Larsen & Toubro Ltd.,2018-12-31,2018-Q3,2019-01-25 16:15:55,non_trading_day,2019-01-23,2019-01-27,NEUTRAL,OK,758,758
LT_2019-03-31,LT,Larsen & Toubro Ltd.,2019-03-31,2019-Q4,2019-05-10 16:37:53,non_trading_day,2019-05-08,2019-05-12,NEUTRAL,OK,825,825
LT_2019-06-30,LT,Larsen & Toubro Ltd.,2019-06-30,2019-Q1,2019-07-23 16:18:48,post_market,2019-07-23,2019-07-24,NEUTRAL,OK,878,878
LT_2019-09-30,LT,Larsen & Toubro Ltd.,2019-09-30,2019-Q2,2019-10-23 16:27:06,post_market,2019-10-23,2019-10-24,NEUTRAL,OK,937,937
LT_2019-12-31,LT,Larsen & Toubro Ltd.,2019-12-31,2019-Q3,2020-01-22 17:14:16,post_market,2020-01-22,2020-01-23,NEUTRAL,OK,1000,1000
LT_2020-03-31,LT,Larsen & Toubro Ltd.,2020-03-31,2020-Q4,2020-06-05 18:29:30,non_trading_day,2020-06-03,2020-06-07,NEUTRAL,OK,1087,1087
LT_2020-06-30,LT,Larsen & Toubro Ltd.,2020-06-30,2020-Q1,2020-07-22 16:58:17,post_market,2020-07-22,2020-07-23,NEUTRAL,OK,1122,1122
LT_2020-09-30,LT,Larsen & Toubro Ltd.,2020-09-30,2020-Q2,2020-10-28 17:41:52,post_market,2020-10-28,2020-10-29,NEUTRAL,OK,1191,1191
LT_2020-12-31,LT,Larsen & Toubro Ltd.,2020-12-31,2020-Q3,2021-01-25 17:09:04,non_trading_day,2021-01-21,2021-01-26,POSITIVE,OK,1250,1250
LT_2021-03-31,LT,Larsen & Toubro Ltd.,2021-03-31,2021-Q4,2021-05-14 17:43:52,non_trading_day,2021-05-11,2021-05-16,NEUTRAL,OK,1322,1322
LT_2021-06-30,LT,Larsen & Toubro Ltd.,2021-06-30,2021-Q1,2021-07-26 17:28:36,post_market,2021-07-26,2021-07-27,NEUTRAL,OK,1374,1374
LT_2021-09-30,LT,Larsen & Toubro Ltd.,2021-09-30,2021-Q2,2021-10-27 17:22:22,post_market,2021-10-27,2021-10-28,POSITIVE,OK,1438,1438
LT_2021-12-31,LT,Larsen & Toubro Ltd.,2021-12-31,2021-Q3,2022-01-28 16:26:37,non_trading_day,2022-01-26,2022-01-30,NEUTRAL,OK,1500,1500
LT_2022-03-31,LT,Larsen & Toubro Ltd.,2022-03-31,2022-Q4,2022-05-12 16:46:26,post_market,2022-05-12,2022-05-15,NEUTRAL,OK,1571,1571
LT_2022-06-30,LT,Larsen & Toubro Ltd.,2022-06-30,2022-Q1,2022-07-26 17:23:36,post_market,2022-07-26,2022-07-27,NEGATIVE,OK,1624,1624
LT_2022-09-30,LT,Larsen & Toubro Ltd.,2022-09-30,2022-Q2,2022-10-31 16:43:04,post_market,2022-10-31,2022-11-01,NEUTRAL,OK,1688,1688
LT_2022-12-31,LT,Larsen & Toubro Ltd.,2022-12-31,2022-Q3,2023-01-30 16:04:34,post_market,2023-01-30,2023-01-31,NEUTRAL,OK,1751,1751
LT_2023-03-31,LT,Larsen & Toubro Ltd.,2023-03-31,2023-Q4,2023-05-10 17:08:26,post_market,2023-05-10,2023-05-11,NEUTRAL,OK,1817,1817
LT_2023-06-30,LT,Larsen & Toubro Ltd.,2023-06-30,2023-Q1,2023-07-25 16:44:09,post_market,2023-07-25,2023-07-26,NEUTRAL,OK,1870,1870
LT_2023-09-30,LT,Larsen & Toubro Ltd.,2023-09-30,2023-Q2,2023-10-31 18:30:33,post_market,2023-10-31,2023-11-01,NEUTRAL,OK,1936,1936
LT_2023-12-31,LT,Larsen & Toubro Ltd.,2023-12-31,2023-Q3,2024-01-30 17:59:55,post_market,2024-01-30,2024-01-31,NEUTRAL,OK,1996,1996
LT_2024-03-31,LT,Larsen & Toubro Ltd.,2024-03-31,2024-Q4,2024-05-08 17:11:39,post_market,2024-05-08,2024-05-09,POSITIVE,OK,2061,2061
LT_2024-06-30,LT,Larsen & Toubro Ltd.,2024-06-30,2024-Q1,2024-07-24 17:10:01,post_market,2024-07-24,2024-07-25,POSITIVE,OK,2112,2112
LT_2024-09-30,LT,Larsen & Toubro Ltd.,2024-09-30,2024-Q2,2024-10-30 17:44:38,post_market,2024-10-30,2024-10-31,NEUTRAL,OK,2180,2180
LT_2024-12-31,LT,Larsen & Toubro Ltd.,2024-12-31,2024-Q3,2025-01-30 16:27:35,post_market,2025-01-30,2025-01-31,NEGATIVE,OK,2243,2243
LT_2025-06-30,LT,Larsen & Toubro Ltd.,2025-06-30,2025-Q1,2025-07-29 17:15:41,post_market,2025-07-29,2025-07-30,NEUTRAL,OK,2364,2364
LT_2025-09-30,LT,Larsen & Toubro Ltd.,2025-09-30,2025-Q2,2025-10-29 17:12:35,post_market,2025-10-29,2025-10-30,NEUTRAL,OK,2426,2426
LT_2025-12-31,LT,Larsen & Toubro Ltd.,2025-12-31,2025-Q3,2026-01-28 17:35:10,post_market,2026-01-28,2026-01-29,NEUTRAL,OK,2487,2487
LT_2026-06-30,LT,Larsen & Toubro Ltd.,2026-06-30,2026-Q1,2026-07-28 17:18:41,post_market,2026-07-28,2026-07-29,NEUTRAL,OK,2608,2608
M&M_2015-12-31,M&M,Mahindra & Mahindra Ltd.,2015-12-31,2015-Q3,2016-02-12 12:15:08,non_trading_day,2016-02-10,2016-02-14,NEUTRAL,INSUFFICIENT_HISTORY_return_60d|INSUFFICIENT_HISTORY_volatility_60d|INSUFFICIENT_HISTORY_distance_from_50dma|INSUFFICIENT_HISTORY_distance_from_200dma|INSUFFICIENT_HISTORY_drawdown_from_60d_high|INSUFFICIENT_HISTORY_drawdown_from_252d_high|LIMITED_HISTORY|VERY_LIMITED_HISTORY,29,29
M&M_2016-03-31,M&M,Mahindra & Mahindra Ltd.,2016-03-31,2016-Q4,2016-05-30 14:08:53,during_market,2016-05-29,2016-05-31,POSITIVE,INSUFFICIENT_HISTORY_distance_from_200dma|INSUFFICIENT_HISTORY_drawdown_from_252d_high|VERY_LIMITED_HISTORY,100,100
M&M_2016-06-30,M&M,Mahindra & Mahindra Ltd.,2016-06-30,2016-Q1,2016-08-10 13:36:57,during_market,2016-08-09,2016-08-11,NEUTRAL,INSUFFICIENT_HISTORY_distance_from_200dma|INSUFFICIENT_HISTORY_drawdown_from_252d_high|VERY_LIMITED_HISTORY,151,151
M&M_2016-09-30,M&M,Mahindra & Mahindra Ltd.,2016-09-30,2016-Q2,2016-11-11 13:39:34,non_trading_day,2016-11-09,2016-11-14,NEUTRAL,INSUFFICIENT_HISTORY_drawdown_from_252d_high|VERY_LIMITED_HISTORY,211,211
M&M_2016-12-31,M&M,Mahindra & Mahindra Ltd.,2016-12-31,2016-Q3,2017-02-10 14:05:18,non_trading_day,2017-02-08,2017-02-12,NEUTRAL,OK,274,274
M&M_2017-03-31,M&M,Mahindra & Mahindra Ltd.,2017-03-31,2017-Q4,2017-05-30 14:28:09,during_market,2017-05-29,2017-05-31,NEUTRAL,OK,347,347
M&M_2017-06-30,M&M,Mahindra & Mahindra Ltd.,2017-06-30,2017-Q1,2017-08-04 13:30:01,non_trading_day,2017-08-02,2017-08-06,NEUTRAL,OK,393,393
M&M_2017-09-30,M&M,Mahindra & Mahindra Ltd.,2017-09-30,2017-Q2,2017-11-10 14:14:24,non_trading_day,2017-11-08,2017-11-12,NEUTRAL,OK,459,459
M&M_2017-12-31,M&M,Mahindra & Mahindra Ltd.,2017-12-31,2017-Q3,2018-02-09 17:26:05,non_trading_day,2018-02-07,2018-02-11,NEUTRAL,OK,522,522
M&M_2018-03-31,M&M,Mahindra & Mahindra Ltd.,2018-03-31,2018-Q4,2018-05-29 13:40:15,during_market,2018-05-28,2018-05-30,NEUTRAL,OK,595,595
M&M_2018-06-30,M&M,Mahindra & Mahindra Ltd.,2018-06-30,2018-Q1,2018-08-07 13:03:44,during_market,2018-08-06,2018-08-08,NEUTRAL,OK,645,645
M&M_2018-09-30,M&M,Mahindra & Mahindra Ltd.,2018-09-30,2018-Q2,2018-11-14 13:59:06,during_market,2018-11-13,2018-11-15,NEUTRAL,OK,709,709
M&M_2018-12-31,M&M,Mahindra & Mahindra Ltd.,2018-12-31,2018-Q3,2019-02-08 13:40:58,non_trading_day,2019-02-06,2019-02-10,NEUTRAL,OK,768,768
M&M_2019-03-31,M&M,Mahindra & Mahindra Ltd.,2019-03-31,2019-Q4,2019-05-29 13:53:54,during_market,2019-05-28,2019-05-30,NEUTRAL,OK,839,839
M&M_2019-06-30,M&M,Mahindra & Mahindra Ltd.,2019-06-30,2019-Q1,2019-08-07 12:54:52,during_market,2019-08-06,2019-08-08,NEGATIVE,OK,888,888
M&M_2019-09-30,M&M,Mahindra & Mahindra Ltd.,2019-09-30,2019-Q2,2019-11-08 14:06:47,non_trading_day,2019-11-06,2019-11-10,NEUTRAL,OK,947,947
M&M_2019-12-31,M&M,Mahindra & Mahindra Ltd.,2019-12-31,2019-Q3,2020-02-08 14:42:58,non_trading_day,2020-02-05,2020-02-09,NEUTRAL,OK,1010,1010
M&M_2020-03-31,M&M,Mahindra & Mahindra Ltd.,2020-03-31,2020-Q4,2020-06-12 13:38:02,non_trading_day,2020-06-10,2020-06-14,NEGATIVE,OK,1092,1092
M&M_2020-06-30,M&M,Mahindra & Mahindra Ltd.,2020-06-30,2020-Q1,2020-08-07 13:03:41,non_trading_day,2020-08-05,2020-08-09,NEUTRAL,OK,1132,1132
M&M_2020-09-30,M&M,Mahindra & Mahindra Ltd.,2020-09-30,2020-Q2,2020-11-10 13:04:39,during_market,2020-11-09,2020-11-11,NEUTRAL,OK,1199,1199
M&M_2020-12-31,M&M,Mahindra & Mahindra Ltd.,2020-12-31,2020-Q3,2021-02-05 13:05:59,non_trading_day,2021-02-03,2021-02-07,NEGATIVE,OK,1258,1258
M&M_2021-03-31,M&M,Mahindra & Mahindra Ltd.,2021-03-31,2021-Q4,2021-05-28 14:15:31,non_trading_day,2021-05-26,2021-05-30,NEUTRAL,OK,1332,1332
M&M_2021-06-30,M&M,Mahindra & Mahindra Ltd.,2021-06-30,2021-Q1,2021-08-06 11:58:28,non_trading_day,2021-08-04,2021-08-08,NEUTRAL,OK,1381,1381
M&M_2021-09-30,M&M,Mahindra & Mahindra Ltd.,2021-09-30,2021-Q2,2021-11-09 13:21:04,during_market,2021-11-08,2021-11-10,POSITIVE,OK,1445,1445
M&M_2021-12-31,M&M,Mahindra & Mahindra Ltd.,2021-12-31,2021-Q3,2022-02-10 12:34:55,during_market,2022-02-09,2022-02-13,POSITIVE,OK,1510,1510
M&M_2022-03-31,M&M,Mahindra & Mahindra Ltd.,2022-03-31,2022-Q4,2022-05-28 11:31:24,non_trading_day,2022-05-25,2022-05-29,POSITIVE,OK,1580,1580
M&M_2022-12-31,M&M,Mahindra & Mahindra Ltd.,2022-12-31,2022-Q3,2023-02-10 12:54:01,non_trading_day,2023-02-08,2023-02-12,NEUTRAL,OK,1758,1758
M&M_2023-03-31,M&M,Mahindra & Mahindra Ltd.,2023-03-31,2023-Q4,2023-05-26 13:59:59,non_trading_day,2023-05-24,2023-05-28,NEUTRAL,OK,1827,1827
M&M_2023-06-30,M&M,Mahindra & Mahindra Ltd.,2023-06-30,2023-Q1,2023-08-04 13:05:16,non_trading_day,2023-08-02,2023-08-06,NEUTRAL,OK,1876,1876
M&M_2023-09-30,M&M,Mahindra & Mahindra Ltd.,2023-09-30,2023-Q2,2023-11-10 12:31:54,non_trading_day,2023-11-08,2023-11-12,NEUTRAL,OK,1942,1942
M&M_2023-12-31,M&M,Mahindra & Mahindra Ltd.,2023-12-31,2023-Q3,2024-02-14 13:41:25,during_market,2024-02-13,2024-02-15,NEUTRAL,OK,2006,2006
M&M_2024-03-31,M&M,Mahindra & Mahindra Ltd.,2024-03-31,2024-Q4,2024-05-16 13:57:29,during_market,2024-05-15,2024-05-20,NEUTRAL,OK,2066,2066
M&M_2024-06-30,M&M,Mahindra & Mahindra Ltd.,2024-06-30,2024-Q1,2024-07-31 13:04:01,during_market,2024-07-30,2024-08-01,NEGATIVE,OK,2116,2116
M&M_2024-09-30,M&M,Mahindra & Mahindra Ltd.,2024-09-30,2024-Q2,2024-11-07 12:04:14,during_market,2024-11-06,2024-11-08,NEGATIVE,OK,2185,2185
M&M_2024-12-31,M&M,Mahindra & Mahindra Ltd.,2024-12-31,2024-Q3,2025-02-07 13:27:40,during_market,2025-02-06,2025-02-10,NEGATIVE,OK,2248,2248
M&M_2025-06-30,M&M,Mahindra & Mahindra Ltd.,2025-06-30,2025-Q1,2025-07-30 17:04:32,post_market,2025-07-30,2025-07-31,NEUTRAL,OK,2365,2365
M&M_2025-09-30,M&M,Mahindra & Mahindra Ltd.,2025-09-30,2025-Q2,2025-11-04 13:25:32,during_market,2025-11-03,2025-11-06,POSITIVE,OK,2429,2429
M&M_2025-12-31,M&M,Mahindra & Mahindra Ltd.,2025-12-31,2025-Q3,2026-02-11 11:51:42,during_market,2026-02-10,2026-02-12,NEGATIVE,OK,2496,2496
M&M_2026-03-31,M&M,Mahindra & Mahindra Ltd.,2026-03-31,2026-Q4,2026-05-05 12:22:12,during_market,2026-05-04,2026-05-06,NEUTRAL,OK,2549,2549
M&M_2026-06-30,M&M,Mahindra & Mahindra Ltd.,2026-06-30,2026-Q1,2026-07-30 12:58:45,during_market,2026-07-29,2026-07-31,NEUTRAL,OK,2609,2609
MARUTI_2015-12-31,MARUTI,Maruti Suzuki India Ltd.,2015-12-31,2015-Q3,2016-01-28 17:09:02,post_market,2016-01-28,2016-01-31,NEUTRAL,INSUFFICIENT_HISTORY_return_20d|INSUFFICIENT_HISTORY_return_60d|INSUFFICIENT_HISTORY_volatility_20d|INSUFFICIENT_HISTORY_volatility_60d|INSUFFICIENT_HISTORY_distance_from_50dma|INSUFFICIENT_HISTORY_distance_from_200dma|INSUFFICIENT_HISTORY_drawdown_from_60d_high|INSUFFICIENT_HISTORY_drawdown_from_252d_high|LIMITED_HISTORY|VERY_LIMITED_HISTORY,20,20
MARUTI_2016-03-31,MARUTI,Maruti Suzuki India Ltd.,2016-03-31,2016-Q4,2016-04-26 12:48:50,during_market,2016-04-25,2016-04-27,POSITIVE,INSUFFICIENT_HISTORY_distance_from_200dma|INSUFFICIENT_HISTORY_drawdown_from_252d_high|VERY_LIMITED_HISTORY,76,76
MARUTI_2016-06-30,MARUTI,Maruti Suzuki India Ltd.,2016-06-30,2016-Q1,2016-07-26 14:16:07,during_market,2016-07-25,2016-07-27,POSITIVE,INSUFFICIENT_HISTORY_distance_from_200dma|INSUFFICIENT_HISTORY_drawdown_from_252d_high|VERY_LIMITED_HISTORY,140,140
MARUTI_2016-09-30,MARUTI,Maruti Suzuki India Ltd.,2016-09-30,2016-Q2,2016-10-27 13:04:35,during_market,2016-10-26,2016-10-31,NEUTRAL,INSUFFICIENT_HISTORY_drawdown_from_252d_high|VERY_LIMITED_HISTORY,202,202
MARUTI_2016-12-31,MARUTI,Maruti Suzuki India Ltd.,2016-12-31,2016-Q3,2017-01-25 12:55:13,non_trading_day,2017-01-23,2017-01-26,POSITIVE,OK,263,263
MARUTI_2017-03-31,MARUTI,Maruti Suzuki India Ltd.,2017-03-31,2017-Q4,2017-04-27 13:31:49,during_market,2017-04-26,2017-05-01,NEUTRAL,OK,325,325
MARUTI_2017-06-30,MARUTI,Maruti Suzuki India Ltd.,2017-06-30,2017-Q1,2017-07-27 13:32:48,during_market,2017-07-26,2017-07-30,NEUTRAL,OK,388,388
MARUTI_2017-09-30,MARUTI,Maruti Suzuki India Ltd.,2017-09-30,2017-Q2,2017-10-27 13:50:48,non_trading_day,2017-10-25,2017-10-29,NEUTRAL,OK,449,449
MARUTI_2017-12-31,MARUTI,Maruti Suzuki India Ltd.,2017-12-31,2017-Q3,2018-01-25 16:28:11,non_trading_day,2018-01-23,2018-01-28,NEUTRAL,OK,512,512
MARUTI_2018-03-31,MARUTI,Maruti Suzuki India Ltd.,2018-03-31,2018-Q4,2018-04-27 14:55:29,non_trading_day,2018-04-25,2018-04-29,NEUTRAL,OK,573,573
MARUTI_2018-06-30,MARUTI,Maruti Suzuki India Ltd.,2018-06-30,2018-Q1,2018-07-26 13:54:03,during_market,2018-07-25,2018-07-29,NEGATIVE,OK,637,637
MARUTI_2018-09-30,MARUTI,Maruti Suzuki India Ltd.,2018-09-30,2018-Q2,2018-10-25 13:52:09,during_market,2018-10-24,2018-10-28,NEGATIVE,OK,696,696
MARUTI_2018-12-31,MARUTI,Maruti Suzuki India Ltd.,2018-12-31,2018-Q3,2019-01-25 14:33:59,non_trading_day,2019-01-23,2019-01-27,NEUTRAL,OK,758,758
MARUTI_2019-03-31,MARUTI,Maruti Suzuki India Ltd.,2019-03-31,2019-Q4,2019-04-25 14:19:46,during_market,2019-04-24,2019-04-29,NEUTRAL,OK,817,817
MARUTI_2019-06-30,MARUTI,Maruti Suzuki India Ltd.,2019-06-30,2019-Q1,2019-07-26 13:35:47,non_trading_day,2019-07-24,2019-07-28,NEUTRAL,OK,879,879
MARUTI_2019-09-30,MARUTI,Maruti Suzuki India Ltd.,2019-09-30,2019-Q2,2019-10-24 13:26:39,during_market,2019-10-23,2019-10-26,NEUTRAL,OK,937,937
MARUTI_2019-12-31,MARUTI,Maruti Suzuki India Ltd.,2019-12-31,2019-Q3,2020-01-28 13:34:48,during_market,2020-01-27,2020-01-29,POSITIVE,OK,1003,1003
MARUTI_2020-03-31,MARUTI,Maruti Suzuki India Ltd.,2020-03-31,2020-Q4,2020-05-13 14:43:24,during_market,2020-05-12,2020-05-14,NEGATIVE,OK,1072,1072
MARUTI_2020-06-30,MARUTI,Maruti Suzuki India Ltd.,2020-06-30,2020-Q1,2020-07-29 14:09:40,during_market,2020-07-28,2020-07-30,POSITIVE,OK,1126,1126
MARUTI_2020-09-30,MARUTI,Maruti Suzuki India Ltd.,2020-09-30,2020-Q2,2020-10-29 13:59:44,during_market,2020-10-28,2020-11-01,NEUTRAL,OK,1191,1191
MARUTI_2020-12-31,MARUTI,Maruti Suzuki India Ltd.,2020-12-31,2020-Q3,2021-01-28 13:35:15,during_market,2021-01-27,2021-01-31,NEUTRAL,OK,1253,1253
MARUTI_2021-03-31,MARUTI,Maruti Suzuki India Ltd.,2021-03-31,2021-Q4,2021-04-27 14:07:00,during_market,2021-04-26,2021-04-28,NEUTRAL,OK,1311,1311
MARUTI_2021-06-30,MARUTI,Maruti Suzuki India Ltd.,2021-06-30,2021-Q1,2021-07-28 15:22:55,during_market,2021-07-27,2021-07-29,NEUTRAL,OK,1375,1375
MARUTI_2021-09-30,MARUTI,Maruti Suzuki India Ltd.,2021-09-30,2021-Q2,2021-10-27 13:51:02,during_market,2021-10-26,2021-10-28,POSITIVE,OK,1437,1437
MARUTI_2021-12-31,MARUTI,Maruti Suzuki India Ltd.,2021-12-31,2021-Q3,2022-01-25 13:53:10,non_trading_day,2022-01-23,2022-01-26,NEGATIVE,OK,1498,1498
MARUTI_2022-03-31,MARUTI,Maruti Suzuki India Ltd.,2022-03-31,2022-Q4,2022-04-29 14:48:44,non_trading_day,2022-04-27,2022-05-01,NEUTRAL,OK,1561,1561
MARUTI_2022-12-31,MARUTI,Maruti Suzuki India Ltd.,2022-12-31,2022-Q3,2023-01-24 12:56:09,during_market,2023-01-23,2023-01-26,NEUTRAL,OK,1747,1747
MARUTI_2023-03-31,MARUTI,Maruti Suzuki India Ltd.,2023-03-31,2023-Q4,2023-04-26 14:39:55,during_market,2023-04-25,2023-04-27,NEUTRAL,OK,1807,1807
MARUTI_2023-06-30,MARUTI,Maruti Suzuki India Ltd.,2023-06-30,2023-Q1,2023-07-31 15:51:57,post_market,2023-07-31,2023-08-01,NEUTRAL,OK,1874,1874
MARUTI_2023-09-30,MARUTI,Maruti Suzuki India Ltd.,2023-09-30,2023-Q2,2023-10-27 13:44:34,non_trading_day,2023-10-25,2023-10-29,NEUTRAL,OK,1932,1932
MARUTI_2023-12-31,MARUTI,Maruti Suzuki India Ltd.,2023-12-31,2023-Q3,2024-01-31 13:42:33,during_market,2024-01-30,2024-02-01,POSITIVE,OK,1996,1996
MARUTI_2024-03-31,MARUTI,Maruti Suzuki India Ltd.,2024-03-31,2024-Q4,2024-04-26 15:48:37,non_trading_day,2024-04-24,2024-04-28,NEUTRAL,OK,2052,2052
MARUTI_2024-06-30,MARUTI,Maruti Suzuki India Ltd.,2024-06-30,2024-Q1,2024-07-31 15:23:46,during_market,2024-07-30,2024-08-01,NEGATIVE,OK,2116,2116
MARUTI_2024-09-30,MARUTI,Maruti Suzuki India Ltd.,2024-09-30,2024-Q2,2024-10-29 13:21:23,during_market,2024-10-28,2024-10-30,NEUTRAL,OK,2178,2178
MARUTI_2024-12-31,MARUTI,Maruti Suzuki India Ltd.,2024-12-31,2024-Q3,2025-01-29 13:38:42,during_market,2025-01-28,2025-01-30,POSITIVE,OK,2241,2241
MARUTI_2025-06-30,MARUTI,Maruti Suzuki India Ltd.,2025-06-30,2025-Q1,2025-07-31 14:58:41,during_market,2025-07-30,2025-08-01,NEUTRAL,OK,2365,2365
MARUTI_2025-09-30,MARUTI,Maruti Suzuki India Ltd.,2025-09-30,2025-Q2,2025-10-31 14:19:05,during_market,2025-10-30,2025-11-03,NEUTRAL,OK,2427,2427
MARUTI_2025-12-31,MARUTI,Maruti Suzuki India Ltd.,2025-12-31,2025-Q3,2026-01-28 14:11:41,during_market,2026-01-27,2026-01-29,NEUTRAL,OK,2486,2486
MARUTI_2026-03-31,MARUTI,Maruti Suzuki India Ltd.,2026-03-31,2026-Q4,2026-04-28 14:41:09,during_market,2026-04-27,2026-04-29,NEUTRAL,OK,2545,2545
MARUTI_2026-06-30,MARUTI,Maruti Suzuki India Ltd.,2026-06-30,2026-Q1,2026-07-31 16:39:44,post_market,2026-07-31,2026-08-03,NEUTRAL,OK,2611,2611
MAXHEALTH_2020-09-30,MAXHEALTH,Max Healthcare Institute Ltd.,2020-09-30,2020-Q2,2020-11-11 15:08:13,during_market,2020-11-10,2020-11-12,NEGATIVE,INSUFFICIENT_HISTORY_return_60d|INSUFFICIENT_HISTORY_volatility_60d|INSUFFICIENT_HISTORY_distance_from_200dma|INSUFFICIENT_HISTORY_drawdown_from_60d_high|INSUFFICIENT_HISTORY_drawdown_from_252d_high|LIMITED_HISTORY|VERY_LIMITED_HISTORY,58,1200
MAXHEALTH_2020-12-31,MAXHEALTH,Max Healthcare Institute Ltd.,2020-12-31,2021-Q4,2021-02-06 15:07:34,non_trading_day,2021-02-03,2021-02-07,POSITIVE,INSUFFICIENT_HISTORY_distance_from_200dma|INSUFFICIENT_HISTORY_drawdown_from_252d_high|VERY_LIMITED_HISTORY,116,1258
MAXHEALTH_2021-03-31,MAXHEALTH,Max Healthcare Institute Ltd.,2021-03-31,2021-Q1,2021-05-28 15:42:25,non_trading_day,2021-05-26,2021-05-30,POSITIVE,INSUFFICIENT_HISTORY_distance_from_200dma|INSUFFICIENT_HISTORY_drawdown_from_252d_high|VERY_LIMITED_HISTORY,190,1332
MAXHEALTH_2021-06-30,MAXHEALTH,Max Healthcare Institute Ltd.,2021-06-30,2021-Q2,2021-08-10 13:22:44,during_market,2021-08-09,2021-08-11,POSITIVE,INSUFFICIENT_HISTORY_drawdown_from_252d_high|VERY_LIMITED_HISTORY,242,1384
MAXHEALTH_2021-09-30,MAXHEALTH,Max Healthcare Institute Ltd.,2021-09-30,2021-Q2,2021-11-12 13:25:18,non_trading_day,2021-11-10,2021-11-14,NEUTRAL,OK,305,1447
MAXHEALTH_2021-12-31,MAXHEALTH,Max Healthcare Institute Ltd.,2021-12-31,2021-Q3,2022-02-12 13:54:08,non_trading_day,2022-02-09,2022-02-13,POSITIVE,OK,368,1510
MAXHEALTH_2022-03-31,MAXHEALTH,Max Healthcare Institute Ltd.,2022-03-31,2022-Q4,2022-05-25 15:03:38,during_market,2022-05-24,2022-05-26,NEGATIVE,OK,437,1579
MAXHEALTH_2022-12-31,MAXHEALTH,Max Healthcare Institute Ltd.,2022-12-31,2022-Q3,2023-02-02 14:01:30,during_market,2023-02-01,2023-02-05,NEUTRAL,OK,611,1753
MAXHEALTH_2023-03-31,MAXHEALTH,Max Healthcare Institute Ltd.,2023-03-31,2023-Q4,2023-05-16 14:25:15,during_market,2023-05-15,2023-05-17,POSITIVE,OK,678,1820
MAXHEALTH_2023-06-30,MAXHEALTH,Max Healthcare Institute Ltd.,2023-06-30,2023-Q1,2023-08-07 15:40:03,post_market,2023-08-07,2023-08-08,NEGATIVE,OK,737,1879
MAXHEALTH_2023-09-30,MAXHEALTH,Max Healthcare Institute Ltd.,2023-09-30,2023-Q2,2023-11-06 14:55:40,during_market,2023-11-05,2023-11-07,NEUTRAL,OK,797,1939
MAXHEALTH_2023-12-31,MAXHEALTH,Max Healthcare Institute Ltd.,2023-12-31,2023-Q3,2024-01-31 13:06:34,during_market,2024-01-30,2024-02-01,POSITIVE,OK,854,1996
MAXHEALTH_2024-03-31,MAXHEALTH,Max Healthcare Institute Ltd.,2024-03-31,2024-Q4,2024-05-22 15:05:41,during_market,2024-05-21,2024-05-23,NEUTRAL,OK,927,2069
MAXHEALTH_2024-06-30,MAXHEALTH,Max Healthcare Institute Ltd.,2024-06-30,2024-Q1,2024-08-01 14:02:42,during_market,2024-07-31,2024-08-02,NEGATIVE,OK,975,2117
MAXHEALTH_2024-09-30,MAXHEALTH,Max Healthcare Institute Ltd.,2024-09-30,2024-Q2,2024-11-05 21:14:21,post_market,2024-11-05,2024-11-06,NEGATIVE,OK,1042,2184
MAXHEALTH_2024-12-31,MAXHEALTH,Max Healthcare Institute Ltd.,2024-12-31,2024-Q3,2025-01-30 14:13:41,during_market,2025-01-29,2025-01-31,POSITIVE,OK,1100,2242
MAXHEALTH_2025-03-31,MAXHEALTH,Max Healthcare Institute Ltd.,2025-03-31,2025-Q4,2025-05-20 14:43:11,during_market,2025-05-19,2025-05-21,NEUTRAL,OK,1171,2313
MAXHEALTH_2025-06-30,MAXHEALTH,Max Healthcare Institute Ltd.,2025-06-30,2025-Q2,2025-08-13 12:16:55,during_market,2025-08-12,2025-08-14,NEUTRAL,OK,1232,2374
MAXHEALTH_2025-09-30,MAXHEALTH,Max Healthcare Institute Ltd.,2025-09-30,2025-Q2,2025-11-14 20:33:48,post_market,2025-11-14,2025-11-17,POSITIVE,OK,1295,2437
MAXHEALTH_2025-12-31,MAXHEALTH,Max Healthcare Institute Ltd.,2025-12-31,2025-Q3,2026-02-05 13:37:46,during_market,2026-02-04,2026-02-06,NEUTRAL,OK,1350,2492
MAXHEALTH_2026-03-31,MAXHEALTH,Max Healthcare Institute Ltd.,2026-03-31,2026-Q4,2026-05-21 16:25:53,post_market,2026-05-21,2026-05-22,NEGATIVE,OK,1420,2562
MAXHEALTH_2026-06-30,MAXHEALTH,Max Healthcare Institute Ltd.,2026-06-30,2026-Q1,2026-08-13 14:27:18,during_market,2026-08-12,2026-08-14,NEUTRAL,OK,1477,2619
NESTLEIND_2023-09-30,NESTLEIND,Nestle India Ltd.,2023-09-30,2023-Q2,2023-10-19 10:53:01,during_market,2023-10-18,2023-10-22,NEUTRAL,OK,1928,1928
NESTLEIND_2023-12-31,NESTLEIND,Nestle India Ltd.,2023-12-31,2023-Q3,2024-02-07 12:37:00,during_market,2024-02-06,2024-02-08,NEUTRAL,OK,2001,2001
NESTLEIND_2024-03-31,NESTLEIND,Nestle India Ltd.,2024-03-31,2024-Q1,2024-04-25 12:31:37,during_market,2024-04-24,2024-04-28,NEUTRAL,OK,2052,2052
NESTLEIND_2024-06-30,NESTLEIND,Nestle India Ltd.,2024-06-30,2024-Q1,2024-07-25 11:10:37,during_market,2024-07-24,2024-07-26,NEUTRAL,OK,2112,2112
NESTLEIND_2024-09-30,NESTLEIND,Nestle India Ltd.,2024-09-30,2024-Q2,2024-10-17 12:04:43,during_market,2024-10-16,2024-10-18,NEUTRAL,OK,2170,2170
NESTLEIND_2024-12-31,NESTLEIND,Nestle India Ltd.,2024-12-31,2024-Q3,2025-01-31 12:02:43,during_market,2025-01-30,2025-02-03,NEGATIVE,OK,2243,2243
NESTLEIND_2025-06-30,NESTLEIND,Nestle India Ltd.,2025-06-30,2025-Q1,2025-07-24 11:43:06,during_market,2025-07-23,2025-07-25,NEUTRAL,OK,2360,2360
NESTLEIND_2025-09-30,NESTLEIND,Nestle India Ltd.,2025-09-30,2025-Q2,2025-10-16 11:49:22,during_market,2025-10-15,2025-10-17,NEGATIVE,OK,2417,2417
NESTLEIND_2025-12-31,NESTLEIND,Nestle India Ltd.,2025-12-31,2025-Q3,2026-01-30 13:50:52,during_market,2026-01-29,2026-02-02,NEGATIVE,OK,2488,2488
NESTLEIND_2026-03-31,NESTLEIND,Nestle India Ltd.,2026-03-31,2026-Q4,2026-04-21 14:15:02,during_market,2026-04-20,2026-04-22,POSITIVE,OK,2540,2540
NESTLEIND_2026-06-30,NESTLEIND,Nestle India Ltd.,2026-06-30,2026-Q1,2026-07-22 11:11:18,during_market,2026-07-21,2026-07-23,POSITIVE,OK,2603,2603
NTPC_2015-12-31,NTPC,NTPC Ltd.,2015-12-31,2015-Q3,2016-01-29 14:16:41,non_trading_day,2016-01-27,2016-01-31,NEGATIVE,INSUFFICIENT_HISTORY_return_20d|INSUFFICIENT_HISTORY_return_60d|INSUFFICIENT_HISTORY_volatility_20d|INSUFFICIENT_HISTORY_volatility_60d|INSUFFICIENT_HISTORY_volume_ratio_20d|INSUFFICIENT_HISTORY_distance_from_20dma|INSUFFICIENT_HISTORY_distance_from_50dma|INSUFFICIENT_HISTORY_distance_from_200dma|INSUFFICIENT_HISTORY_drawdown_from_20d_high|INSUFFICIENT_HISTORY_drawdown_from_60d_high|INSUFFICIENT_HISTORY_drawdown_from_252d_high|LIMITED_HISTORY|VERY_LIMITED_HISTORY,19,19
NTPC_2016-03-31,NTPC,NTPC Ltd.,2016-03-31,2016-Q4,2016-05-30 15:03:02,during_market,2016-05-29,2016-05-31,NEUTRAL,INSUFFICIENT_HISTORY_distance_from_200dma|INSUFFICIENT_HISTORY_drawdown_from_252d_high|VERY_LIMITED_HISTORY,100,100
NTPC_2016-06-30,NTPC,NTPC Ltd.,2016-06-30,2016-Q1,2016-08-22 14:46:36,during_market,2016-08-21,2016-08-23,NEUTRAL,INSUFFICIENT_HISTORY_distance_from_200dma|INSUFFICIENT_HISTORY_drawdown_from_252d_high|VERY_LIMITED_HISTORY,158,158
NTPC_2016-09-30,NTPC,NTPC Ltd.,2016-09-30,2016-Q2,2016-10-28 14:19:53,non_trading_day,2016-10-26,2016-10-31,NEUTRAL,INSUFFICIENT_HISTORY_drawdown_from_252d_high|VERY_LIMITED_HISTORY,202,202
NTPC_2016-12-31,NTPC,NTPC Ltd.,2016-12-31,2016-Q3,2017-02-08 13:35:56,during_market,2017-02-07,2017-02-09,NEUTRAL,OK,273,273
NTPC_2017-03-31,NTPC,NTPC Ltd.,2017-03-31,2017-Q4,2017-05-29 14:19:05,during_market,2017-05-28,2017-05-30,NEUTRAL,OK,346,346
NTPC_2017-06-30,NTPC,NTPC Ltd.,2017-06-30,2017-Q1,2017-07-29 14:25:43,non_trading_day,2017-07-26,2017-07-30,POSITIVE,OK,388,388
NTPC_2017-09-30,NTPC,NTPC Ltd.,2017-09-30,2017-Q2,2017-11-13 14:17:44,during_market,2017-11-12,2017-11-14,NEUTRAL,OK,461,461
NTPC_2017-12-31,NTPC,NTPC Ltd.,2017-12-31,2017-Q3,2018-01-31 16:11:02,post_market,2018-01-31,2018-02-01,POSITIVE,OK,517,517
NTPC_2018-03-31,NTPC,NTPC Ltd.,2018-03-31,2018-Q4,2018-05-28 14:37:11,during_market,2018-05-27,2018-05-29,NEUTRAL,OK,594,594
NTPC_2018-06-30,NTPC,NTPC Ltd.,2018-06-30,2018-Q1,2018-07-28 14:23:44,non_trading_day,2018-07-25,2018-07-29,NEUTRAL,OK,637,637
NTPC_2018-09-30,NTPC,NTPC Ltd.,2018-09-30,2018-Q2,2018-11-02 14:24:32,non_trading_day,2018-10-31,2018-11-04,NEUTRAL,OK,701,701
NTPC_2018-12-31,NTPC,NTPC Ltd.,2018-12-31,2018-Q3,2019-01-30 15:43:37,post_market,2019-01-30,2019-01-31,NEGATIVE,OK,763,763
NTPC_2019-03-31,NTPC,NTPC Ltd.,2019-03-31,2019-Q1,2019-05-25 14:03:54,non_trading_day,2019-05-22,2019-05-26,NEUTRAL,OK,835,835
NTPC_2019-06-30,NTPC,NTPC Ltd.,2019-06-30,2019-Q1,2019-08-10 15:18:27,non_trading_day,2019-08-07,2019-08-12,NEUTRAL,OK,889,889
NTPC_2019-09-30,NTPC,NTPC Ltd.,2019-09-30,2019-Q2,2019-11-09 15:42:06,non_trading_day,2019-11-06,2019-11-10,NEUTRAL,OK,947,947
NTPC_2019-12-31,NTPC,NTPC Ltd.,2019-12-31,2019-Q3,2020-02-07 15:57:41,non_trading_day,2020-02-05,2020-02-09,NEUTRAL,OK,1010,1010
NTPC_2020-03-31,NTPC,NTPC Ltd.,2020-03-31,2020-Q4,2020-06-27 16:25:44,non_trading_day,2020-06-24,2020-06-28,NEGATIVE,OK,1102,1102
NTPC_2020-06-30,NTPC,NTPC Ltd.,2020-06-30,2020-Q1,2020-08-14 14:18:46,non_trading_day,2020-08-12,2020-08-16,POSITIVE,OK,1137,1137
NTPC_2020-09-30,NTPC,NTPC Ltd.,2020-09-30,2020-Q2,2020-11-02 15:52:39,post_market,2020-11-02,2020-11-03,NEUTRAL,OK,1194,1194
NTPC_2020-12-31,NTPC,NTPC Ltd.,2020-12-31,2020-Q3,2021-02-04 14:10:30,during_market,2021-02-03,2021-02-07,NEGATIVE,OK,1258,1258
NTPC_2021-03-31,NTPC,NTPC Ltd.,2021-03-31,2021-Q4,2021-06-19 17:18:09,non_trading_day,2021-06-16,2021-06-20,NEUTRAL,OK,1347,1347
NTPC_2021-06-30,NTPC,NTPC Ltd.,2021-06-30,2021-Q1,2021-07-31 15:26:24,non_trading_day,2021-07-28,2021-08-01,NEGATIVE,OK,1376,1376
NTPC_2021-09-30,NTPC,NTPC Ltd.,2021-09-30,2021-Q2,2021-10-28 17:37:07,post_market,2021-10-28,2021-10-31,POSITIVE,OK,1439,1439
NTPC_2021-12-31,NTPC,NTPC Ltd.,2021-12-31,2021-Q3,2022-01-29 17:04:49,non_trading_day,2022-01-26,2022-01-30,NEGATIVE,OK,1500,1500
NTPC_2022-03-31,NTPC,NTPC Ltd.,2022-03-31,2022-Q4,2022-05-20 15:51:34,non_trading_day,2022-05-18,2022-05-22,POSITIVE,OK,1575,1575
NTPC_2022-12-31,NTPC,NTPC Ltd.,2022-12-31,2022-Q3,2023-01-28 15:26:41,non_trading_day,2023-01-24,2023-01-29,NEUTRAL,OK,1748,1748
NTPC_2023-03-31,NTPC,NTPC Ltd.,2023-03-31,2023-Q4,2023-05-19 19:20:09,non_trading_day,2023-05-17,2023-05-21,NEUTRAL,OK,1822,1822
NTPC_2023-06-30,NTPC,NTPC Ltd.,2023-06-30,2023-Q1,2023-07-29 17:02:26,non_trading_day,2023-07-26,2023-07-30,POSITIVE,OK,1871,1871
NTPC_2023-09-30,NTPC,NTPC Ltd.,2023-09-30,2023-Q2,2023-10-28 17:24:16,non_trading_day,2023-10-25,2023-10-29,NEUTRAL,OK,1932,1932
NTPC_2023-12-31,NTPC,NTPC Ltd.,2023-12-31,2023-Q3,2024-01-29 20:31:55,post_market,2024-01-29,2024-01-30,POSITIVE,OK,1995,1995
NTPC_2024-03-31,NTPC,NTPC Ltd.,2024-03-31,2024-Q4,2024-05-24 19:35:26,non_trading_day,2024-05-22,2024-05-26,NEUTRAL,OK,2070,2070
NTPC_2024-06-30,NTPC,NTPC Ltd.,2024-06-30,2024-Q1,2024-07-27 15:40:03,non_trading_day,2024-07-25,2024-07-29,POSITIVE,OK,2113,2113
NTPC_2024-09-30,NTPC,NTPC Ltd.,2024-09-30,2024-Q2,2024-10-24 20:36:55,post_market,2024-10-24,2024-10-25,NEUTRAL,OK,2176,2176
NTPC_2024-12-31,NTPC,NTPC Ltd.,2024-12-31,2024-Q3,2025-01-25 17:35:39,non_trading_day,2025-01-23,2025-01-27,NEUTRAL,OK,2238,2238
NTPC_2025-03-31,NTPC,NTPC Ltd.,2025-03-31,2025-Q4,2025-05-24 16:42:54,non_trading_day,2025-05-22,2025-05-26,NEUTRAL,OK,2316,2316
NTPC_2025-06-30,NTPC,NTPC Ltd.,2025-06-30,2025-Q1,2025-07-29 20:01:29,post_market,2025-07-29,2025-07-30,NEUTRAL,OK,2364,2364
NTPC_2025-09-30,NTPC,NTPC Ltd.,2025-09-30,2025-Q2,2025-10-30 18:51:11,post_market,2025-10-30,2025-10-31,NEGATIVE,OK,2427,2427
NTPC_2025-12-31,NTPC,NTPC Ltd.,2025-12-31,2025-Q3,2026-01-30 16:33:05,post_market,2026-01-30,2026-02-02,POSITIVE,OK,2489,2489
NTPC_2026-03-31,NTPC,NTPC Ltd.,2026-03-31,2026-Q4,2026-05-23 15:15:04,non_trading_day,2026-05-21,2026-05-25,NEUTRAL,OK,2562,2562
NTPC_2026-06-30,NTPC,NTPC Ltd.,2026-06-30,2026-Q1,2026-07-24 19:43:51,post_market,2026-07-24,2026-07-27,NEGATIVE,OK,2606,2606
ONGC_2015-12-31,ONGC,Oil & Natural Gas Corporation Ltd.,2015-12-31,2015-Q3,2016-02-11 17:30:13,post_market,2016-02-11,2016-02-14,POSITIVE,INSUFFICIENT_HISTORY_return_60d|INSUFFICIENT_HISTORY_volatility_60d|INSUFFICIENT_HISTORY_distance_from_50dma|INSUFFICIENT_HISTORY_distance_from_200dma|INSUFFICIENT_HISTORY_drawdown_from_60d_high|INSUFFICIENT_HISTORY_drawdown_from_252d_high|LIMITED_HISTORY|VERY_LIMITED_HISTORY,30,30
ONGC_2016-03-31,ONGC,Oil & Natural Gas Corporation Ltd.,2016-03-31,2016-Q4,2016-05-26 15:12:55,during_market,2016-05-25,2016-05-29,NEUTRAL,INSUFFICIENT_HISTORY_distance_from_200dma|INSUFFICIENT_HISTORY_drawdown_from_252d_high|VERY_LIMITED_HISTORY,98,98
ONGC_2016-06-30,ONGC,Oil & Natural Gas Corporation Ltd.,2016-06-30,2016-Q1,2016-09-07 17:20:27,post_market,2016-09-07,2016-09-08,NEUTRAL,INSUFFICIENT_HISTORY_distance_from_200dma|INSUFFICIENT_HISTORY_drawdown_from_252d_high|VERY_LIMITED_HISTORY,170,170
ONGC_2016-09-30,ONGC,Oil & Natural Gas Corporation Ltd.,2016-09-30,2016-Q2,2016-10-27 13:41:34,during_market,2016-10-26,2016-10-31,NEGATIVE,INSUFFICIENT_HISTORY_drawdown_from_252d_high|VERY_LIMITED_HISTORY,202,202
ONGC_2016-12-31,ONGC,Oil & Natural Gas Corporation Ltd.,2016-12-31,2016-Q3,2017-01-31 17:20:42,post_market,2017-01-31,2017-02-01,NEGATIVE,OK,268,268
ONGC_2017-03-31,ONGC,Oil & Natural Gas Corporation Ltd.,2017-03-31,2017-Q4,2017-05-26 16:58:39,non_trading_day,2017-05-24,2017-05-28,NEUTRAL,OK,344,344
ONGC_2017-06-30,ONGC,Oil & Natural Gas Corporation Ltd.,2017-06-30,2017-Q1,2017-07-27 17:17:20,post_market,2017-07-27,2017-07-30,NEUTRAL,OK,389,389
ONGC_2017-09-30,ONGC,Oil & Natural Gas Corporation Ltd.,2017-09-30,2017-Q2,2017-10-28 15:38:27,non_trading_day,2017-10-25,2017-10-29,NEUTRAL,OK,449,449
ONGC_2017-12-31,ONGC,Oil & Natural Gas Corporation Ltd.,2017-12-31,2017-Q3,2018-02-09 17:36:04,non_trading_day,2018-02-07,2018-02-11,NEUTRAL,OK,522,522
ONGC_2018-03-31,ONGC,Oil & Natural Gas Corporation Ltd.,2018-03-31,2018-Q4,2018-05-30 19:23:23,post_market,2018-05-30,2018-05-31,NEUTRAL,OK,597,597
ONGC_2018-06-30,ONGC,Oil & Natural Gas Corporation Ltd.,2018-06-30,2018-Q1,2018-08-02 17:08:25,post_market,2018-08-02,2018-08-05,NEUTRAL,OK,643,643
ONGC_2018-09-30,ONGC,Oil & Natural Gas Corporation Ltd.,2018-09-30,2018-Q2,2018-11-03 18:09:49,non_trading_day,2018-10-31,2018-11-04,NEUTRAL,OK,701,701
ONGC_2018-12-31,ONGC,Oil & Natural Gas Corporation Ltd.,2018-12-31,2018-Q3,2019-02-14 17:15:32,post_market,2019-02-14,2019-02-17,POSITIVE,OK,773,773
ONGC_2019-06-30,ONGC,Oil & Natural Gas Corporation Ltd.,2019-06-30,2019-Q1,2019-08-13 17:26:07,post_market,2019-08-13,2019-08-15,NEGATIVE,OK,892,892
ONGC_2019-09-30,ONGC,Oil & Natural Gas Corporation Ltd.,2019-09-30,2019-Q2,2019-11-14 18:39:12,post_market,2019-11-14,2019-11-17,NEGATIVE,OK,952,952
ONGC_2019-12-31,ONGC,Oil & Natural Gas Corporation Ltd.,2019-12-31,2019-Q3,2020-02-14 18:05:25,non_trading_day,2020-02-12,2020-02-16,POSITIVE,OK,1015,1015
ONGC_2020-03-31,ONGC,Oil & Natural Gas Corporation Ltd.,2020-03-31,2020-Q4,2020-06-30 18:10:03,post_market,2020-06-30,2020-07-01,NEGATIVE,OK,1106,1106
ONGC_2020-06-30,ONGC,Oil & Natural Gas Corporation Ltd.,2020-06-30,2020-Q1,2020-09-01 18:22:52,post_market,2020-09-01,2020-09-02,NEGATIVE,OK,1151,1151
ONGC_2020-09-30,ONGC,Oil & Natural Gas Corporation Ltd.,2020-09-30,2020-Q2,2020-11-13 20:52:05,post_market,2020-11-13,2020-11-16,NEUTRAL,OK,1203,1203
ONGC_2020-12-31,ONGC,Oil & Natural Gas Corporation Ltd.,2020-12-31,2020-Q3,2021-02-13 15:58:10,non_trading_day,2021-02-10,2021-02-14,POSITIVE,OK,1263,1263
ONGC_2021-03-31,ONGC,Oil & Natural Gas Corporation Ltd.,2021-03-31,2021-Q4,2021-06-24 22:43:53,post_market,2021-06-24,2021-06-27,NEGATIVE,OK,1353,1353
ONGC_2021-06-30,ONGC,Oil & Natural Gas Corporation Ltd.,2021-06-30,2021-Q1,2021-08-13 20:38:48,non_trading_day,2021-08-11,2021-08-15,NEGATIVE,OK,1386,1386
ONGC_2021-09-30,ONGC,Oil & Natural Gas Corporation Ltd.,2021-09-30,2021-Q2,2021-11-12 17:44:04,non_trading_day,2021-11-10,2021-11-14,NEUTRAL,OK,1447,1447
ONGC_2021-12-31,ONGC,Oil & Natural Gas Corporation Ltd.,2021-12-31,2021-Q3,2022-02-11 22:37:21,non_trading_day,2022-02-09,2022-02-13,NEUTRAL,OK,1510,1510
ONGC_2022-03-31,ONGC,Oil & Natural Gas Corporation Ltd.,2022-03-31,2022-Q4,2022-05-30 18:23:45,post_market,2022-05-30,2022-05-31,POSITIVE,OK,1583,1583
ONGC_2022-12-31,ONGC,Oil & Natural Gas Corporation Ltd.,2022-12-31,2022-Q3,2023-02-14 19:30:18,post_market,2023-02-14,2023-02-15,NEUTRAL,OK,1762,1762
ONGC_2023-03-31,ONGC,Oil & Natural Gas Corporation Ltd.,2023-03-31,2023-Q4,2023-05-26 21:12:28,non_trading_day,2023-05-24,2023-05-28,NEGATIVE,OK,1827,1827
ONGC_2023-06-30,ONGC,Oil & Natural Gas Corporation Ltd.,2023-06-30,2023-Q1,2023-08-11 21:06:31,non_trading_day,2023-08-09,2023-08-13,NEUTRAL,OK,1881,1881
ONGC_2023-09-30,ONGC,Oil & Natural Gas Corporation Ltd.,2023-09-30,2023-Q2,2023-11-10 19:20:12,non_trading_day,2023-11-08,2023-11-12,NEUTRAL,OK,1942,1942
ONGC_2023-12-31,ONGC,Oil & Natural Gas Corporation Ltd.,2023-12-31,2023-Q3,2024-02-12 15:41:11,post_market,2024-02-12,2024-02-13,NEUTRAL,OK,2005,2005
ONGC_2024-03-31,ONGC,Oil & Natural Gas Corporation Ltd.,2024-03-31,2024-Q4,2024-05-20 22:32:23,post_market,2024-05-20,2024-05-21,NEUTRAL,OK,2068,2068
ONGC_2024-06-30,ONGC,Oil & Natural Gas Corporation Ltd.,2024-06-30,2024-Q1,2024-08-05 19:59:59,post_market,2024-08-05,2024-08-06,POSITIVE,OK,2120,2120
ONGC_2024-09-30,ONGC,Oil & Natural Gas Corporation Ltd.,2024-09-30,2024-Q2,2024-11-11 18:21:29,post_market,2024-11-11,2024-11-12,NEUTRAL,OK,2188,2188
ONGC_2024-12-31,ONGC,Oil & Natural Gas Corporation Ltd.,2024-12-31,2024-Q3,2025-01-31 19:34:11,post_market,2025-01-31,2025-02-03,NEUTRAL,OK,2244,2244
ONGC_2025-03-31,ONGC,Oil & Natural Gas Corporation Ltd.,2025-03-31,2025-Q4,2025-05-21 21:52:35,post_market,2025-05-21,2025-05-22,NEUTRAL,OK,2315,2315
ONGC_2025-06-30,ONGC,Oil & Natural Gas Corporation Ltd.,2025-06-30,2025-Q1,2025-08-12 22:13:12,post_market,2025-08-12,2025-08-13,NEUTRAL,OK,2374,2374
ONGC_2025-09-30,ONGC,Oil & Natural Gas Corporation Ltd.,2025-09-30,2025-Q2,2025-11-10 22:18:44,post_market,2025-11-10,2025-11-11,NEUTRAL,OK,2433,2433
ONGC_2025-12-31,ONGC,Oil & Natural Gas Corporation Ltd.,2025-12-31,2025-Q3,2026-02-12 21:27:07,post_market,2026-02-12,2026-02-13,NEGATIVE,OK,2498,2498
ONGC_2026-03-31,ONGC,Oil & Natural Gas Corporation Ltd.,2026-03-31,2026-Q4,2026-05-26 20:58:27,post_market,2026-05-26,2026-05-27,NEUTRAL,OK,2565,2565
ONGC_2026-06-30,ONGC,Oil & Natural Gas Corporation Ltd.,2026-06-30,2026-Q1,2026-08-04 20:03:37,post_market,2026-08-04,2026-08-05,NEUTRAL,OK,2613,2613
POWERGRID_2015-12-31,POWERGRID,Power Grid Corporation of India Ltd.,2015-12-31,2016-Q4,2016-01-27 16:10:32,post_market,2016-01-27,2016-01-28,NEUTRAL,INSUFFICIENT_HISTORY_return_20d|INSUFFICIENT_HISTORY_return_60d|INSUFFICIENT_HISTORY_volatility_20d|INSUFFICIENT_HISTORY_volatility_60d|INSUFFICIENT_HISTORY_volume_ratio_20d|INSUFFICIENT_HISTORY_distance_from_20dma|INSUFFICIENT_HISTORY_distance_from_50dma|INSUFFICIENT_HISTORY_distance_from_200dma|INSUFFICIENT_HISTORY_drawdown_from_20d_high|INSUFFICIENT_HISTORY_drawdown_from_60d_high|INSUFFICIENT_HISTORY_drawdown_from_252d_high|LIMITED_HISTORY|VERY_LIMITED_HISTORY,19,19
POWERGRID_2016-03-31,POWERGRID,Power Grid Corporation of India Ltd.,2016-03-31,2016-Q4,2016-05-26 20:07:44,post_market,2016-05-26,2016-05-29,NEUTRAL,INSUFFICIENT_HISTORY_distance_from_200dma|INSUFFICIENT_HISTORY_drawdown_from_252d_high|VERY_LIMITED_HISTORY,99,99
POWERGRID_2016-06-30,POWERGRID,Power Grid Corporation of India Ltd.,2016-06-30,2016-Q1,2016-08-16 13:51:11,during_market,2016-08-15,2016-08-17,NEUTRAL,INSUFFICIENT_HISTORY_distance_from_200dma|INSUFFICIENT_HISTORY_drawdown_from_252d_high|VERY_LIMITED_HISTORY,154,154
POWERGRID_2016-09-30,POWERGRID,Power Grid Corporation of India Ltd.,2016-09-30,2016-Q2,2016-11-09 17:33:47,post_market,2016-11-09,2016-11-10,POSITIVE,INSUFFICIENT_HISTORY_drawdown_from_252d_high|VERY_LIMITED_HISTORY,211,211
POWERGRID_2016-12-31,POWERGRID,Power Grid Corporation of India Ltd.,2016-12-31,2016-Q3,2017-02-09 17:23:25,post_market,2017-02-09,2017-02-12,NEUTRAL,OK,275,275
POWERGRID_2017-03-31,POWERGRID,Power Grid Corporation of India Ltd.,2017-03-31,2017-Q4,2017-05-29 18:23:20,post_market,2017-05-29,2017-05-30,NEGATIVE,OK,347,347
POWERGRID_2017-06-30,POWERGRID,Power Grid Corporation of India Ltd.,2017-06-30,2017-Q1,2017-08-01 17:00:28,post_market,2017-08-01,2017-08-02,NEUTRAL,OK,392,392
POWERGRID_2017-09-30,POWERGRID,Power Grid Corporation of India Ltd.,2017-09-30,2017-Q2,2017-11-02 16:43:03,post_market,2017-11-02,2017-11-05,NEUTRAL,OK,455,455
POWERGRID_2017-12-31,POWERGRID,Power Grid Corporation of India Ltd.,2017-12-31,2017-Q3,2018-02-01 18:24:03,post_market,2018-02-01,2018-02-04,NEUTRAL,OK,518,518
POWERGRID_2018-03-31,POWERGRID,Power Grid Corporation of India Ltd.,2018-03-31,2018-Q4,2018-05-29 16:02:27,post_market,2018-05-29,2018-05-30,NEGATIVE,OK,596,596
POWERGRID_2018-06-30,POWERGRID,Power Grid Corporation of India Ltd.,2018-06-30,2018-Q1,2018-07-31 19:06:27,post_market,2018-07-31,2018-08-01,NEUTRAL,OK,641,641
POWERGRID_2018-09-30,POWERGRID,Power Grid Corporation of India Ltd.,2018-09-30,2018-Q2,2018-11-05 17:47:25,post_market,2018-11-05,2018-11-06,NEGATIVE,OK,704,704
POWERGRID_2018-12-31,POWERGRID,Power Grid Corporation of India Ltd.,2018-12-31,2018-Q3,2019-01-31 15:49:24,post_market,2019-01-31,2019-02-03,NEUTRAL,OK,764,764
POWERGRID_2019-03-31,POWERGRID,Power Grid Corporation of India Ltd.,2019-03-31,2019-Q4,2019-05-29 17:18:30,post_market,2019-05-29,2019-05-30,POSITIVE,OK,840,840
POWERGRID_2019-06-30,POWERGRID,Power Grid Corporation of India Ltd.,2019-06-30,2019-Q1,2019-08-02 12:11:47,non_trading_day,2019-07-31,2019-08-04,NEUTRAL,OK,884,884
POWERGRID_2019-09-30,POWERGRID,Power Grid Corporation of India Ltd.,2019-09-30,2019-Q2,2019-11-07 15:43:21,post_market,2019-11-07,2019-11-10,NEUTRAL,OK,948,948
POWERGRID_2019-12-31,POWERGRID,Power Grid Corporation of India Ltd.,2019-12-31,2019-Q3,2020-01-31 15:40:55,non_trading_day,2020-01-29,2020-02-02,NEUTRAL,OK,1005,1005
POWERGRID_2020-03-31,POWERGRID,Power Grid Corporation of India Ltd.,2020-03-31,2020-Q1,2020-06-20 19:11:45,non_trading_day,2020-06-17,2020-06-21,NEUTRAL,OK,1097,1097
POWERGRID_2020-06-30,POWERGRID,Power Grid Corporation of India Ltd.,2020-06-30,2020-Q1,2020-08-10 19:05:28,post_market,2020-08-10,2020-08-11,NEUTRAL,OK,1135,1135
POWERGRID_2020-09-30,POWERGRID,Power Grid Corporation of India Ltd.,2020-09-30,2020-Q2,2020-11-11 18:37:23,post_market,2020-11-11,2020-11-12,NEGATIVE,OK,1201,1201
POWERGRID_2020-12-31,POWERGRID,Power Grid Corporation of India Ltd.,2020-12-31,2020-Q3,2021-02-11 17:49:54,post_market,2021-02-11,2021-02-14,POSITIVE,OK,1264,1264
POWERGRID_2021-03-31,POWERGRID,Power Grid Corporation of India Ltd.,2021-03-31,2021-Q4,2021-06-17 18:28:27,post_market,2021-06-17,2021-06-20,NEUTRAL,OK,1348,1348
POWERGRID_2021-06-30,POWERGRID,Power Grid Corporation of India Ltd.,2021-06-30,2021-Q1,2021-08-10 18:19:51,post_market,2021-08-10,2021-08-11,NEGATIVE,OK,1385,1385
POWERGRID_2021-09-30,POWERGRID,Power Grid Corporation of India Ltd.,2021-09-30,2021-Q2,2021-11-09 18:11:25,post_market,2021-11-09,2021-11-10,POSITIVE,OK,1446,1446
POWERGRID_2021-12-31,POWERGRID,Power Grid Corporation of India Ltd.,2021-12-31,2021-Q3,2022-02-09 16:42:04,post_market,2022-02-09,2022-02-10,NEGATIVE,OK,1510,1510
POWERGRID_2022-03-31,POWERGRID,Power Grid Corporation of India Ltd.,2022-03-31,2022-Q4,2022-05-21 17:34:41,non_trading_day,2022-05-18,2022-05-22,NEUTRAL,OK,1575,1575
POWERGRID_2022-12-31,POWERGRID,Power Grid Corporation of India Ltd.,2022-12-31,2022-Q3,2023-01-31 20:04:32,post_market,2023-01-31,2023-02-01,NEUTRAL,OK,1752,1752
POWERGRID_2023-03-31,POWERGRID,Power Grid Corporation of India Ltd.,2023-03-31,2023-Q4,2023-05-19 17:50:41,non_trading_day,2023-05-17,2023-05-21,NEUTRAL,OK,1822,1822
POWERGRID_2023-06-30,POWERGRID,Power Grid Corporation of India Ltd.,2023-06-30,2023-Q2,2023-07-31 19:43:40,post_market,2023-07-31,2023-08-01,NEUTRAL,OK,1874,1874
POWERGRID_2023-09-30,POWERGRID,Power Grid Corporation of India Ltd.,2023-09-30,2023-Q2,2023-11-07 18:07:05,post_market,2023-11-07,2023-11-08,NEUTRAL,OK,1941,1941
POWERGRID_2023-12-31,POWERGRID,Power Grid Corporation of India Ltd.,2023-12-31,2023-Q3,2024-02-07 15:29:40,during_market,2024-02-06,2024-02-08,NEUTRAL,OK,2001,2001
POWERGRID_2024-03-31,POWERGRID,Power Grid Corporation of India Ltd.,2024-03-31,2024-Q4,2024-05-22 18:45:18,post_market,2024-05-22,2024-05-23,NEUTRAL,OK,2070,2070
POWERGRID_2024-06-30,POWERGRID,Power Grid Corporation of India Ltd.,2024-06-30,2024-Q1,2024-07-26 20:21:28,post_market,2024-07-26,2024-07-29,POSITIVE,OK,2114,2114
POWERGRID_2024-09-30,POWERGRID,Power Grid Corporation of India Ltd.,2024-09-30,2024-Q2,2024-11-06 16:36:54,post_market,2024-11-06,2024-11-07,POSITIVE,OK,2185,2185
POWERGRID_2024-12-31,POWERGRID,Power Grid Corporation of India Ltd.,2024-12-31,2024-Q3,2025-02-03 20:22:55,post_market,2025-02-03,2025-02-04,NEGATIVE,OK,2245,2245
POWERGRID_2025-03-31,POWERGRID,Power Grid Corporation of India Ltd.,2025-03-31,2025-Q4,2025-05-19 19:45:44,post_market,2025-05-19,2025-05-20,NEUTRAL,OK,2313,2313
POWERGRID_2025-06-30,POWERGRID,Power Grid Corporation of India Ltd.,2025-06-30,2025-Q1,2025-07-30 14:54:12,during_market,2025-07-29,2025-07-31,NEUTRAL,OK,2364,2364
POWERGRID_2025-09-30,POWERGRID,Power Grid Corporation of India Ltd.,2025-09-30,2025-Q2,2025-11-03 18:19:24,post_market,2025-11-03,2025-11-04,NEGATIVE,OK,2429,2429
POWERGRID_2026-03-31,POWERGRID,Power Grid Corporation of India Ltd.,2026-03-31,2026-Q4,2026-05-15 19:46:24,post_market,2026-05-15,2026-05-18,NEUTRAL,OK,2558,2558
POWERGRID_2026-06-30,POWERGRID,Power Grid Corporation of India Ltd.,2026-06-30,2026-Q1,2026-08-05 22:43:02,post_market,2026-08-05,2026-08-06,NEUTRAL,OK,2614,2614
RELIANCE_2015-12-31,RELIANCE,Reliance Industries Ltd.,2015-12-31,2016-Q4,2016-01-19 16:45:05,post_market,2016-01-19,2016-01-20,NEUTRAL,INSUFFICIENT_HISTORY_return_20d|INSUFFICIENT_HISTORY_return_60d|INSUFFICIENT_HISTORY_volatility_20d|INSUFFICIENT_HISTORY_volatility_60d|INSUFFICIENT_HISTORY_volume_ratio_20d|INSUFFICIENT_HISTORY_distance_from_20dma|INSUFFICIENT_HISTORY_distance_from_50dma|INSUFFICIENT_HISTORY_distance_from_200dma|INSUFFICIENT_HISTORY_drawdown_from_20d_high|INSUFFICIENT_HISTORY_drawdown_from_60d_high|INSUFFICIENT_HISTORY_drawdown_from_252d_high|LIMITED_HISTORY|VERY_LIMITED_HISTORY,14,14
RELIANCE_2016-03-31,RELIANCE,Reliance Industries Ltd.,2016-03-31,2016-Q4,2016-04-22 17:27:22,non_trading_day,2016-04-20,2016-04-24,NEUTRAL,INSUFFICIENT_HISTORY_distance_from_200dma|INSUFFICIENT_HISTORY_drawdown_from_252d_high|VERY_LIMITED_HISTORY,73,73
RELIANCE_2016-06-30,RELIANCE,Reliance Industries Ltd.,2016-06-30,2016-Q1,2016-07-15 17:07:23,non_trading_day,2016-07-13,2016-07-17,NEUTRAL,INSUFFICIENT_HISTORY_distance_from_200dma|INSUFFICIENT_HISTORY_drawdown_from_252d_high|VERY_LIMITED_HISTORY,132,132
RELIANCE_2016-09-30,RELIANCE,Reliance Industries Ltd.,2016-09-30,2016-Q2,2016-10-20 17:12:11,post_market,2016-10-20,2016-10-23,NEUTRAL,INSUFFICIENT_HISTORY_distance_from_200dma|INSUFFICIENT_HISTORY_drawdown_from_252d_high|VERY_LIMITED_HISTORY,198,198
RELIANCE_2016-12-31,RELIANCE,Reliance Industries Ltd.,2016-12-31,2016-Q3,2017-01-16 17:26:46,post_market,2017-01-16,2017-01-17,NEUTRAL,OK,258,258
RELIANCE_2017-03-31,RELIANCE,Reliance Industries Ltd.,2017-03-31,2017-Q4,2017-04-24 17:07:49,post_market,2017-04-24,2017-04-25,NEGATIVE,OK,323,323
RELIANCE_2017-06-30,RELIANCE,Reliance Industries Ltd.,2017-06-30,2017-Q1,2017-07-20 17:44:16,post_market,2017-07-20,2017-07-23,NEUTRAL,OK,384,384
RELIANCE_2017-09-30,RELIANCE,Reliance Industries Ltd.,2017-09-30,2017-Q2,2017-10-13 17:16:47,non_trading_day,2017-10-11,2017-10-15,POSITIVE,OK,440,440
RELIANCE_2017-12-31,RELIANCE,Reliance Industries Ltd.,2017-12-31,2017-Q3,2018-01-19 18:15:45,non_trading_day,2018-01-17,2018-01-21,NEUTRAL,OK,508,508
RELIANCE_2018-03-31,RELIANCE,Reliance Industries Ltd.,2018-03-31,2018-Q4,2018-04-27 18:24:35,non_trading_day,2018-04-25,2018-04-29,NEUTRAL,OK,573,573
RELIANCE_2018-06-30,RELIANCE,Reliance Industries Ltd.,2018-06-30,2018-Q1,2018-07-27 18:11:59,non_trading_day,2018-07-25,2018-07-29,NEUTRAL,OK,637,637
RELIANCE_2018-09-30,RELIANCE,Reliance Industries Ltd.,2018-09-30,2018-Q2,2018-10-17 18:47:13,non_trading_day,2018-10-15,2018-10-18,NEGATIVE,OK,690,690
RELIANCE_2018-12-31,RELIANCE,Reliance Industries Ltd.,2018-12-31,2018-Q3,2019-01-17 18:16:26,post_market,2019-01-17,2019-01-20,NEUTRAL,OK,754,754
RELIANCE_2019-03-31,RELIANCE,Reliance Industries Ltd.,2019-03-31,2019-Q4,2019-04-18 18:15:31,non_trading_day,2019-04-15,2019-04-21,NEUTRAL,OK,812,812
RELIANCE_2019-06-30,RELIANCE,Reliance Industries Ltd.,2019-06-30,2019-Q1,2019-07-19 18:23:55,non_trading_day,2019-07-17,2019-07-21,NEGATIVE,OK,874,874
RELIANCE_2019-09-30,RELIANCE,Reliance Industries Ltd.,2019-09-30,2019-Q2,2019-10-18 18:35:40,non_trading_day,2019-10-16,2019-10-21,NEUTRAL,OK,933,933
RELIANCE_2019-12-31,RELIANCE,Reliance Industries Ltd.,2019-12-31,2019-Q3,2020-01-17 18:46:47,non_trading_day,2020-01-15,2020-01-19,NEUTRAL,OK,995,995
RELIANCE_2020-03-31,RELIANCE,Reliance Industries Ltd.,2020-03-31,2020-Q4,2020-04-30 18:32:41,non_trading_day,2020-04-28,2020-05-03,POSITIVE,OK,1063,1063
RELIANCE_2020-06-30,RELIANCE,Reliance Industries Ltd.,2020-06-30,2020-Q1,2020-07-30 19:18:06,post_market,2020-07-30,2020-08-02,POSITIVE,OK,1128,1128
RELIANCE_2020-09-30,RELIANCE,Reliance Industries Ltd.,2020-09-30,2020-Q2,2020-10-30 20:02:38,non_trading_day,2020-10-28,2020-11-01,NEUTRAL,OK,1191,1191
RELIANCE_2020-12-31,RELIANCE,Reliance Industries Ltd.,2020-12-31,2020-Q3,2021-01-22 19:50:19,non_trading_day,2021-01-20,2021-01-24,NEUTRAL,OK,1249,1249
RELIANCE_2021-03-31,RELIANCE,Reliance Industries Ltd.,2021-03-31,2021-Q4,2021-04-30 19:34:56,non_trading_day,2021-04-28,2021-05-02,NEUTRAL,OK,1313,1313
RELIANCE_2021-06-30,RELIANCE,Reliance Industries Ltd.,2021-06-30,2021-Q1,2021-07-23 19:37:56,non_trading_day,2021-07-21,2021-07-25,NEUTRAL,OK,1371,1371
RELIANCE_2021-09-30,RELIANCE,Reliance Industries Ltd.,2021-09-30,2021-Q2,2021-10-22 20:17:39,non_trading_day,2021-10-20,2021-10-24,NEUTRAL,OK,1433,1433
RELIANCE_2021-12-31,RELIANCE,Reliance Industries Ltd.,2021-12-31,2021-Q3,2022-01-21 19:48:07,non_trading_day,2022-01-19,2022-01-23,NEUTRAL,OK,1496,1496
RELIANCE_2022-03-31,RELIANCE,Reliance Industries Ltd.,2022-03-31,2022-Q4,2022-05-06 19:44:28,non_trading_day,2022-05-04,2022-05-08,NEUTRAL,OK,1565,1565
RELIANCE_2022-06-30,RELIANCE,Reliance Industries Ltd.,2022-06-30,2022-Q1,2022-07-22 19:35:39,non_trading_day,2022-07-20,2022-07-24,NEUTRAL,OK,1620,1620
RELIANCE_2022-09-30,RELIANCE,Reliance Industries Ltd.,2022-09-30,2022-Q2,2022-10-21 19:38:09,non_trading_day,2022-10-19,2022-10-23,NEUTRAL,OK,1681,1681
RELIANCE_2022-12-31,RELIANCE,Reliance Industries Ltd.,2022-12-31,2022-Q3,2023-01-20 19:07:53,non_trading_day,2023-01-18,2023-01-22,NEUTRAL,OK,1744,1744
RELIANCE_2023-03-31,RELIANCE,Reliance Industries Ltd.,2023-03-31,2023-Q4,2023-04-21 19:24:25,non_trading_day,2023-04-19,2023-04-23,NEUTRAL,OK,1803,1803
RELIANCE_2023-06-30,RELIANCE,Reliance Industries Ltd.,2023-06-30,2023-Q1,2023-07-21 19:39:21,non_trading_day,2023-07-19,2023-07-23,NEUTRAL,OK,1866,1866
RELIANCE_2023-09-30,RELIANCE,Reliance Industries Ltd.,2023-09-30,2023-Q2,2023-10-27 19:25:53,non_trading_day,2023-10-25,2023-10-29,NEUTRAL,OK,1932,1932
RELIANCE_2023-12-31,RELIANCE,Reliance Industries Ltd.,2023-12-31,2023-Q3,2024-01-19 18:13:53,non_trading_day,2024-01-17,2024-01-22,POSITIVE,OK,1989,1989
RELIANCE_2024-03-31,RELIANCE,Reliance Industries Ltd.,2024-03-31,2024-Q4,2024-04-22 19:01:25,post_market,2024-04-22,2024-04-23,NEUTRAL,OK,2050,2050
RELIANCE_2024-06-30,RELIANCE,Reliance Industries Ltd.,2024-06-30,2024-Q1,2024-07-19 19:16:04,post_market,2024-07-19,2024-07-22,NEUTRAL,OK,2109,2109
RELIANCE_2024-09-30,RELIANCE,Reliance Industries Ltd.,2024-09-30,2024-Q2,2024-10-14 19:02:31,post_market,2024-10-14,2024-10-15,NEUTRAL,OK,2168,2168
RELIANCE_2024-12-31,RELIANCE,Reliance Industries Ltd.,2024-12-31,2024-Q3,2025-01-16 19:25:42,post_market,2025-01-16,2025-01-17,NEUTRAL,OK,2233,2233
RELIANCE_2025-03-31,RELIANCE,Reliance Industries Ltd.,2025-03-31,2025-Q4,2025-04-25 20:05:15,post_market,2025-04-25,2025-04-28,POSITIVE,OK,2298,2298
RELIANCE_2025-06-30,RELIANCE,Reliance Industries Ltd.,2025-06-30,2025-Q1,2025-07-18 19:31:34,post_market,2025-07-18,2025-07-21,NEUTRAL,OK,2357,2357
RELIANCE_2025-09-30,RELIANCE,Reliance Industries Ltd.,2025-09-30,2025-Q2,2025-10-17 19:01:21,post_market,2025-10-17,2025-10-20,NEUTRAL,OK,2419,2419
RELIANCE_2025-12-31,RELIANCE,Reliance Industries Ltd.,2025-12-31,2025-Q3,2026-01-16 19:09:20,post_market,2026-01-16,2026-01-19,NEUTRAL,OK,2480,2480
RELIANCE_2026-03-31,RELIANCE,Reliance Industries Ltd.,2026-03-31,2026-Q4,2026-04-24 19:26:28,post_market,2026-04-24,2026-04-27,POSITIVE,OK,2544,2544
RELIANCE_2026-06-30,RELIANCE,Reliance Industries Ltd.,2026-06-30,2026-Q1,2026-07-17 19:07:44,post_market,2026-07-17,2026-07-20,NEGATIVE,OK,2601,2601
SBILIFE_2017-09-30,SBILIFE,SBI Life Insurance Company Ltd.,2017-09-30,2017-Q2,2017-10-31 14:11:42,during_market,2017-10-30,2017-11-01,NEUTRAL,INSUFFICIENT_HISTORY_return_20d|INSUFFICIENT_HISTORY_return_60d|INSUFFICIENT_HISTORY_volatility_20d|INSUFFICIENT_HISTORY_volatility_60d|INSUFFICIENT_HISTORY_distance_from_50dma|INSUFFICIENT_HISTORY_distance_from_200dma|INSUFFICIENT_HISTORY_drawdown_from_60d_high|INSUFFICIENT_HISTORY_drawdown_from_252d_high|LIMITED_HISTORY|VERY_LIMITED_HISTORY,20,452
SBILIFE_2017-12-31,SBILIFE,SBI Life Insurance Company Ltd.,2017-12-31,2017-Q3,2018-01-30 13:34:22,during_market,2018-01-29,2018-01-31,POSITIVE,INSUFFICIENT_HISTORY_distance_from_200dma|INSUFFICIENT_HISTORY_drawdown_from_252d_high|VERY_LIMITED_HISTORY,83,515
SBILIFE_2018-03-31,SBILIFE,SBI Life Insurance Company Ltd.,2018-03-31,2018-Q4,2018-04-26 15:10:06,during_market,2018-04-25,2018-04-29,NEGATIVE,INSUFFICIENT_HISTORY_distance_from_200dma|INSUFFICIENT_HISTORY_drawdown_from_252d_high|VERY_LIMITED_HISTORY,141,573
SBILIFE_2018-06-30,SBILIFE,SBI Life Insurance Company Ltd.,2018-06-30,2018-Q1,2018-07-26 14:54:27,during_market,2018-07-25,2018-07-29,NEUTRAL,INSUFFICIENT_HISTORY_drawdown_from_252d_high|VERY_LIMITED_HISTORY,205,637
SBILIFE_2018-09-30,SBILIFE,SBI Life Insurance Company Ltd.,2018-09-30,2018-Q2,2018-10-19 19:25:05,non_trading_day,2018-10-16,2018-10-21,NEUTRAL,OK,259,691
SBILIFE_2018-12-31,SBILIFE,SBI Life Insurance Company Ltd.,2018-12-31,2018-Q3,2019-01-18 18:19:43,non_trading_day,2019-01-16,2019-01-20,NEUTRAL,OK,321,753
SBILIFE_2019-03-31,SBILIFE,SBI Life Insurance Company Ltd.,2019-03-31,2019-Q4,2019-04-25 20:24:51,post_market,2019-04-25,2019-04-29,POSITIVE,OK,386,818
SBILIFE_2019-06-30,SBILIFE,SBI Life Insurance Company Ltd.,2019-06-30,2019-Q1,2019-07-23 18:20:56,post_market,2019-07-23,2019-07-24,NEUTRAL,OK,446,878
SBILIFE_2019-09-30,SBILIFE,SBI Life Insurance Company Ltd.,2019-09-30,2019-Q2,2019-10-15 19:37:02,post_market,2019-10-15,2019-10-16,POSITIVE,OK,500,932
SBILIFE_2019-12-31,SBILIFE,SBI Life Insurance Company Ltd.,2019-12-31,2019-Q3,2020-01-22 14:59:11,during_market,2020-01-21,2020-01-23,NEUTRAL,OK,567,999
SBILIFE_2020-03-31,SBILIFE,SBI Life Insurance Company Ltd.,2020-03-31,2020-Q4,2020-05-05 15:00:29,during_market,2020-05-04,2020-05-06,NEUTRAL,OK,634,1066
SBILIFE_2020-06-30,SBILIFE,SBI Life Insurance Company Ltd.,2020-06-30,2020-Q1,2020-07-21 14:10:50,during_market,2020-07-20,2020-07-22,NEUTRAL,OK,688,1120
SBILIFE_2020-09-30,SBILIFE,SBI Life Insurance Company Ltd.,2020-09-30,2020-Q2,2020-10-26 14:34:13,during_market,2020-10-25,2020-10-27,NEUTRAL,OK,756,1188
SBILIFE_2020-12-31,SBILIFE,SBI Life Insurance Company Ltd.,2020-12-31,2020-Q3,2021-01-22 14:12:11,non_trading_day,2021-01-20,2021-01-24,POSITIVE,OK,817,1249
SBILIFE_2021-03-31,SBILIFE,SBI Life Insurance Company Ltd.,2021-03-31,2021-Q4,2021-05-03 14:53:20,during_market,2021-05-02,2021-05-04,NEUTRAL,OK,883,1315
SBILIFE_2021-06-30,SBILIFE,SBI Life Insurance Company Ltd.,2021-06-30,2021-Q1,2021-07-26 15:16:13,during_market,2021-07-25,2021-07-27,NEGATIVE,OK,941,1373
SBILIFE_2021-09-30,SBILIFE,SBI Life Insurance Company Ltd.,2021-09-30,2021-Q2,2021-10-28 13:20:33,during_market,2021-10-27,2021-10-31,NEUTRAL,OK,1006,1438
SBILIFE_2021-12-31,SBILIFE,SBI Life Insurance Company Ltd.,2021-12-31,2021-Q3,2022-01-21 15:08:01,non_trading_day,2022-01-19,2022-01-23,NEUTRAL,OK,1064,1496
SBILIFE_2022-03-31,SBILIFE,SBI Life Insurance Company Ltd.,2022-03-31,2022-Q4,2022-04-28 15:14:08,during_market,2022-04-27,2022-05-01,NEUTRAL,OK,1129,1561
SBILIFE_2022-12-31,SBILIFE,SBI Life Insurance Company Ltd.,2022-12-31,2022-Q3,2023-01-21 17:32:05,non_trading_day,2023-01-18,2023-01-22,NEUTRAL,OK,1312,1744
SBILIFE_2023-03-31,SBILIFE,SBI Life Insurance Company Ltd.,2023-03-31,2023-Q4,2023-04-26 19:15:42,post_market,2023-04-26,2023-04-27,NEUTRAL,OK,1376,1808
SBILIFE_2023-06-30,SBILIFE,SBI Life Insurance Company Ltd.,2023-06-30,2023-Q1,2023-07-25 18:47:27,post_market,2023-07-25,2023-07-26,NEUTRAL,OK,1438,1870
SBILIFE_2023-09-30,SBILIFE,SBI Life Insurance Company Ltd.,2023-09-30,2023-Q2,2023-10-27 14:50:50,non_trading_day,2023-10-25,2023-10-29,NEUTRAL,OK,1500,1932
SBILIFE_2023-12-31,SBILIFE,SBI Life Insurance Company Ltd.,2023-12-31,2023-Q3,2024-01-25 14:26:32,non_trading_day,2024-01-23,2024-01-28,NEUTRAL,OK,1560,1992
SBILIFE_2024-03-31,SBILIFE,SBI Life Insurance Company Ltd.,2024-03-31,2024-Q4,2024-04-26 15:48:48,non_trading_day,2024-04-24,2024-04-28,POSITIVE,OK,1620,2052
SBILIFE_2024-06-30,SBILIFE,SBI Life Insurance Company Ltd.,2024-06-30,2024-Q1,2024-07-24 18:50:21,post_market,2024-07-24,2024-07-25,NEUTRAL,OK,1680,2112
SBILIFE_2024-09-30,SBILIFE,SBI Life Insurance Company Ltd.,2024-09-30,2024-Q2,2024-10-23 14:40:42,during_market,2024-10-22,2024-10-24,NEUTRAL,OK,1742,2174
SBILIFE_2024-12-31,SBILIFE,SBI Life Insurance Company Ltd.,2024-12-31,2024-Q3,2025-01-17 14:35:42,during_market,2025-01-16,2025-01-20,NEGATIVE,OK,1801,2233
SBILIFE_2025-06-30,SBILIFE,SBI Life Insurance Company Ltd.,2025-06-30,2025-Q1,2025-07-24 15:22:36,during_market,2025-07-23,2025-07-25,NEUTRAL,OK,1928,2360
SBILIFE_2025-09-30,SBILIFE,SBI Life Insurance Company Ltd.,2025-09-30,2025-Q2,2025-10-24 15:27:47,during_market,2025-10-23,2025-10-27,POSITIVE,OK,1990,2422
SBILIFE_2025-12-31,SBILIFE,SBI Life Insurance Company Ltd.,2025-12-31,2025-Q3,2026-01-28 14:43:29,during_market,2026-01-27,2026-01-29,NEUTRAL,OK,2054,2486
SBILIFE_2026-03-31,SBILIFE,SBI Life Insurance Company Ltd.,2026-03-31,2026-Q4,2026-04-22 15:31:56,post_market,2026-04-22,2026-04-23,NEUTRAL,OK,2110,2542
SBILIFE_2026-06-30,SBILIFE,SBI Life Insurance Company Ltd.,2026-06-30,2026-Q1,2026-07-24 14:40:58,during_market,2026-07-23,2026-07-27,NEUTRAL,OK,2173,2605
SBIN_2015-12-31,SBIN,State Bank of India,2015-12-31,2015-Q3,2016-02-11 13:04:13,during_market,2016-02-10,2016-02-14,NEGATIVE,INSUFFICIENT_HISTORY_return_60d|INSUFFICIENT_HISTORY_volatility_60d|INSUFFICIENT_HISTORY_distance_from_50dma|INSUFFICIENT_HISTORY_distance_from_200dma|INSUFFICIENT_HISTORY_drawdown_from_60d_high|INSUFFICIENT_HISTORY_drawdown_from_252d_high|LIMITED_HISTORY|VERY_LIMITED_HISTORY,29,29
SBIN_2016-03-31,SBIN,State Bank of India,2016-03-31,2016-Q4,2016-05-27 13:03:48,non_trading_day,2016-05-25,2016-05-29,NEUTRAL,INSUFFICIENT_HISTORY_distance_from_200dma|INSUFFICIENT_HISTORY_drawdown_from_252d_high|VERY_LIMITED_HISTORY,98,98
SBIN_2016-06-30,SBIN,State Bank of India,2016-06-30,2016-Q1,2016-08-12 12:31:24,non_trading_day,2016-08-10,2016-08-15,POSITIVE,INSUFFICIENT_HISTORY_distance_from_200dma|INSUFFICIENT_HISTORY_drawdown_from_252d_high|VERY_LIMITED_HISTORY,152,152
SBIN_2016-09-30,SBIN,State Bank of India,2016-09-30,2016-Q2,2016-11-11 12:41:16,non_trading_day,2016-11-09,2016-11-14,NEUTRAL,INSUFFICIENT_HISTORY_drawdown_from_252d_high|VERY_LIMITED_HISTORY,211,211
SBIN_2016-12-31,SBIN,State Bank of India,2016-12-31,2016-Q3,2017-02-10 12:55:55,non_trading_day,2017-02-08,2017-02-12,NEUTRAL,OK,274,274
SBIN_2017-03-31,SBIN,State Bank of India,2017-03-31,2017-Q4,2017-05-19 12:08:20,non_trading_day,2017-05-17,2017-05-21,NEGATIVE,OK,339,339
SBIN_2017-06-30,SBIN,State Bank of India,2017-06-30,2017-Q1,2017-08-11 13:04:57,non_trading_day,2017-08-09,2017-08-13,NEUTRAL,OK,398,398
SBIN_2017-09-30,SBIN,State Bank of India,2017-09-30,2017-Q2,2017-11-10 12:55:33,non_trading_day,2017-11-08,2017-11-12,NEUTRAL,OK,459,459
SBIN_2017-12-31,SBIN,State Bank of India,2017-12-31,2017-Q3,2018-02-09 17:49:41,non_trading_day,2018-02-07,2018-02-11,NEGATIVE,OK,522,522
SBIN_2018-03-31,SBIN,State Bank of India,2018-03-31,2018-Q4,2018-05-22 14:10:59,during_market,2018-05-21,2018-05-23,NEGATIVE,OK,590,590
SBIN_2018-06-30,SBIN,State Bank of India,2018-06-30,2018-Q1,2018-08-10 14:01:03,non_trading_day,2018-08-08,2018-08-12,NEUTRAL,OK,647,647
SBIN_2018-09-30,SBIN,State Bank of India,2018-09-30,2018-Q2,2018-11-05 15:21:36,during_market,2018-11-04,2018-11-06,NEGATIVE,OK,703,703
SBIN_2018-12-31,SBIN,State Bank of India,2018-12-31,2018-Q3,2019-02-01 13:40:49,non_trading_day,2019-01-30,2019-02-03,NEUTRAL,OK,763,763
SBIN_2019-03-31,SBIN,State Bank of India,2019-03-31,2019-Q4,2019-05-10 13:46:54,non_trading_day,2019-05-08,2019-05-12,POSITIVE,OK,825,825
SBIN_2019-06-30,SBIN,State Bank of India,2019-06-30,2019-Q1,2019-08-02 13:48:28,non_trading_day,2019-07-31,2019-08-04,NEGATIVE,OK,884,884
SBIN_2019-09-30,SBIN,State Bank of India,2019-09-30,2019-Q2,2019-10-25 13:52:07,non_trading_day,2019-10-23,2019-10-26,POSITIVE,OK,937,937
SBIN_2019-12-31,SBIN,State Bank of India,2019-12-31,2019-Q3,2020-01-31 13:41:29,non_trading_day,2020-01-29,2020-02-02,POSITIVE,OK,1005,1005
SBIN_2020-03-31,SBIN,State Bank of India,2020-03-31,2020-Q4,2020-06-05 14:09:12,non_trading_day,2020-06-03,2020-06-07,NEGATIVE,OK,1087,1087
SBIN_2020-06-30,SBIN,State Bank of India,2020-06-30,2020-Q1,2020-07-31 13:38:51,non_trading_day,2020-07-29,2020-08-02,NEGATIVE,OK,1127,1127
SBIN_2020-09-30,SBIN,State Bank of India,2020-09-30,2020-Q2,2020-11-04 19:03:35,post_market,2020-11-04,2020-11-05,POSITIVE,OK,1196,1196
SBIN_2020-12-31,SBIN,State Bank of India,2020-12-31,2020-Q3,2021-02-04 13:34:46,during_market,2021-02-03,2021-02-07,NEGATIVE,OK,1258,1258
SBIN_2021-03-31,SBIN,State Bank of India,2021-03-31,2021-Q1,2021-05-21 14:12:10,non_trading_day,2021-05-19,2021-05-23,POSITIVE,OK,1327,1327
SBIN_2021-06-30,SBIN,State Bank of India,2021-06-30,2021-Q1,2021-08-04 13:33:13,during_market,2021-08-03,2021-08-05,NEGATIVE,OK,1380,1380
SBIN_2021-09-30,SBIN,State Bank of India,2021-09-30,2021-Q2,2021-11-03 13:42:53,during_market,2021-11-02,2021-11-07,NEUTRAL,OK,1442,1442
SBIN_2021-12-31,SBIN,State Bank of India,2021-12-31,2021-Q3,2022-02-05 13:32:40,non_trading_day,2022-02-02,2022-02-06,NEUTRAL,OK,1505,1505
SBIN_2022-03-31,SBIN,State Bank of India,2022-03-31,2022-Q4,2022-05-13 13:20:15,non_trading_day,2022-05-11,2022-05-15,NEUTRAL,OK,1570,1570
SBIN_2022-12-31,SBIN,State Bank of India,2022-12-31,2022-Q3,2023-02-03 17:09:13,non_trading_day,2023-02-01,2023-02-05,NEUTRAL,OK,1753,1753
SBIN_2023-03-31,SBIN,State Bank of India,2023-03-31,2023-Q4,2023-05-18 13:42:34,during_market,2023-05-17,2023-05-21,NEUTRAL,OK,1822,1822
SBIN_2023-06-30,SBIN,State Bank of India,2023-06-30,2023-Q1,2023-08-04 13:24:00,non_trading_day,2023-08-02,2023-08-06,NEUTRAL,OK,1876,1876
SBIN_2023-09-30,SBIN,State Bank of India,2023-09-30,2023-Q2,2023-11-04 13:55:48,non_trading_day,2023-11-01,2023-11-05,NEUTRAL,OK,1937,1937
SBIN_2023-12-31,SBIN,State Bank of India,2023-12-31,2023-Q3,2024-02-03 13:35:05,non_trading_day,2024-01-31,2024-02-04,POSITIVE,OK,1997,1997
SBIN_2024-03-31,SBIN,State Bank of India,2024-03-31,2024-Q4,2024-05-09 13:46:08,during_market,2024-05-08,2024-05-12,NEUTRAL,OK,2061,2061
SBIN_2024-06-30,SBIN,State Bank of India,2024-06-30,2024-Q1,2024-08-03 13:33:29,non_trading_day,2024-08-01,2024-08-05,NEUTRAL,OK,2118,2118
SBIN_2024-09-30,SBIN,State Bank of India,2024-09-30,2024-Q2,2024-11-08 13:41:03,during_market,2024-11-07,2024-11-11,NEGATIVE,OK,2186,2186
SBIN_2024-12-31,SBIN,State Bank of India,2024-12-31,2024-Q3,2025-02-06 14:23:58,during_market,2025-02-05,2025-02-07,NEUTRAL,OK,2247,2247
SBIN_2025-06-30,SBIN,State Bank of India,2025-06-30,2025-Q1,2025-08-08 13:48:23,during_market,2025-08-07,2025-08-11,NEUTRAL,OK,2371,2371
SBIN_2025-09-30,SBIN,State Bank of India,2025-09-30,2025-Q2,2025-11-04 13:26:22,during_market,2025-11-03,2025-11-06,NEUTRAL,OK,2429,2429
SBIN_2025-12-31,SBIN,State Bank of India,2025-12-31,2025-Q3,2026-02-07 13:30:39,non_trading_day,2026-02-05,2026-02-09,POSITIVE,OK,2493,2493
SBIN_2026-03-31,SBIN,State Bank of India,2026-03-31,2026-Q4,2026-05-08 14:01:38,during_market,2026-05-07,2026-05-11,NEUTRAL,OK,2552,2552
SBIN_2026-06-30,SBIN,State Bank of India,2026-06-30,2026-Q1,2026-08-07 13:44:20,during_market,2026-08-06,2026-08-10,NEUTRAL,OK,2615,2615
SHRIRAMFIN_2015-12-31,SHRIRAMFIN,Shriram Finance Ltd.,2015-12-31,2015-Q3,2016-01-30 17:53:37,non_trading_day,2016-01-27,2016-01-31,POSITIVE,INSUFFICIENT_HISTORY_return_20d|INSUFFICIENT_HISTORY_return_60d|INSUFFICIENT_HISTORY_volatility_20d|INSUFFICIENT_HISTORY_volatility_60d|INSUFFICIENT_HISTORY_volume_ratio_20d|INSUFFICIENT_HISTORY_distance_from_20dma|INSUFFICIENT_HISTORY_distance_from_50dma|INSUFFICIENT_HISTORY_distance_from_200dma|INSUFFICIENT_HISTORY_drawdown_from_20d_high|INSUFFICIENT_HISTORY_drawdown_from_60d_high|INSUFFICIENT_HISTORY_drawdown_from_252d_high|LIMITED_HISTORY|VERY_LIMITED_HISTORY,19,19
SHRIRAMFIN_2016-03-31,SHRIRAMFIN,Shriram Finance Ltd.,2016-03-31,2016-Q4,2016-04-29 15:31:52,non_trading_day,2016-04-27,2016-05-01,NEGATIVE,INSUFFICIENT_HISTORY_distance_from_200dma|INSUFFICIENT_HISTORY_drawdown_from_252d_high|VERY_LIMITED_HISTORY,78,78
SHRIRAMFIN_2016-06-30,SHRIRAMFIN,Shriram Finance Ltd.,2016-06-30,2016-Q1,2016-07-27 14:26:44,during_market,2016-07-26,2016-07-28,NEUTRAL,INSUFFICIENT_HISTORY_distance_from_200dma|INSUFFICIENT_HISTORY_drawdown_from_252d_high|VERY_LIMITED_HISTORY,141,141
SHRIRAMFIN_2016-09-30,SHRIRAMFIN,Shriram Finance Ltd.,2016-09-30,2016-Q2,2016-10-25 14:02:40,during_market,2016-10-24,2016-10-26,NEUTRAL,INSUFFICIENT_HISTORY_drawdown_from_252d_high|VERY_LIMITED_HISTORY,200,200
SHRIRAMFIN_2016-12-31,SHRIRAMFIN,Shriram Finance Ltd.,2016-12-31,2016-Q3,2017-01-31 14:57:40,during_market,2017-01-30,2017-02-01,NEGATIVE,OK,267,267
SHRIRAMFIN_2017-03-31,SHRIRAMFIN,Shriram Finance Ltd.,2017-03-31,2017-Q4,2017-04-27 13:58:38,during_market,2017-04-26,2017-05-01,NEUTRAL,OK,325,325
SHRIRAMFIN_2017-06-30,SHRIRAMFIN,Shriram Finance Ltd.,2017-06-30,2017-Q1,2017-07-31 13:21:02,during_market,2017-07-30,2017-08-01,NEGATIVE,OK,390,390
SHRIRAMFIN_2017-09-30,SHRIRAMFIN,Shriram Finance Ltd.,2017-09-30,2017-Q2,2017-11-01 14:15:22,during_market,2017-10-31,2017-11-02,NEUTRAL,OK,453,453
SHRIRAMFIN_2017-12-31,SHRIRAMFIN,Shriram Finance Ltd.,2017-12-31,2018-Q4,2018-01-27 13:25:16,non_trading_day,2018-01-23,2018-01-28,NEGATIVE,OK,512,512
SHRIRAMFIN_2018-03-31,SHRIRAMFIN,Shriram Finance Ltd.,2018-03-31,2018-Q4,2018-04-27 15:13:39,non_trading_day,2018-04-25,2018-04-29,NEUTRAL,OK,573,573
SHRIRAMFIN_2018-06-30,SHRIRAMFIN,Shriram Finance Ltd.,2018-06-30,2018-Q2,2018-07-26 16:06:01,post_market,2018-07-26,2018-07-29,NEUTRAL,OK,638,638
SHRIRAMFIN_2018-09-30,SHRIRAMFIN,Shriram Finance Ltd.,2018-09-30,2018-Q2,2018-10-25 20:48:11,post_market,2018-10-25,2018-10-28,POSITIVE,OK,697,697
SHRIRAMFIN_2018-12-31,SHRIRAMFIN,Shriram Finance Ltd.,2018-12-31,2018-Q3,2019-01-28 13:29:13,during_market,2019-01-27,2019-01-29,NEUTRAL,OK,760,760
SHRIRAMFIN_2019-03-31,SHRIRAMFIN,Shriram Finance Ltd.,2019-03-31,2019-Q4,2019-05-08 22:08:36,post_market,2019-05-08,2019-05-09,NEUTRAL,OK,825,825
SHRIRAMFIN_2019-06-30,SHRIRAMFIN,Shriram Finance Ltd.,2019-06-30,2019-Q1,2019-07-24 19:05:45,post_market,2019-07-24,2019-07-25,NEUTRAL,OK,879,879
SHRIRAMFIN_2019-09-30,SHRIRAMFIN,Shriram Finance Ltd.,2019-09-30,2019-Q2,2019-10-24 19:40:30,post_market,2019-10-24,2019-10-26,NEUTRAL,OK,938,938
SHRIRAMFIN_2019-12-31,SHRIRAMFIN,Shriram Finance Ltd.,2019-12-31,2019-Q3,2020-02-03 18:28:20,post_market,2020-02-03,2020-02-04,POSITIVE,OK,1008,1008
SHRIRAMFIN_2020-03-31,SHRIRAMFIN,Shriram Finance Ltd.,2020-03-31,2020-Q4,2020-06-10 17:43:26,post_market,2020-06-10,2020-06-11,NEGATIVE,OK,1092,1092
SHRIRAMFIN_2020-06-30,SHRIRAMFIN,Shriram Finance Ltd.,2020-06-30,2020-Q1,2020-08-13 18:39:24,post_market,2020-08-13,2020-08-16,NEUTRAL,OK,1138,1138
SHRIRAMFIN_2020-09-30,SHRIRAMFIN,Shriram Finance Ltd.,2020-09-30,2020-Q2,2020-10-29 19:45:15,post_market,2020-10-29,2020-11-01,POSITIVE,OK,1192,1192
SHRIRAMFIN_2020-12-31,SHRIRAMFIN,Shriram Finance Ltd.,2020-12-31,2020-Q3,2021-01-28 17:32:15,post_market,2021-01-28,2021-01-31,POSITIVE,OK,1254,1254
SHRIRAMFIN_2021-03-31,SHRIRAMFIN,Shriram Finance Ltd.,2021-03-31,2021-Q4,2021-04-29 17:57:59,post_market,2021-04-29,2021-05-02,NEUTRAL,OK,1314,1314
SHRIRAMFIN_2021-06-30,SHRIRAMFIN,Shriram Finance Ltd.,2021-06-30,2021-Q1,2021-07-30 17:46:04,non_trading_day,2021-07-28,2021-08-01,NEGATIVE,OK,1376,1376
SHRIRAMFIN_2021-09-30,SHRIRAMFIN,Shriram Finance Ltd.,2021-09-30,2021-Q2,2021-10-29 17:52:52,non_trading_day,2021-10-27,2021-10-31,POSITIVE,OK,1438,1438
SHRIRAMFIN_2021-12-31,SHRIRAMFIN,Shriram Finance Ltd.,2021-12-31,2021-Q3,2022-01-24 16:41:13,post_market,2022-01-24,2022-01-26,NEUTRAL,OK,1499,1499
SHRIRAMFIN_2022-03-31,SHRIRAMFIN,Shriram Finance Ltd.,2022-03-31,2022-Q4,2022-04-28 16:49:31,post_market,2022-04-28,2022-05-01,NEUTRAL,OK,1562,1562
SHRIRAMFIN_2022-12-31,SHRIRAMFIN,Shriram Finance Ltd.,2022-12-31,2022-Q3,2023-01-31 17:16:00,post_market,2023-01-31,2023-02-01,NEUTRAL,OK,1752,1752
SHRIRAMFIN_2023-03-31,SHRIRAMFIN,Shriram Finance Ltd.,2023-03-31,2023-Q4,2023-04-27 18:23:19,post_market,2023-04-27,2023-05-01,NEUTRAL,OK,1809,1809
SHRIRAMFIN_2023-06-30,SHRIRAMFIN,Shriram Finance Ltd.,2023-06-30,2023-Q1,2023-07-27 13:30:24,during_market,2023-07-26,2023-07-30,NEGATIVE,OK,1871,1871
SHRIRAMFIN_2023-09-30,SHRIRAMFIN,Shriram Finance Ltd.,2023-09-30,2023-Q2,2023-10-26 15:10:44,during_market,2023-10-25,2023-10-29,POSITIVE,OK,1932,1932
SHRIRAMFIN_2023-12-31,SHRIRAMFIN,Shriram Finance Ltd.,2023-12-31,2023-Q3,2024-01-25 16:55:50,non_trading_day,2024-01-23,2024-01-28,NEUTRAL,OK,1992,1992
SHRIRAMFIN_2024-03-31,SHRIRAMFIN,Shriram Finance Ltd.,2024-03-31,2024-Q4,2024-04-26 14:37:54,non_trading_day,2024-04-24,2024-04-28,POSITIVE,OK,2052,2052
SHRIRAMFIN_2024-06-30,SHRIRAMFIN,Shriram Finance Ltd.,2024-06-30,2024-Q1,2024-07-26 13:06:54,during_market,2024-07-25,2024-07-29,NEUTRAL,OK,2113,2113
SHRIRAMFIN_2024-09-30,SHRIRAMFIN,Shriram Finance Ltd.,2024-09-30,2024-Q2,2024-10-25 15:54:21,post_market,2024-10-25,2024-10-28,NEGATIVE,OK,2177,2177
SHRIRAMFIN_2024-12-31,SHRIRAMFIN,Shriram Finance Ltd.,2024-12-31,2024-Q3,2025-01-24 15:08:31,during_market,2025-01-23,2025-01-27,POSITIVE,OK,2238,2238
SHRIRAMFIN_2025-06-30,SHRIRAMFIN,Shriram Finance Ltd.,2025-06-30,2025-Q1,2025-07-25 13:43:56,during_market,2025-07-24,2025-07-28,NEUTRAL,OK,2361,2361
SHRIRAMFIN_2025-09-30,SHRIRAMFIN,Shriram Finance Ltd.,2025-09-30,2025-Q2,2025-10-31 14:33:22,during_market,2025-10-30,2025-11-03,POSITIVE,OK,2427,2427
SHRIRAMFIN_2025-12-31,SHRIRAMFIN,Shriram Finance Ltd.,2025-12-31,2025-Q3,2026-01-23 14:09:50,during_market,2026-01-22,2026-01-27,NEUTRAL,OK,2484,2484
SHRIRAMFIN_2026-03-31,SHRIRAMFIN,Shriram Finance Ltd.,2026-03-31,2026-Q4,2026-04-24 15:05:55,during_market,2026-04-23,2026-04-27,NEGATIVE,OK,2543,2543
SHRIRAMFIN_2026-06-30,SHRIRAMFIN,Shriram Finance Ltd.,2026-06-30,2026-Q1,2026-07-24 13:50:47,during_market,2026-07-23,2026-07-27,NEGATIVE,OK,2605,2605
SUNPHARMA_2015-12-31,SUNPHARMA,Sun Pharmaceutical Industries Ltd.,2015-12-31,2015-Q3,2016-02-12 14:46:40,non_trading_day,2016-02-10,2016-02-14,NEUTRAL,INSUFFICIENT_HISTORY_return_60d|INSUFFICIENT_HISTORY_volatility_60d|INSUFFICIENT_HISTORY_distance_from_50dma|INSUFFICIENT_HISTORY_distance_from_200dma|INSUFFICIENT_HISTORY_drawdown_from_60d_high|INSUFFICIENT_HISTORY_drawdown_from_252d_high|LIMITED_HISTORY|VERY_LIMITED_HISTORY,29,29
SUNPHARMA_2016-03-31,SUNPHARMA,Sun Pharmaceutical Industries Ltd.,2016-03-31,2016-Q4,2016-05-30 22:03:09,post_market,2016-05-30,2016-05-31,NEGATIVE,INSUFFICIENT_HISTORY_distance_from_200dma|INSUFFICIENT_HISTORY_drawdown_from_252d_high|VERY_LIMITED_HISTORY,101,101
SUNPHARMA_2016-06-30,SUNPHARMA,Sun Pharmaceutical Industries Ltd.,2016-06-30,2016-Q1,2016-08-12 14:14:47,non_trading_day,2016-08-10,2016-08-15,NEUTRAL,INSUFFICIENT_HISTORY_distance_from_200dma|INSUFFICIENT_HISTORY_drawdown_from_252d_high|VERY_LIMITED_HISTORY,152,152
SUNPHARMA_2016-09-30,SUNPHARMA,Sun Pharmaceutical Industries Ltd.,2016-09-30,2016-Q2,2016-11-10 15:47:28,post_market,2016-11-10,2016-11-14,NEUTRAL,INSUFFICIENT_HISTORY_drawdown_from_252d_high|VERY_LIMITED_HISTORY,212,212
SUNPHARMA_2016-12-31,SUNPHARMA,Sun Pharmaceutical Industries Ltd.,2016-12-31,2016-Q3,2017-02-14 16:30:58,post_market,2017-02-14,2017-02-15,POSITIVE,OK,278,278
SUNPHARMA_2017-03-31,SUNPHARMA,Sun Pharmaceutical Industries Ltd.,2017-03-31,2017-Q4,2017-05-29 13:08:33,during_market,2017-05-28,2017-05-30,NEUTRAL,OK,346,346
SUNPHARMA_2017-06-30,SUNPHARMA,Sun Pharmaceutical Industries Ltd.,2017-06-30,2017-Q1,2017-08-11 15:36:07,non_trading_day,2017-08-09,2017-08-13,NEUTRAL,OK,398,398
SUNPHARMA_2017-09-30,SUNPHARMA,Sun Pharmaceutical Industries Ltd.,2017-09-30,2017-Q2,2017-11-14 15:53:04,post_market,2017-11-14,2017-11-15,POSITIVE,OK,463,463
SUNPHARMA_2017-12-31,SUNPHARMA,Sun Pharmaceutical Industries Ltd.,2017-12-31,2017-Q3,2018-02-14 15:54:36,post_market,2018-02-14,2018-02-15,NEGATIVE,OK,526,526
SUNPHARMA_2018-03-31,SUNPHARMA,Sun Pharmaceutical Industries Ltd.,2018-03-31,2018-Q4,2018-05-25 16:32:13,non_trading_day,2018-05-23,2018-05-27,NEGATIVE,OK,592,592
SUNPHARMA_2018-06-30,SUNPHARMA,Sun Pharmaceutical Industries Ltd.,2018-06-30,2018-Q1,2018-08-14 14:20:45,non_trading_day,2018-08-12,2018-08-15,NEUTRAL,OK,649,649
SUNPHARMA_2018-09-30,SUNPHARMA,Sun Pharmaceutical Industries Ltd.,2018-09-30,2018-Q2,2018-11-13 16:31:08,post_market,2018-11-13,2018-11-14,NEUTRAL,OK,709,709
SUNPHARMA_2018-12-31,SUNPHARMA,Sun Pharmaceutical Industries Ltd.,2018-12-31,2018-Q3,2019-02-12 16:28:59,non_trading_day,2019-02-10,2019-02-13,NEGATIVE,OK,770,770
SUNPHARMA_2019-03-31,SUNPHARMA,Sun Pharmaceutical Industries Ltd.,2019-03-31,2019-Q4,2019-05-28 17:19:46,post_market,2019-05-28,2019-05-29,NEUTRAL,OK,839,839
SUNPHARMA_2019-06-30,SUNPHARMA,Sun Pharmaceutical Industries Ltd.,2019-06-30,2019-Q1,2019-08-13 19:33:33,post_market,2019-08-13,2019-08-15,NEUTRAL,OK,892,892
SUNPHARMA_2019-09-30,SUNPHARMA,Sun Pharmaceutical Industries Ltd.,2019-09-30,2019-Q2,2019-11-07 14:50:10,during_market,2019-11-06,2019-11-10,NEUTRAL,OK,947,947
SUNPHARMA_2019-12-31,SUNPHARMA,Sun Pharmaceutical Industries Ltd.,2019-12-31,2019-Q3,2020-02-06 15:05:06,during_market,2020-02-05,2020-02-09,NEUTRAL,OK,1010,1010
SUNPHARMA_2020-03-31,SUNPHARMA,Sun Pharmaceutical Industries Ltd.,2020-03-31,2020-Q4,2020-05-27 15:01:06,during_market,2020-05-26,2020-05-28,NEGATIVE,OK,1081,1081
SUNPHARMA_2020-06-30,SUNPHARMA,Sun Pharmaceutical Industries Ltd.,2020-06-30,2020-Q1,2020-07-31 14:46:05,non_trading_day,2020-07-29,2020-08-02,NEUTRAL,OK,1127,1127
SUNPHARMA_2020-09-30,SUNPHARMA,Sun Pharmaceutical Industries Ltd.,2020-09-30,2020-Q2,2020-11-03 14:58:38,during_market,2020-11-02,2020-11-04,NEGATIVE,OK,1194,1194
SUNPHARMA_2020-12-31,SUNPHARMA,Sun Pharmaceutical Industries Ltd.,2020-12-31,2020-Q3,2021-01-29 14:06:41,non_trading_day,2021-01-27,2021-01-31,POSITIVE,OK,1253,1253
SUNPHARMA_2021-03-31,SUNPHARMA,Sun Pharmaceutical Industries Ltd.,2021-03-31,2021-Q4,2021-05-27 15:53:24,post_market,2021-05-27,2021-05-30,NEUTRAL,OK,1333,1333
SUNPHARMA_2021-06-30,SUNPHARMA,Sun Pharmaceutical Industries Ltd.,2021-06-30,2021-Q1,2021-07-30 13:55:15,non_trading_day,2021-07-28,2021-08-01,NEUTRAL,OK,1376,1376
SUNPHARMA_2021-09-30,SUNPHARMA,Sun Pharmaceutical Industries Ltd.,2021-09-30,2021-Q2,2021-11-02 13:17:26,during_market,2021-11-01,2021-11-03,NEUTRAL,OK,1441,1441
SUNPHARMA_2021-12-31,SUNPHARMA,Sun Pharmaceutical Industries Ltd.,2021-12-31,2021-Q3,2022-01-31 13:41:21,during_market,2022-01-30,2022-02-01,POSITIVE,OK,1502,1502
SUNPHARMA_2022-03-31,SUNPHARMA,Sun Pharmaceutical Industries Ltd.,2022-03-31,2022-Q4,2022-05-31 12:24:20,during_market,2022-05-30,2022-06-01,NEUTRAL,OK,1583,1583
SUNPHARMA_2022-12-31,SUNPHARMA,Sun Pharmaceutical Industries Ltd.,2022-12-31,2022-Q3,2023-01-31 13:28:17,during_market,2023-01-30,2023-02-01,NEUTRAL,OK,1751,1751
SUNPHARMA_2023-03-31,SUNPHARMA,Sun Pharmaceutical Industries Ltd.,2023-03-31,2023-Q4,2023-05-26 14:47:35,non_trading_day,2023-05-24,2023-05-28,POSITIVE,OK,1827,1827
SUNPHARMA_2023-06-30,SUNPHARMA,Sun Pharmaceutical Industries Ltd.,2023-06-30,2023-Q1,2023-08-03 14:05:07,during_market,2023-08-02,2023-08-06,NEUTRAL,OK,1876,1876
SUNPHARMA_2023-09-30,SUNPHARMA,Sun Pharmaceutical Industries Ltd.,2023-09-30,2023-Q2,2023-11-01 13:22:45,during_market,2023-10-31,2023-11-02,POSITIVE,OK,1936,1936
SUNPHARMA_2023-12-31,SUNPHARMA,Sun Pharmaceutical Industries Ltd.,2023-12-31,2023-Q3,2024-01-31 14:13:24,during_market,2024-01-30,2024-02-01,POSITIVE,OK,1996,1996
SUNPHARMA_2024-03-31,SUNPHARMA,Sun Pharmaceutical Industries Ltd.,2024-03-31,2024-Q4,2024-05-22 15:05:11,during_market,2024-05-21,2024-05-23,NEUTRAL,OK,2069,2069
SUNPHARMA_2024-06-30,SUNPHARMA,Sun Pharmaceutical Industries Ltd.,2024-06-30,2024-Q1,2024-08-01 14:12:02,during_market,2024-07-31,2024-08-02,NEUTRAL,OK,2117,2117
SUNPHARMA_2024-09-30,SUNPHARMA,Sun Pharmaceutical Industries Ltd.,2024-09-30,2024-Q2,2024-10-28 14:37:52,during_market,2024-10-25,2024-10-29,NEUTRAL,OK,2177,2177
SUNPHARMA_2024-12-31,SUNPHARMA,Sun Pharmaceutical Industries Ltd.,2024-12-31,2024-Q3,2025-01-31 15:11:53,during_market,2025-01-30,2025-02-03,NEUTRAL,OK,2243,2243
SUNPHARMA_2025-03-31,SUNPHARMA,Sun Pharmaceutical Industries Ltd.,2025-03-31,2025-Q4,2025-05-22 16:51:07,post_market,2025-05-22,2025-05-23,NEUTRAL,OK,2316,2316
SUNPHARMA_2025-06-30,SUNPHARMA,Sun Pharmaceutical Industries Ltd.,2025-06-30,2025-Q1,2025-07-31 14:22:11,during_market,2025-07-30,2025-08-01,NEGATIVE,OK,2365,2365
SUNPHARMA_2025-09-30,SUNPHARMA,Sun Pharmaceutical Industries Ltd.,2025-09-30,2025-Q2,2025-11-05 16:05:32,non_trading_day,2025-11-03,2025-11-06,NEUTRAL,OK,2429,2429
SUNPHARMA_2025-12-31,SUNPHARMA,Sun Pharmaceutical Industries Ltd.,2025-12-31,2025-Q3,2026-01-31 14:28:16,non_trading_day,2026-01-29,2026-02-02,POSITIVE,OK,2488,2488
SUNPHARMA_2026-03-31,SUNPHARMA,Sun Pharmaceutical Industries Ltd.,2026-03-31,2026-Q4,2026-05-22 14:43:51,during_market,2026-05-21,2026-05-25,NEUTRAL,OK,2562,2562
SUNPHARMA_2026-09-30,SUNPHARMA,Sun Pharmaceutical Industries Ltd.,2026-09-30,2026-Q2,2026-07-31 14:30:19,during_market,2026-07-30,2026-08-03,NEUTRAL,OK,2610,2610
TATACONSUM_2015-12-31,TATACONSUM,Tata Consumer Products Ltd.,2015-12-31,2015-Q3,2016-02-10 18:53:56,post_market,2016-02-10,2016-02-11,NEUTRAL,INSUFFICIENT_HISTORY_return_60d|INSUFFICIENT_HISTORY_volatility_60d|INSUFFICIENT_HISTORY_distance_from_50dma|INSUFFICIENT_HISTORY_distance_from_200dma|INSUFFICIENT_HISTORY_drawdown_from_60d_high|INSUFFICIENT_HISTORY_drawdown_from_252d_high|LIMITED_HISTORY|VERY_LIMITED_HISTORY,29,29
TATACONSUM_2016-03-31,TATACONSUM,Tata Consumer Products Ltd.,2016-03-31,2016-Q4,2016-05-24 18:43:03,post_market,2016-05-24,2016-05-25,NEGATIVE,INSUFFICIENT_HISTORY_distance_from_200dma|INSUFFICIENT_HISTORY_drawdown_from_252d_high|VERY_LIMITED_HISTORY,97,97
TATACONSUM_2016-06-30,TATACONSUM,Tata Consumer Products Ltd.,2016-06-30,2016-Q1,2016-08-09 14:29:48,during_market,2016-08-08,2016-08-10,NEUTRAL,INSUFFICIENT_HISTORY_distance_from_200dma|INSUFFICIENT_HISTORY_drawdown_from_252d_high|VERY_LIMITED_HISTORY,150,150
TATACONSUM_2016-09-30,TATACONSUM,Tata Consumer Products Ltd.,2016-09-30,2016-Q2,2016-11-15 17:51:15,post_market,2016-11-15,2016-11-16,NEUTRAL,INSUFFICIENT_HISTORY_drawdown_from_252d_high|VERY_LIMITED_HISTORY,214,214
TATACONSUM_2016-12-31,TATACONSUM,Tata Consumer Products Ltd.,2016-12-31,2016-Q3,2017-02-01 19:13:17,post_market,2017-02-01,2017-02-02,POSITIVE,OK,269,269
TATACONSUM_2017-03-31,TATACONSUM,Tata Consumer Products Ltd.,2017-03-31,2017-Q4,2017-05-30 22:17:53,post_market,2017-05-30,2017-05-31,NEUTRAL,OK,348,348
TATACONSUM_2017-06-30,TATACONSUM,Tata Consumer Products Ltd.,2017-06-30,2017-Q1,2017-08-11 13:34:31,non_trading_day,2017-08-09,2017-08-13,POSITIVE,OK,398,398
TATACONSUM_2017-09-30,TATACONSUM,Tata Consumer Products Ltd.,2017-09-30,2017-Q2,2017-11-14 13:09:14,during_market,2017-11-13,2017-11-15,POSITIVE,OK,462,462
TATACONSUM_2017-12-31,TATACONSUM,Tata Consumer Products Ltd.,2017-12-31,2017-Q3,2018-02-02 17:54:38,non_trading_day,2018-01-31,2018-02-04,POSITIVE,OK,517,517
TATACONSUM_2018-03-31,TATACONSUM,Tata Consumer Products Ltd.,2018-03-31,2018-Q4,2018-05-11 17:21:29,non_trading_day,2018-05-09,2018-05-13,NEGATIVE,OK,582,582
TATACONSUM_2018-06-30,TATACONSUM,Tata Consumer Products Ltd.,2018-06-30,2018-Q1,2018-08-01 12:37:43,during_market,2018-07-31,2018-08-02,NEUTRAL,OK,641,641
TATACONSUM_2018-09-30,TATACONSUM,Tata Consumer Products Ltd.,2018-09-30,2018-Q2,2018-10-30 16:24:55,post_market,2018-10-30,2018-10-31,NEGATIVE,OK,700,700
TATACONSUM_2018-12-31,TATACONSUM,Tata Consumer Products Ltd.,2018-12-31,2018-Q3,2019-02-05 13:23:43,during_market,2019-02-04,2019-02-06,NEUTRAL,OK,766,766
TATACONSUM_2019-03-31,TATACONSUM,Tata Consumer Products Ltd.,2019-03-31,2019-Q4,2019-04-23 16:25:12,post_market,2019-04-23,2019-04-24,NEGATIVE,OK,816,816
TATACONSUM_2019-06-30,TATACONSUM,Tata Consumer Products Ltd.,2019-06-30,2019-Q1,2019-07-31 16:22:09,post_market,2019-07-31,2019-08-01,POSITIVE,OK,884,884
TATACONSUM_2019-09-30,TATACONSUM,Tata Consumer Products Ltd.,2019-09-30,2019-Q2,2019-10-30 17:31:09,post_market,2019-10-30,2019-10-31,NEUTRAL,OK,942,942
TATACONSUM_2019-12-31,TATACONSUM,Tata Consumer Products Ltd.,2019-12-31,2019-Q3,2020-02-04 16:34:53,post_market,2020-02-04,2020-02-05,NEUTRAL,OK,1009,1009
TATACONSUM_2020-03-31,TATACONSUM,Tata Consumer Products Ltd.,2020-03-31,2020-Q4,2020-05-14 17:36:24,post_market,2020-05-14,2020-05-17,NEUTRAL,OK,1074,1074
TATACONSUM_2020-06-30,TATACONSUM,Tata Consumer Products Ltd.,2020-06-30,2020-Q1,2020-08-04 17:42:01,post_market,2020-08-04,2020-08-05,POSITIVE,OK,1131,1131
TATACONSUM_2020-09-30,TATACONSUM,Tata Consumer Products Ltd.,2020-09-30,2020-Q3,2020-11-06 17:20:50,non_trading_day,2020-11-04,2020-11-08,NEGATIVE,OK,1196,1196
TATACONSUM_2020-12-31,TATACONSUM,Tata Consumer Products Ltd.,2020-12-31,2020-Q3,2021-02-02 17:26:51,post_market,2021-02-02,2021-02-03,NEUTRAL,OK,1257,1257
TATACONSUM_2021-03-31,TATACONSUM,Tata Consumer Products Ltd.,2021-03-31,2021-Q1,2021-05-06 16:27:42,post_market,2021-05-06,2021-05-09,POSITIVE,OK,1319,1319
TATACONSUM_2021-06-30,TATACONSUM,Tata Consumer Products Ltd.,2021-06-30,2021-Q1,2021-08-03 18:06:48,post_market,2021-08-03,2021-08-04,NEUTRAL,OK,1380,1380
TATACONSUM_2021-09-30,TATACONSUM,Tata Consumer Products Ltd.,2021-09-30,2021-Q2,2021-10-22 18:03:06,non_trading_day,2021-10-20,2021-10-24,POSITIVE,OK,1433,1433
TATACONSUM_2021-12-31,TATACONSUM,Tata Consumer Products Ltd.,2021-12-31,2021-Q3,2022-02-02 16:11:38,post_market,2022-02-02,2022-02-03,NEGATIVE,OK,1505,1505
TATACONSUM_2022-03-31,TATACONSUM,Tata Consumer Products Ltd.,2022-03-31,2022-Q4,2022-05-04 18:05:58,post_market,2022-05-04,2022-05-05,NEUTRAL,OK,1565,1565
TATACONSUM_2022-12-31,TATACONSUM,Tata Consumer Products Ltd.,2022-12-31,2022-Q3,2023-02-02 16:30:02,post_market,2023-02-02,2023-02-05,NEUTRAL,OK,1754,1754
TATACONSUM_2023-03-31,TATACONSUM,Tata Consumer Products Ltd.,2023-03-31,2023-Q4,2023-04-25 16:11:46,post_market,2023-04-25,2023-04-26,POSITIVE,OK,1807,1807
TATACONSUM_2023-06-30,TATACONSUM,Tata Consumer Products Ltd.,2023-06-30,2023-Q2,2023-07-26 16:16:16,post_market,2023-07-26,2023-07-27,NEUTRAL,OK,1871,1871
TATACONSUM_2023-09-30,TATACONSUM,Tata Consumer Products Ltd.,2023-09-30,2023-Q3,2023-10-31 17:43:39,post_market,2023-10-31,2023-11-01,NEUTRAL,OK,1936,1936
TATACONSUM_2023-12-31,TATACONSUM,Tata Consumer Products Ltd.,2023-12-31,2023-Q3,2024-02-07 16:21:38,post_market,2024-02-07,2024-02-08,NEUTRAL,OK,2002,2002
TATACONSUM_2024-03-31,TATACONSUM,Tata Consumer Products Ltd.,2024-03-31,2024-Q4,2024-04-23 16:25:06,post_market,2024-04-23,2024-04-24,NEUTRAL,OK,2051,2051
TATACONSUM_2024-06-30,TATACONSUM,Tata Consumer Products Ltd.,2024-06-30,2024-Q1,2024-07-30 16:52:50,post_market,2024-07-30,2024-07-31,POSITIVE,OK,2116,2116
TATACONSUM_2024-09-30,TATACONSUM,Tata Consumer Products Ltd.,2024-09-30,2024-Q2,2024-10-18 16:36:11,post_market,2024-10-18,2024-10-21,NEUTRAL,OK,2172,2172
TATACONSUM_2024-12-31,TATACONSUM,Tata Consumer Products Ltd.,2024-12-31,2024-Q3,2025-01-30 17:13:55,post_market,2025-01-30,2025-01-31,NEUTRAL,OK,2243,2243
TATACONSUM_2025-06-30,TATACONSUM,Tata Consumer Products Ltd.,2025-06-30,2025-Q1,2025-07-23 17:10:45,post_market,2025-07-23,2025-07-24,NEUTRAL,OK,2360,2360
TATACONSUM_2025-09-30,TATACONSUM,Tata Consumer Products Ltd.,2025-09-30,2025-Q3,2025-11-03 12:50:10,during_market,2025-10-31,2025-11-04,NEGATIVE,OK,2428,2428
TATACONSUM_2025-12-31,TATACONSUM,Tata Consumer Products Ltd.,2025-12-31,2025-Q3,2026-01-27 13:13:27,during_market,2026-01-23,2026-01-28,NEUTRAL,OK,2485,2485
TATACONSUM_2026-03-31,TATACONSUM,Tata Consumer Products Ltd.,2026-03-31,2026-Q4,2026-05-08 16:54:55,post_market,2026-05-08,2026-05-11,NEGATIVE,OK,2553,2553
TATACONSUM_2026-06-30,TATACONSUM,Tata Consumer Products Ltd.,2026-06-30,2026-Q1,2026-07-24 15:57:57,post_market,2026-07-24,2026-07-27,NEGATIVE,OK,2606,2606
TATASTEEL_2015-12-31,TATASTEEL,Tata Steel Ltd.,2015-12-31,2015-Q3,2016-02-04 18:33:48,post_market,2016-02-04,2016-02-07,NEUTRAL,INSUFFICIENT_HISTORY_return_60d|INSUFFICIENT_HISTORY_volatility_60d|INSUFFICIENT_HISTORY_distance_from_50dma|INSUFFICIENT_HISTORY_distance_from_200dma|INSUFFICIENT_HISTORY_drawdown_from_60d_high|INSUFFICIENT_HISTORY_drawdown_from_252d_high|LIMITED_HISTORY|VERY_LIMITED_HISTORY,25,25
TATASTEEL_2016-03-31,TATASTEEL,Tata Steel Ltd.,2016-03-31,2016-Q4,2016-05-25 19:55:12,post_market,2016-05-25,2016-05-26,NEUTRAL,INSUFFICIENT_HISTORY_distance_from_200dma|INSUFFICIENT_HISTORY_drawdown_from_252d_high|VERY_LIMITED_HISTORY,98,98
TATASTEEL_2016-06-30,TATASTEEL,Tata Steel Ltd.,2016-06-30,2016-Q1,2016-09-12 15:54:26,non_trading_day,2016-09-08,2016-09-13,NEGATIVE,INSUFFICIENT_HISTORY_distance_from_200dma|INSUFFICIENT_HISTORY_drawdown_from_252d_high|VERY_LIMITED_HISTORY,171,171
TATASTEEL_2016-09-30,TATASTEEL,Tata Steel Ltd.,2016-09-30,2016-Q2,2016-11-11 18:22:46,non_trading_day,2016-11-09,2016-11-14,NEUTRAL,INSUFFICIENT_HISTORY_drawdown_from_252d_high|VERY_LIMITED_HISTORY,211,211
TATASTEEL_2016-12-31,TATASTEEL,Tata Steel Ltd.,2016-12-31,2016-Q3,2017-02-07 17:07:47,post_market,2017-02-07,2017-02-08,POSITIVE,OK,273,273
TATASTEEL_2017-03-31,TATASTEEL,Tata Steel Ltd.,2017-03-31,2017-Q4,2017-05-16 18:02:48,post_market,2017-05-16,2017-05-17,NEUTRAL,OK,338,338
TATASTEEL_2017-06-30,TATASTEEL,Tata Steel Ltd.,2017-06-30,2017-Q1,2017-08-07 17:29:18,post_market,2017-08-07,2017-08-08,POSITIVE,OK,396,396
TATASTEEL_2017-09-30,TATASTEEL,Tata Steel Ltd.,2017-09-30,2017-Q2,2017-10-30 18:28:34,post_market,2017-10-30,2017-10-31,NEUTRAL,OK,452,452
TATASTEEL_2017-12-31,TATASTEEL,Tata Steel Ltd.,2017-12-31,2017-Q3,2018-02-09 15:37:18,non_trading_day,2018-02-07,2018-02-11,NEGATIVE,OK,522,522
TATASTEEL_2018-03-31,TATASTEEL,Tata Steel Ltd.,2018-03-31,2018-Q4,2018-05-16 18:25:43,post_market,2018-05-16,2018-05-17,NEGATIVE,OK,587,587
TATASTEEL_2018-06-30,TATASTEEL,Tata Steel Ltd.,2018-06-30,2018-Q1,2018-08-13 19:00:00,post_market,2018-08-13,2018-08-15,NEUTRAL,OK,650,650
TATASTEEL_2018-09-30,TATASTEEL,Tata Steel Ltd.,2018-09-30,2018-Q2,2018-11-13 18:38:41,post_market,2018-11-13,2018-11-14,NEGATIVE,OK,709,709
TATASTEEL_2018-12-31,TATASTEEL,Tata Steel Ltd.,2018-12-31,2018-Q3,2019-02-08 16:17:29,non_trading_day,2019-02-06,2019-02-10,NEUTRAL,OK,768,768
TATASTEEL_2019-03-31,TATASTEEL,Tata Steel Ltd.,2019-03-31,2019-Q4,2019-04-25 19:15:25,post_market,2019-04-25,2019-04-29,NEGATIVE,OK,818,818
TATASTEEL_2019-06-30,TATASTEEL,Tata Steel Ltd.,2019-06-30,2019-Q1,2019-08-07 18:30:35,post_market,2019-08-07,2019-08-08,NEUTRAL,OK,889,889
TATASTEEL_2019-09-30,TATASTEEL,Tata Steel Ltd.,2019-09-30,2019-Q2,2019-11-06 17:46:12,post_market,2019-11-06,2019-11-07,NEUTRAL,OK,947,947
TATASTEEL_2019-12-31,TATASTEEL,Tata Steel Ltd.,2019-12-31,2019-Q3,2020-02-07 18:57:38,non_trading_day,2020-02-05,2020-02-09,NEUTRAL,OK,1010,1010
TATASTEEL_2020-03-31,TATASTEEL,Tata Steel Ltd.,2020-03-31,2020-Q4,2020-06-29 17:59:45,post_market,2020-06-29,2020-06-30,NEUTRAL,OK,1105,1105
TATASTEEL_2020-06-30,TATASTEEL,Tata Steel Ltd.,2020-06-30,2020-Q1,2020-08-13 20:10:33,post_market,2020-08-13,2020-08-16,NEUTRAL,OK,1138,1138
TATASTEEL_2020-09-30,TATASTEEL,Tata Steel Ltd.,2020-09-30,2020-Q2,2020-11-13 19:28:43,post_market,2020-11-13,2020-11-16,POSITIVE,OK,1203,1203
TATASTEEL_2020-12-31,TATASTEEL,Tata Steel Ltd.,2020-12-31,2020-Q3,2021-02-09 19:01:05,post_market,2021-02-09,2021-02-10,NEUTRAL,OK,1262,1262
TATASTEEL_2021-03-31,TATASTEEL,Tata Steel Ltd.,2021-03-31,2021-Q4,2021-05-05 19:23:37,post_market,2021-05-05,2021-05-06,NEUTRAL,OK,1318,1318
TATASTEEL_2021-06-30,TATASTEEL,Tata Steel Ltd.,2021-06-30,2021-Q1,2021-08-12 17:43:11,post_market,2021-08-12,2021-08-15,NEGATIVE,OK,1387,1387
TATASTEEL_2021-09-30,TATASTEEL,Tata Steel Ltd.,2021-09-30,2021-Q2,2021-11-11 18:53:01,post_market,2021-11-11,2021-11-14,NEGATIVE,OK,1448,1448
TATASTEEL_2021-12-31,TATASTEEL,Tata Steel Ltd.,2021-12-31,2021-Q3,2022-02-04 19:03:57,non_trading_day,2022-02-02,2022-02-06,POSITIVE,OK,1505,1505
TATASTEEL_2022-03-31,TATASTEEL,Tata Steel Ltd.,2022-03-31,2022-Q4,2022-05-03 19:24:42,post_market,2022-05-03,2022-05-04,NEGATIVE,OK,1564,1564
TATASTEEL_2022-12-31,TATASTEEL,Tata Steel Ltd.,2022-12-31,2022-Q3,2023-02-06 18:22:33,post_market,2023-02-06,2023-02-07,NEUTRAL,OK,1756,1756
TATASTEEL_2023-03-31,TATASTEEL,Tata Steel Ltd.,2023-03-31,2023-Q4,2023-05-02 18:30:39,post_market,2023-05-02,2023-05-03,NEUTRAL,OK,1811,1811
TATASTEEL_2023-06-30,TATASTEEL,Tata Steel Ltd.,2023-06-30,2023-Q1,2023-07-24 18:00:07,post_market,2023-07-24,2023-07-25,POSITIVE,OK,1869,1869
TATASTEEL_2023-09-30,TATASTEEL,Tata Steel Ltd.,2023-09-30,2023-Q2,2023-11-01 20:00:42,post_market,2023-11-01,2023-11-02,NEUTRAL,OK,1937,1937
TATASTEEL_2023-12-31,TATASTEEL,Tata Steel Ltd.,2023-12-31,2023-Q3,2024-01-24 18:49:19,post_market,2024-01-24,2024-01-28,NEUTRAL,OK,1993,1993
TATASTEEL_2024-03-31,TATASTEEL,Tata Steel Ltd.,2024-03-31,2024-Q4,2024-05-29 18:47:10,post_market,2024-05-29,2024-05-30,NEUTRAL,OK,2075,2075
TATASTEEL_2024-06-30,TATASTEEL,Tata Steel Ltd.,2024-06-30,2024-Q1,2024-07-31 18:10:55,post_market,2024-07-31,2024-08-01,NEGATIVE,OK,2117,2117
TATASTEEL_2024-09-30,TATASTEEL,Tata Steel Ltd.,2024-09-30,2024-Q2,2024-11-06 17:30:38,post_market,2024-11-06,2024-11-07,NEGATIVE,OK,2185,2185
TATASTEEL_2024-12-31,TATASTEEL,Tata Steel Ltd.,2024-12-31,2024-Q3,2025-01-27 18:31:38,post_market,2025-01-27,2025-01-28,POSITIVE,OK,2240,2240
TATASTEEL_2025-06-30,TATASTEEL,Tata Steel Ltd.,2025-06-30,2025-Q1,2025-07-30 17:59:07,post_market,2025-07-30,2025-07-31,NEUTRAL,OK,2365,2365
TATASTEEL_2025-09-30,TATASTEEL,Tata Steel Ltd.,2025-09-30,2025-Q2,2025-11-12 18:01:54,post_market,2025-11-12,2025-11-13,NEGATIVE,OK,2435,2435
TATASTEEL_2025-12-31,TATASTEEL,Tata Steel Ltd.,2025-12-31,2025-Q3,2026-02-06 16:36:12,post_market,2026-02-06,2026-02-09,POSITIVE,OK,2494,2494
TATASTEEL_2026-03-31,TATASTEEL,Tata Steel Ltd.,2026-03-31,2026-Q4,2026-05-15 17:44:51,post_market,2026-05-15,2026-05-18,NEUTRAL,OK,2558,2558
TATASTEEL_2026-06-30,TATASTEEL,Tata Steel Ltd.,2026-06-30,2026-Q1,2026-07-30 18:49:55,post_market,2026-07-30,2026-07-31,NEUTRAL,OK,2610,2610
TCS_2015-12-31,TCS,Tata Consultancy Services Ltd.,2015-12-31,2015-Q3,2016-01-12 18:27:14,post_market,2016-01-12,2016-01-13,NEUTRAL,INSUFFICIENT_HISTORY_return_10d|INSUFFICIENT_HISTORY_return_20d|INSUFFICIENT_HISTORY_return_60d|INSUFFICIENT_HISTORY_volatility_20d|INSUFFICIENT_HISTORY_volatility_60d|INSUFFICIENT_HISTORY_volume_ratio_20d|INSUFFICIENT_HISTORY_distance_from_20dma|INSUFFICIENT_HISTORY_distance_from_50dma|INSUFFICIENT_HISTORY_distance_from_200dma|INSUFFICIENT_HISTORY_drawdown_from_20d_high|INSUFFICIENT_HISTORY_drawdown_from_60d_high|INSUFFICIENT_HISTORY_drawdown_from_252d_high|LIMITED_HISTORY|VERY_LIMITED_HISTORY,9,9
TCS_2016-03-31,TCS,Tata Consultancy Services Ltd.,2016-03-31,2016-Q4,2016-04-18 17:02:27,non_trading_day,2016-04-12,2016-04-19,NEUTRAL,INSUFFICIENT_HISTORY_distance_from_200dma|INSUFFICIENT_HISTORY_drawdown_from_252d_high|VERY_LIMITED_HISTORY,70,70
TCS_2016-06-30,TCS,Tata Consultancy Services Ltd.,2016-06-30,2016-Q1,2016-07-14 16:12:04,post_market,2016-07-14,2016-07-17,POSITIVE,INSUFFICIENT_HISTORY_distance_from_200dma|INSUFFICIENT_HISTORY_drawdown_from_252d_high|VERY_LIMITED_HISTORY,133,133
TCS_2016-09-30,TCS,Tata Consultancy Services Ltd.,2016-09-30,2016-Q2,2016-10-13 16:33:49,post_market,2016-10-13,2016-10-16,NEUTRAL,INSUFFICIENT_HISTORY_distance_from_200dma|INSUFFICIENT_HISTORY_drawdown_from_252d_high|VERY_LIMITED_HISTORY,193,193
TCS_2016-12-31,TCS,Tata Consultancy Services Ltd.,2016-12-31,2016-Q3,2017-01-12 15:32:09,post_market,2017-01-12,2017-01-15,NEUTRAL,OK,256,256
TCS_2017-03-31,TCS,Tata Consultancy Services Ltd.,2017-03-31,2017-Q4,2017-04-18 17:02:35,post_market,2017-04-18,2017-04-19,NEGATIVE,OK,319,319
TCS_2017-06-30,TCS,Tata Consultancy Services Ltd.,2017-06-30,2017-Q1,2017-07-13 16:36:39,post_market,2017-07-13,2017-07-16,POSITIVE,OK,379,379
TCS_2017-09-30,TCS,Tata Consultancy Services Ltd.,2017-09-30,2017-Q2,2017-10-12 16:40:04,post_market,2017-10-12,2017-10-15,NEUTRAL,OK,441,441
TCS_2017-12-31,TCS,Tata Consultancy Services Ltd.,2017-12-31,2017-Q3,2018-01-11 17:27:40,post_market,2018-01-11,2018-01-14,POSITIVE,OK,504,504
TCS_2018-03-31,TCS,Tata Consultancy Services Ltd.,2018-03-31,2018-Q4,2018-04-19 17:54:01,post_market,2018-04-19,2018-04-22,POSITIVE,OK,569,569
TCS_2018-06-30,TCS,Tata Consultancy Services Ltd.,2018-06-30,2018-Q1,2018-07-10 17:04:55,post_market,2018-07-10,2018-07-11,NEUTRAL,OK,626,626
TCS_2018-09-30,TCS,Tata Consultancy Services Ltd.,2018-09-30,2018-Q2,2018-10-11 16:44:45,post_market,2018-10-11,2018-10-14,NEUTRAL,OK,688,688
TCS_2018-12-31,TCS,Tata Consultancy Services Ltd.,2018-12-31,2018-Q3,2019-01-10 16:58:27,post_market,2019-01-10,2019-01-13,POSITIVE,OK,749,749
TCS_2019-03-31,TCS,Tata Consultancy Services Ltd.,2019-03-31,2019-Q4,2019-04-12 16:40:41,non_trading_day,2019-04-10,2019-04-14,POSITIVE,OK,809,809
TCS_2019-06-30,TCS,Tata Consultancy Services Ltd.,2019-06-30,2019-Q1,2019-07-09 17:17:29,post_market,2019-07-09,2019-07-10,NEUTRAL,OK,868,868
TCS_2019-09-30,TCS,Tata Consultancy Services Ltd.,2019-09-30,2019-Q2,2019-10-10 16:41:34,post_market,2019-10-10,2019-10-13,NEUTRAL,OK,929,929
TCS_2019-12-31,TCS,Tata Consultancy Services Ltd.,2019-12-31,2019-Q3,2020-01-17 16:01:52,non_trading_day,2020-01-15,2020-01-19,NEUTRAL,OK,995,995
TCS_2020-03-31,TCS,Tata Consultancy Services Ltd.,2020-03-31,2020-Q4,2020-04-16 19:13:13,post_market,2020-04-16,2020-04-19,POSITIVE,OK,1055,1055
TCS_2020-06-30,TCS,Tata Consultancy Services Ltd.,2020-06-30,2020-Q1,2020-07-09 17:49:41,post_market,2020-07-09,2020-07-12,NEUTRAL,OK,1113,1113
TCS_2020-09-30,TCS,Tata Consultancy Services Ltd.,2020-09-30,2020-Q2,2020-10-07 18:32:18,post_market,2020-10-07,2020-10-08,NEUTRAL,OK,1176,1176
TCS_2020-12-31,TCS,Tata Consultancy Services Ltd.,2020-12-31,2020-Q3,2021-01-08 18:07:47,non_trading_day,2021-01-06,2021-01-10,NEUTRAL,OK,1239,1239
TCS_2021-03-31,TCS,Tata Consultancy Services Ltd.,2021-03-31,2021-Q4,2021-04-12 18:43:59,post_market,2021-04-12,2021-04-14,NEUTRAL,OK,1303,1303
TCS_2021-06-30,TCS,Tata Consultancy Services Ltd.,2021-06-30,2021-Q1,2021-07-08 18:41:57,post_market,2021-07-08,2021-07-11,NEUTRAL,OK,1363,1363
TCS_2021-09-30,TCS,Tata Consultancy Services Ltd.,2021-09-30,2021-Q2,2021-10-08 18:23:49,non_trading_day,2021-10-06,2021-10-10,NEGATIVE,OK,1424,1424
TCS_2021-12-31,TCS,Tata Consultancy Services Ltd.,2021-12-31,2021-Q3,2022-01-12 23:37:47,post_market,2022-01-12,2022-01-13,NEUTRAL,OK,1491,1491
TCS_2022-03-31,TCS,Tata Consultancy Services Ltd.,2022-03-31,2022-Q4,2022-04-11 17:40:50,post_market,2022-04-11,2022-04-12,NEUTRAL,OK,1551,1551
TCS_2022-06-30,TCS,Tata Consultancy Services Ltd.,2022-06-30,2022-Q1,2022-07-08 16:36:53,non_trading_day,2022-07-06,2022-07-10,NEGATIVE,OK,1610,1610
TCS_2022-12-31,TCS,Tata Consultancy Services Ltd.,2022-12-31,2022-Q3,2023-01-09 17:14:35,post_market,2023-01-09,2023-01-10,NEUTRAL,OK,1737,1737
TCS_2023-03-31,TCS,Tata Consultancy Services Ltd.,2023-03-31,2023-Q4,2023-04-12 17:17:07,post_market,2023-04-12,2023-04-16,NEUTRAL,OK,1799,1799
TCS_2023-06-30,TCS,Tata Consultancy Services Ltd.,2023-06-30,2023-Q1,2023-07-12 15:54:53,post_market,2023-07-12,2023-07-13,NEGATIVE,OK,1861,1861
TCS_2023-09-30,TCS,Tata Consultancy Services Ltd.,2023-09-30,2023-Q2,2023-10-11 17:03:52,post_market,2023-10-11,2023-10-12,NEUTRAL,OK,1923,1923
TCS_2023-12-31,TCS,Tata Consultancy Services Ltd.,2023-12-31,2023-Q3,2024-01-11 15:53:19,post_market,2024-01-11,2024-01-14,POSITIVE,OK,1985,1985
TCS_2024-03-31,TCS,Tata Consultancy Services Ltd.,2024-03-31,2024-Q4,2024-04-12 15:36:45,non_trading_day,2024-04-09,2024-04-14,NEGATIVE,OK,2043,2043
TCS_2024-06-30,TCS,Tata Consultancy Services Ltd.,2024-06-30,2024-Q1,2024-07-11 15:38:49,post_market,2024-07-11,2024-07-12,NEUTRAL,OK,2104,2104
TCS_2024-09-30,TCS,Tata Consultancy Services Ltd.,2024-09-30,2024-Q2,2024-10-10 16:06:39,post_market,2024-10-10,2024-10-11,NEUTRAL,OK,2166,2166
TCS_2024-12-31,TCS,Tata Consultancy Services Ltd.,2024-12-31,2024-Q3,2025-01-09 16:10:53,post_market,2025-01-09,2025-01-10,NEUTRAL,OK,2228,2228
TCS_2025-06-30,TCS,Tata Consultancy Services Ltd.,2025-06-30,2025-Q1,2025-07-10 15:57:29,post_market,2025-07-10,2025-07-11,NEUTRAL,OK,2351,2351
TCS_2025-09-30,TCS,Tata Consultancy Services Ltd.,2025-09-30,2025-Q2,2025-10-09 15:52:18,post_market,2025-10-09,2025-10-10,NEGATIVE,OK,2413,2413
TCS_2025-12-31,TCS,Tata Consultancy Services Ltd.,2025-12-31,2025-Q3,2026-01-12 15:50:27,post_market,2026-01-12,2026-01-13,NEGATIVE,OK,2477,2477
TCS_2026-03-31,TCS,Tata Consultancy Services Ltd.,2026-03-31,2026-Q4,2026-04-09 15:55:34,post_market,2026-04-09,2026-04-10,NEUTRAL,OK,2534,2534
TCS_2026-06-30,TCS,Tata Consultancy Services Ltd.,2026-06-30,2026-Q1,2026-07-09 15:52:21,post_market,2026-07-09,2026-07-10,POSITIVE,OK,2595,2595
TECHM_2015-12-31,TECHM,Tech Mahindra Ltd.,2015-12-31,2015-Q3,2016-02-01 15:50:28,post_market,2016-02-01,2016-02-02,NEUTRAL,INSUFFICIENT_HISTORY_return_60d|INSUFFICIENT_HISTORY_volatility_60d|INSUFFICIENT_HISTORY_distance_from_50dma|INSUFFICIENT_HISTORY_distance_from_200dma|INSUFFICIENT_HISTORY_drawdown_from_60d_high|INSUFFICIENT_HISTORY_drawdown_from_252d_high|LIMITED_HISTORY|VERY_LIMITED_HISTORY,22,22
TECHM_2016-03-31,TECHM,Tech Mahindra Ltd.,2016-03-31,2016-Q4,2016-05-24 15:58:38,post_market,2016-05-24,2016-05-25,NEUTRAL,INSUFFICIENT_HISTORY_distance_from_200dma|INSUFFICIENT_HISTORY_drawdown_from_252d_high|VERY_LIMITED_HISTORY,97,97
TECHM_2016-06-30,TECHM,Tech Mahindra Ltd.,2016-06-30,2016-Q1,2016-08-01 15:38:39,post_market,2016-08-01,2016-08-02,NEUTRAL,INSUFFICIENT_HISTORY_distance_from_200dma|INSUFFICIENT_HISTORY_drawdown_from_252d_high|VERY_LIMITED_HISTORY,145,145
TECHM_2016-09-30,TECHM,Tech Mahindra Ltd.,2016-09-30,2016-Q2,2016-10-27 15:44:19,post_market,2016-10-27,2016-10-31,NEUTRAL,INSUFFICIENT_HISTORY_drawdown_from_252d_high|VERY_LIMITED_HISTORY,203,203
TECHM_2016-12-31,TECHM,Tech Mahindra Ltd.,2016-12-31,2016-Q3,2017-01-30 15:35:12,post_market,2017-01-30,2017-01-31,POSITIVE,OK,267,267
TECHM_2017-03-31,TECHM,Tech Mahindra Ltd.,2017-03-31,2017-Q4,2017-05-03 14:57:00,during_market,2017-05-02,2017-05-04,POSITIVE,OK,328,328
TECHM_2017-06-30,TECHM,Tech Mahindra Ltd.,2017-06-30,2017-Q2,2017-07-31 15:47:45,post_market,2017-07-31,2017-08-01,NEUTRAL,OK,391,391
TECHM_2017-09-30,TECHM,Tech Mahindra Ltd.,2017-09-30,2017-Q2,2017-11-01 15:12:22,during_market,2017-10-31,2017-11-02,POSITIVE,OK,453,453
TECHM_2017-12-31,TECHM,Tech Mahindra Ltd.,2017-12-31,2017-Q3,2018-01-29 15:39:33,post_market,2018-01-29,2018-01-30,POSITIVE,OK,515,515
TECHM_2018-03-31,TECHM,Tech Mahindra Ltd.,2018-03-31,2018-Q1,2018-05-25 15:36:25,non_trading_day,2018-05-23,2018-05-27,POSITIVE,OK,592,592
TECHM_2018-06-30,TECHM,Tech Mahindra Ltd.,2018-06-30,2018-Q1,2018-07-30 15:37:29,post_market,2018-07-30,2018-07-31,NEGATIVE,OK,640,640
TECHM_2018-09-30,TECHM,Tech Mahindra Ltd.,2018-09-30,2018-Q2,2018-10-30 15:32:57,post_market,2018-10-30,2018-10-31,NEGATIVE,OK,700,700
TECHM_2018-12-31,TECHM,Tech Mahindra Ltd.,2018-12-31,2018-Q3,2019-02-05 15:36:13,post_market,2019-02-05,2019-02-06,NEUTRAL,OK,767,767
TECHM_2019-03-31,TECHM,Tech Mahindra Ltd.,2019-03-31,2019-Q4,2019-05-21 15:38:58,post_market,2019-05-21,2019-05-22,NEGATIVE,OK,834,834
TECHM_2019-06-30,TECHM,Tech Mahindra Ltd.,2019-06-30,2019-Q2,2019-07-30 15:41:30,post_market,2019-07-30,2019-07-31,POSITIVE,OK,883,883
TECHM_2019-09-30,TECHM,Tech Mahindra Ltd.,2019-09-30,2019-Q2,2019-11-05 15:38:41,post_market,2019-11-05,2019-11-06,NEUTRAL,OK,946,946
TECHM_2019-12-31,TECHM,Tech Mahindra Ltd.,2019-12-31,2020-Q4,2020-01-31 15:41:45,non_trading_day,2020-01-29,2020-02-02,NEUTRAL,OK,1005,1005
TECHM_2020-03-31,TECHM,Tech Mahindra Ltd.,2020-03-31,2020-Q1,2020-04-30 16:51:32,non_trading_day,2020-04-28,2020-05-03,POSITIVE,OK,1063,1063
TECHM_2020-06-30,TECHM,Tech Mahindra Ltd.,2020-06-30,2020-Q2,2020-07-27 16:45:04,post_market,2020-07-27,2020-07-28,POSITIVE,OK,1125,1125
TECHM_2020-09-30,TECHM,Tech Mahindra Ltd.,2020-09-30,2020-Q2,2020-10-23 16:02:45,non_trading_day,2020-10-21,2020-10-25,NEUTRAL,OK,1186,1186
TECHM_2020-12-31,TECHM,Tech Mahindra Ltd.,2020-12-31,2021-Q4,2021-01-29 17:26:52,non_trading_day,2021-01-27,2021-01-31,NEUTRAL,OK,1253,1253
TECHM_2021-03-31,TECHM,Tech Mahindra Ltd.,2021-03-31,2021-Q4,2021-04-26 20:21:38,post_market,2021-04-26,2021-04-27,NEUTRAL,OK,1311,1311
TECHM_2021-06-30,TECHM,Tech Mahindra Ltd.,2021-06-30,2021-Q2,2021-07-29 15:32:04,post_market,2021-07-29,2021-08-01,NEUTRAL,OK,1377,1377
TECHM_2021-09-30,TECHM,Tech Mahindra Ltd.,2021-09-30,2021-Q3,2021-10-25 16:04:05,post_market,2021-10-25,2021-10-26,NEUTRAL,OK,1436,1436
TECHM_2021-12-31,TECHM,Tech Mahindra Ltd.,2021-12-31,2022-Q4,2022-02-01 15:36:48,post_market,2022-02-01,2022-02-02,NEUTRAL,OK,1504,1504
TECHM_2022-03-31,TECHM,Tech Mahindra Ltd.,2022-03-31,2022-Q4,2022-05-13 15:54:16,non_trading_day,2022-05-11,2022-05-15,NEGATIVE,OK,1570,1570
TECHM_2022-12-31,TECHM,Tech Mahindra Ltd.,2022-12-31,2022-Q3,2023-01-30 15:45:35,post_market,2023-01-30,2023-01-31,NEGATIVE,OK,1751,1751
TECHM_2023-03-31,TECHM,Tech Mahindra Ltd.,2023-03-31,2023-Q1,2023-04-27 15:55:29,post_market,2023-04-27,2023-05-01,NEUTRAL,OK,1809,1809
TECHM_2023-06-30,TECHM,Tech Mahindra Ltd.,2023-06-30,2023-Q2,2023-07-26 15:49:19,post_market,2023-07-26,2023-07-27,POSITIVE,OK,1871,1871
TECHM_2023-09-30,TECHM,Tech Mahindra Ltd.,2023-09-30,2023-Q2,2023-10-25 15:35:11,post_market,2023-10-25,2023-10-26,NEUTRAL,OK,1932,1932
TECHM_2023-12-31,TECHM,Tech Mahindra Ltd.,2023-12-31,2024-Q4,2024-01-24 15:49:30,post_market,2024-01-24,2024-01-28,NEUTRAL,OK,1993,1993
TECHM_2024-03-31,TECHM,Tech Mahindra Ltd.,2024-03-31,2024-Q4,2024-04-25 15:45:03,post_market,2024-04-25,2024-04-28,NEGATIVE,OK,2053,2053
TECHM_2024-06-30,TECHM,Tech Mahindra Ltd.,2024-06-30,2024-Q1,2024-07-25 16:04:57,post_market,2024-07-25,2024-07-26,NEUTRAL,OK,2113,2113
TECHM_2024-09-30,TECHM,Tech Mahindra Ltd.,2024-09-30,2024-Q2,2024-10-19 04:37:30,non_trading_day,2024-10-17,2024-10-21,POSITIVE,OK,2171,2171
TECHM_2024-12-31,TECHM,Tech Mahindra Ltd.,2024-12-31,2024-Q3,2025-01-17 15:41:55,post_market,2025-01-17,2025-01-20,POSITIVE,OK,2234,2234
TECHM_2025-06-30,TECHM,Tech Mahindra Ltd.,2025-06-30,2025-Q1,2025-07-16 16:21:22,post_market,2025-07-16,2025-07-17,NEUTRAL,OK,2355,2355
TECHM_2025-09-30,TECHM,Tech Mahindra Ltd.,2025-09-30,2025-Q2,2025-10-14 18:19:31,post_market,2025-10-14,2025-10-15,NEGATIVE,OK,2416,2416
TECHM_2025-12-31,TECHM,Tech Mahindra Ltd.,2025-12-31,2025-Q3,2026-01-16 15:55:40,post_market,2026-01-16,2026-01-19,NEUTRAL,OK,2480,2480
TECHM_2026-03-31,TECHM,Tech Mahindra Ltd.,2026-03-31,2026-Q4,2026-04-22 13:51:29,during_market,2026-04-21,2026-04-23,NEUTRAL,OK,2541,2541
TECHM_2026-06-30,TECHM,Tech Mahindra Ltd.,2026-06-30,2026-Q1,2026-07-16 16:05:12,post_market,2026-07-16,2026-07-17,NEUTRAL,OK,2600,2600
TITAN_2015-12-31,TITAN,Titan Company Ltd.,2015-12-31,2015-Q3,2016-01-28 17:27:34,post_market,2016-01-28,2016-01-31,POSITIVE,INSUFFICIENT_HISTORY_return_20d|INSUFFICIENT_HISTORY_return_60d|INSUFFICIENT_HISTORY_volatility_20d|INSUFFICIENT_HISTORY_volatility_60d|INSUFFICIENT_HISTORY_distance_from_50dma|INSUFFICIENT_HISTORY_distance_from_200dma|INSUFFICIENT_HISTORY_drawdown_from_60d_high|INSUFFICIENT_HISTORY_drawdown_from_252d_high|LIMITED_HISTORY|VERY_LIMITED_HISTORY,20,20
TITAN_2016-03-31,TITAN,Titan Company Ltd.,2016-03-31,2016-Q4,2016-05-06 16:46:12,non_trading_day,2016-05-04,2016-05-08,POSITIVE,INSUFFICIENT_HISTORY_distance_from_200dma|INSUFFICIENT_HISTORY_drawdown_from_252d_high|VERY_LIMITED_HISTORY,83,83
TITAN_2016-06-30,TITAN,Titan Company Ltd.,2016-06-30,2016-Q1,2016-08-03 14:58:26,during_market,2016-08-02,2016-08-04,NEGATIVE,INSUFFICIENT_HISTORY_distance_from_200dma|INSUFFICIENT_HISTORY_drawdown_from_252d_high|VERY_LIMITED_HISTORY,146,146
TITAN_2016-09-30,TITAN,Titan Company Ltd.,2016-09-30,2016-Q3,2016-11-04 13:53:21,non_trading_day,2016-11-02,2016-11-06,NEGATIVE,INSUFFICIENT_HISTORY_drawdown_from_252d_high|VERY_LIMITED_HISTORY,206,206
TITAN_2016-12-31,TITAN,Titan Company Ltd.,2016-12-31,2016-Q3,2017-02-07 15:53:30,post_market,2017-02-07,2017-02-08,NEUTRAL,OK,273,273
TITAN_2017-03-31,TITAN,Titan Company Ltd.,2017-03-31,2017-Q4,2017-05-15 09:39:02,during_market,2017-05-14,2017-05-16,NEUTRAL,OK,336,336
TITAN_2017-06-30,TITAN,Titan Company Ltd.,2017-06-30,2017-Q1,2017-08-03 14:43:26,during_market,2017-08-02,2017-08-06,NEUTRAL,OK,393,393
TITAN_2017-09-30,TITAN,Titan Company Ltd.,2017-09-30,2017-Q2,2017-11-03 15:41:08,non_trading_day,2017-11-01,2017-11-05,NEUTRAL,OK,454,454
TITAN_2017-12-31,TITAN,Titan Company Ltd.,2017-12-31,2017-Q3,2018-02-01 15:28:18,during_market,2018-01-31,2018-02-04,NEUTRAL,OK,517,517
TITAN_2018-03-31,TITAN,Titan Company Ltd.,2018-03-31,2018-Q4,2018-05-10 16:45:34,post_market,2018-05-10,2018-05-13,POSITIVE,OK,583,583
TITAN_2018-06-30,TITAN,Titan Company Ltd.,2018-06-30,2018-Q2,2018-08-03 14:15:57,non_trading_day,2018-08-01,2018-08-05,NEUTRAL,OK,642,642
TITAN_2018-09-30,TITAN,Titan Company Ltd.,2018-09-30,2018-Q2,2018-11-09 16:23:24,non_trading_day,2018-11-06,2018-11-11,NEUTRAL,OK,705,705
TITAN_2018-12-31,TITAN,Titan Company Ltd.,2018-12-31,2018-Q3,2019-02-01 16:00:13,non_trading_day,2019-01-30,2019-02-03,NEUTRAL,OK,763,763
TITAN_2019-03-31,TITAN,Titan Company Ltd.,2019-03-31,2019-Q4,2019-05-08 17:11:04,post_market,2019-05-08,2019-05-09,POSITIVE,OK,825,825
TITAN_2019-06-30,TITAN,Titan Company Ltd.,2019-06-30,2019-Q1,2019-08-06 14:50:26,during_market,2019-08-05,2019-08-07,POSITIVE,OK,887,887
TITAN_2019-09-30,TITAN,Titan Company Ltd.,2019-09-30,2019-Q2,2019-11-05 15:32:27,post_market,2019-11-05,2019-11-06,NEUTRAL,OK,946,946
TITAN_2019-12-31,TITAN,Titan Company Ltd.,2019-12-31,2019-Q3,2020-02-04 14:05:59,during_market,2020-02-03,2020-02-05,NEUTRAL,OK,1008,1008
TITAN_2020-03-31,TITAN,Titan Company Ltd.,2020-03-31,2020-Q4,2020-06-08 19:16:34,post_market,2020-06-08,2020-06-09,NEUTRAL,OK,1090,1090
TITAN_2020-06-30,TITAN,Titan Company Ltd.,2020-06-30,2020-Q1,2020-08-10 16:38:56,post_market,2020-08-10,2020-08-11,POSITIVE,OK,1135,1135
TITAN_2020-09-30,TITAN,Titan Company Ltd.,2020-09-30,2020-Q2,2020-10-28 13:29:45,during_market,2020-10-27,2020-10-29,POSITIVE,OK,1190,1190
TITAN_2020-12-31,TITAN,Titan Company Ltd.,2020-12-31,2020-Q3,2021-02-10 15:54:00,post_market,2021-02-10,2021-02-11,NEGATIVE,OK,1263,1263
TITAN_2021-03-31,TITAN,Titan Company Ltd.,2021-03-31,2021-Q4,2021-04-29 18:01:32,post_market,2021-04-29,2021-05-02,NEUTRAL,OK,1314,1314
TITAN_2021-06-30,TITAN,Titan Company Ltd.,2021-06-30,2021-Q1,2021-08-04 16:32:07,post_market,2021-08-04,2021-08-05,NEUTRAL,OK,1381,1381
TITAN_2021-09-30,TITAN,Titan Company Ltd.,2021-09-30,2021-Q2,2021-10-27 16:29:53,post_market,2021-10-27,2021-10-28,NEUTRAL,OK,1438,1438
TITAN_2021-12-31,TITAN,Titan Company Ltd.,2021-12-31,2021-Q3,2022-02-03 13:42:19,during_market,2022-02-02,2022-02-06,NEUTRAL,OK,1505,1505
TITAN_2022-03-31,TITAN,Titan Company Ltd.,2022-03-31,2022-Q4,2022-05-03 14:21:48,during_market,2022-05-01,2022-05-04,NEGATIVE,OK,1563,1563
TITAN_2022-12-31,TITAN,Titan Company Ltd.,2022-12-31,2022-Q3,2023-02-02 14:56:51,during_market,2023-02-01,2023-02-05,NEUTRAL,OK,1753,1753
TITAN_2023-03-31,TITAN,Titan Company Ltd.,2023-03-31,2023-Q4,2023-05-03 16:32:49,post_market,2023-05-03,2023-05-04,NEUTRAL,OK,1812,1812
TITAN_2023-06-30,TITAN,Titan Company Ltd.,2023-06-30,2023-Q1,2023-08-02 17:00:39,post_market,2023-08-02,2023-08-03,NEUTRAL,OK,1876,1876
TITAN_2023-09-30,TITAN,Titan Company Ltd.,2023-09-30,2023-Q2,2023-11-03 15:00:39,non_trading_day,2023-11-01,2023-11-05,NEUTRAL,OK,1937,1937
TITAN_2023-12-31,TITAN,Titan Company Ltd.,2023-12-31,2023-Q3,2024-02-01 15:04:56,during_market,2024-01-31,2024-02-04,NEUTRAL,OK,1997,1997
TITAN_2024-03-31,TITAN,Titan Company Ltd.,2024-03-31,2024-Q4,2024-05-03 16:28:28,non_trading_day,2024-05-01,2024-05-05,NEUTRAL,OK,2056,2056
TITAN_2024-06-30,TITAN,Titan Company Ltd.,2024-06-30,2024-Q1,2024-08-02 17:22:06,post_market,2024-08-02,2024-08-05,NEGATIVE,OK,2119,2119
TITAN_2024-09-30,TITAN,Titan Company Ltd.,2024-09-30,2024-Q2,2024-11-05 16:10:09,post_market,2024-11-05,2024-11-06,POSITIVE,OK,2184,2184
TITAN_2024-12-31,TITAN,Titan Company Ltd.,2024-12-31,2025-Q4,2025-02-04 17:33:53,post_market,2025-02-04,2025-02-05,NEGATIVE,OK,2246,2246
TITAN_2025-06-30,TITAN,Titan Company Ltd.,2025-06-30,2025-Q1,2025-08-07 17:10:41,post_market,2025-08-07,2025-08-08,NEUTRAL,OK,2371,2371
TITAN_2025-09-30,TITAN,Titan Company Ltd.,2025-09-30,2025-Q2,2025-11-03 18:22:12,post_market,2025-11-03,2025-11-04,NEUTRAL,OK,2429,2429
TITAN_2025-12-31,TITAN,Titan Company Ltd.,2025-12-31,2025-Q3,2026-02-10 17:04:16,post_market,2026-02-10,2026-02-11,NEUTRAL,OK,2496,2496
TITAN_2026-03-31,TITAN,Titan Company Ltd.,2026-03-31,2026-Q4,2026-05-08 13:53:28,during_market,2026-05-07,2026-05-11,NEUTRAL,OK,2552,2552
TITAN_2026-06-30,TITAN,Titan Company Ltd.,2026-06-30,2026-Q1,2026-08-07 16:04:29,post_market,2026-08-07,2026-08-10,NEUTRAL,OK,2616,2616
TMPV_2015-12-31,TMPV,Tata Motors Passenger Vehicles Ltd.,2015-12-31,2015-Q3,2016-02-11 15:13:25,during_market,2016-02-10,2016-02-14,NEUTRAL,INSUFFICIENT_HISTORY_return_60d|INSUFFICIENT_HISTORY_volatility_60d|INSUFFICIENT_HISTORY_distance_from_50dma|INSUFFICIENT_HISTORY_distance_from_200dma|INSUFFICIENT_HISTORY_drawdown_from_60d_high|INSUFFICIENT_HISTORY_drawdown_from_252d_high|LIMITED_HISTORY|VERY_LIMITED_HISTORY,29,29
TMPV_2016-03-31,TMPV,Tata Motors Passenger Vehicles Ltd.,2016-03-31,2016-Q4,2016-05-30 18:20:48,post_market,2016-05-30,2016-05-31,POSITIVE,INSUFFICIENT_HISTORY_distance_from_200dma|INSUFFICIENT_HISTORY_drawdown_from_252d_high|VERY_LIMITED_HISTORY,101,101
TMPV_2016-06-30,TMPV,Tata Motors Passenger Vehicles Ltd.,2016-06-30,2016-Q1,2016-08-26 15:05:41,non_trading_day,2016-08-24,2016-08-28,NEUTRAL,INSUFFICIENT_HISTORY_distance_from_200dma|INSUFFICIENT_HISTORY_drawdown_from_252d_high|VERY_LIMITED_HISTORY,161,161
TMPV_2016-09-30,TMPV,Tata Motors Passenger Vehicles Ltd.,2016-09-30,2016-Q2,2016-11-14 19:53:22,post_market,2016-11-14,2016-11-15,NEUTRAL,INSUFFICIENT_HISTORY_drawdown_from_252d_high|VERY_LIMITED_HISTORY,213,213
TMPV_2016-12-31,TMPV,Tata Motors Passenger Vehicles Ltd.,2016-12-31,2016-Q3,2017-02-14 15:06:29,during_market,2017-02-13,2017-02-15,NEUTRAL,OK,277,277
TMPV_2017-03-31,TMPV,Tata Motors Passenger Vehicles Ltd.,2017-03-31,2017-Q4,2017-05-23 16:28:28,post_market,2017-05-23,2017-05-24,NEUTRAL,OK,343,343
TMPV_2017-06-30,TMPV,Tata Motors Passenger Vehicles Ltd.,2017-06-30,2017-Q1,2017-08-11 12:25:50,non_trading_day,2017-08-09,2017-08-13,NEUTRAL,OK,398,398
TMPV_2017-09-30,TMPV,Tata Motors Passenger Vehicles Ltd.,2017-09-30,2017-Q2,2017-11-09 13:49:53,during_market,2017-11-08,2017-11-12,NEUTRAL,OK,459,459
TMPV_2017-12-31,TMPV,Tata Motors Passenger Vehicles Ltd.,2017-12-31,2017-Q3,2018-02-05 15:32:53,post_market,2018-02-05,2018-02-06,NEGATIVE,OK,520,520
TMPV_2018-03-31,TMPV,Tata Motors Passenger Vehicles Ltd.,2018-03-31,2018-Q4,2018-05-23 17:39:26,post_market,2018-05-23,2018-05-24,NEGATIVE,OK,592,592
TMPV_2018-06-30,TMPV,Tata Motors Passenger Vehicles Ltd.,2018-06-30,2018-Q1,2018-07-31 16:34:41,post_market,2018-07-31,2018-08-01,NEGATIVE,OK,641,641
TMPV_2018-09-30,TMPV,Tata Motors Passenger Vehicles Ltd.,2018-09-30,2018-Q2,2018-10-31 15:32:38,post_market,2018-10-31,2018-11-01,NEUTRAL,OK,701,701
TMPV_2018-12-31,TMPV,Tata Motors Passenger Vehicles Ltd.,2018-12-31,2018-Q3,2019-02-07 15:57:50,post_market,2019-02-07,2019-02-10,POSITIVE,OK,769,769
TMPV_2019-03-31,TMPV,Tata Motors Passenger Vehicles Ltd.,2019-03-31,2019-Q4,2019-05-20 16:16:12,post_market,2019-05-20,2019-05-21,NEUTRAL,OK,833,833
TMPV_2019-06-30,TMPV,Tata Motors Passenger Vehicles Ltd.,2019-06-30,2019-Q1,2019-07-25 16:14:41,post_market,2019-07-25,2019-07-28,NEGATIVE,OK,880,880
TMPV_2019-09-30,TMPV,Tata Motors Passenger Vehicles Ltd.,2019-09-30,2019-Q2,2019-10-25 17:10:52,non_trading_day,2019-10-23,2019-10-26,POSITIVE,OK,937,937
TMPV_2019-12-31,TMPV,Tata Motors Passenger Vehicles Ltd.,2019-12-31,2019-Q3,2020-01-30 16:03:48,post_market,2020-01-30,2020-02-02,POSITIVE,OK,1006,1006
TMPV_2020-03-31,TMPV,Tata Motors Passenger Vehicles Ltd.,2020-03-31,2020-Q4,2020-06-15 17:15:30,post_market,2020-06-15,2020-06-16,POSITIVE,OK,1095,1095
TMPV_2020-06-30,TMPV,Tata Motors Passenger Vehicles Ltd.,2020-06-30,2020-Q1,2020-07-31 16:48:16,non_trading_day,2020-07-29,2020-08-02,NEUTRAL,OK,1127,1127
TMPV_2020-09-30,TMPV,Tata Motors Passenger Vehicles Ltd.,2020-09-30,2020-Q2,2020-10-27 15:50:13,post_market,2020-10-27,2020-10-28,NEUTRAL,OK,1190,1190
TMPV_2020-12-31,TMPV,Tata Motors Passenger Vehicles Ltd.,2020-12-31,2020-Q3,2021-01-29 16:00:58,non_trading_day,2021-01-27,2021-01-31,POSITIVE,OK,1253,1253
TMPV_2021-03-31,TMPV,Tata Motors Passenger Vehicles Ltd.,2021-03-31,2021-Q4,2021-05-18 16:47:36,post_market,2021-05-18,2021-05-19,NEUTRAL,OK,1326,1326
TMPV_2021-06-30,TMPV,Tata Motors Passenger Vehicles Ltd.,2021-06-30,2021-Q1,2021-07-26 16:21:09,post_market,2021-07-26,2021-07-27,POSITIVE,OK,1374,1374
TMPV_2021-09-30,TMPV,Tata Motors Passenger Vehicles Ltd.,2021-09-30,2021-Q2,2021-11-01 16:21:53,post_market,2021-11-01,2021-11-02,POSITIVE,OK,1441,1441
TMPV_2021-12-31,TMPV,Tata Motors Passenger Vehicles Ltd.,2021-12-31,2021-Q3,2022-01-31 15:54:24,post_market,2022-01-31,2022-02-01,NEUTRAL,OK,1503,1503
TMPV_2022-03-31,TMPV,Tata Motors Passenger Vehicles Ltd.,2022-03-31,2022-Q4,2022-05-12 16:13:09,post_market,2022-05-12,2022-05-15,NEUTRAL,OK,1571,1571
TMPV_2022-12-31,TMPV,Tata Motors Passenger Vehicles Ltd.,2022-12-31,2022-Q3,2023-01-25 16:36:27,non_trading_day,2023-01-23,2023-01-26,NEUTRAL,OK,1747,1747
TMPV_2023-03-31,TMPV,Tata Motors Passenger Vehicles Ltd.,2023-03-31,2023-Q4,2023-05-12 16:35:07,non_trading_day,2023-05-10,2023-05-14,NEGATIVE,OK,1817,1817
TMPV_2023-06-30,TMPV,Tata Motors Passenger Vehicles Ltd.,2023-06-30,2023-Q1,2023-07-25 15:40:05,post_market,2023-07-25,2023-07-26,NEUTRAL,OK,1870,1870
TMPV_2023-09-30,TMPV,Tata Motors Passenger Vehicles Ltd.,2023-09-30,2023-Q2,2023-11-02 15:45:43,post_market,2023-11-02,2023-11-05,NEUTRAL,OK,1938,1938
TMPV_2023-12-31,TMPV,Tata Motors Passenger Vehicles Ltd.,2023-12-31,2023-Q3,2024-02-02 16:13:57,non_trading_day,2024-01-31,2024-02-04,NEUTRAL,OK,1997,1997
TMPV_2024-03-31,TMPV,Tata Motors Passenger Vehicles Ltd.,2024-03-31,2024-Q4,2024-05-10 15:40:42,non_trading_day,2024-05-08,2024-05-12,NEGATIVE,OK,2061,2061
TMPV_2024-06-30,TMPV,Tata Motors Passenger Vehicles Ltd.,2024-06-30,2024-Q1,2024-08-01 16:12:15,post_market,2024-08-01,2024-08-02,POSITIVE,OK,2100,2118
TMPV_2024-09-30,TMPV,Tata Motors Passenger Vehicles Ltd.,2024-09-30,2024-Q2,2024-11-08 15:59:09,post_market,2024-11-08,2024-11-11,POSITIVE,OK,2100,2187
TMPV_2024-12-31,TMPV,Tata Motors Passenger Vehicles Ltd.,2024-12-31,2024-Q3,2025-01-29 16:26:02,post_market,2025-01-29,2025-01-30,NEUTRAL,OK,2100,2242
TMPV_2025-06-30,TMPV,Tata Motors Passenger Vehicles Ltd.,2025-06-30,2025-Q1,2025-08-08 16:19:03,post_market,2025-08-08,2025-08-11,NEUTRAL,OK,2100,2372
TMPV_2025-09-30,TMPV,Tata Motors Passenger Vehicles Ltd.,2025-09-30,2025-Q2,2025-11-14 15:27:48,during_market,2025-11-13,2025-11-17,NEGATIVE,OK,2114,2436
TMPV_2025-12-31,TMPV,Tata Motors Passenger Vehicles Ltd.,2025-12-31,2025-Q3,2026-02-05 15:59:01,post_market,2026-02-05,2026-02-06,POSITIVE,OK,2171,2493
TMPV_2026-03-31,TMPV,Tata Motors Passenger Vehicles Ltd.,2026-03-31,2026-Q4,2026-05-14 16:26:06,post_market,2026-05-14,2026-05-15,NEUTRAL,OK,2235,2557
TMPV_2026-06-30,TMPV,Tata Motors Passenger Vehicles Ltd.,2026-06-30,2026-Q1,2026-08-13 16:02:23,post_market,2026-08-13,2026-08-14,NEGATIVE,OK,2298,2620
TRENT_2015-12-31,TRENT,Trent Ltd.,2015-12-31,2015-Q3,2016-02-04 17:27:52,post_market,2016-02-04,2016-02-07,NEUTRAL,INSUFFICIENT_HISTORY_return_60d|INSUFFICIENT_HISTORY_volatility_60d|INSUFFICIENT_HISTORY_distance_from_50dma|INSUFFICIENT_HISTORY_distance_from_200dma|INSUFFICIENT_HISTORY_drawdown_from_60d_high|INSUFFICIENT_HISTORY_drawdown_from_252d_high|LIMITED_HISTORY|VERY_LIMITED_HISTORY,25,25
TRENT_2016-03-31,TRENT,Trent Ltd.,2016-03-31,2016-Q4,2016-05-26 16:27:10,post_market,2016-05-26,2016-05-29,NEGATIVE,INSUFFICIENT_HISTORY_distance_from_200dma|INSUFFICIENT_HISTORY_drawdown_from_252d_high|VERY_LIMITED_HISTORY,99,99
TRENT_2016-06-30,TRENT,Trent Ltd.,2016-06-30,2016-Q1,2016-08-11 18:17:56,post_market,2016-08-11,2016-08-15,NEUTRAL,INSUFFICIENT_HISTORY_distance_from_200dma|INSUFFICIENT_HISTORY_drawdown_from_252d_high|VERY_LIMITED_HISTORY,153,153
TRENT_2016-09-30,TRENT,Trent Ltd.,2016-09-30,2016-Q3,2016-10-27 16:56:13,post_market,2016-10-27,2016-10-31,NEGATIVE,INSUFFICIENT_HISTORY_drawdown_from_252d_high|VERY_LIMITED_HISTORY,203,203
TRENT_2016-12-31,TRENT,Trent Ltd.,2016-12-31,2016-Q3,2017-01-23 15:43:11,post_market,2017-01-23,2017-01-24,NEGATIVE,OK,263,263
TRENT_2017-03-31,TRENT,Trent Ltd.,2017-03-31,2017-Q4,2017-05-26 19:08:16,non_trading_day,2017-05-24,2017-05-28,NEUTRAL,OK,344,344
TRENT_2017-06-30,TRENT,Trent Ltd.,2017-06-30,2017-Q1,2017-07-31 19:46:04,post_market,2017-07-31,2017-08-01,POSITIVE,OK,391,391
TRENT_2017-09-30,TRENT,Trent Ltd.,2017-09-30,2017-Q2,2017-11-09 18:07:11,post_market,2017-11-09,2017-11-12,POSITIVE,OK,460,460
TRENT_2017-12-31,TRENT,Trent Ltd.,2017-12-31,2017-Q3,2018-02-08 18:51:33,post_market,2018-02-08,2018-02-11,NEUTRAL,OK,523,523
TRENT_2018-03-31,TRENT,Trent Ltd.,2018-03-31,2018-Q4,2018-05-03 17:08:14,post_market,2018-05-03,2018-05-06,NEGATIVE,OK,578,578
TRENT_2018-06-30,TRENT,Trent Ltd.,2018-06-30,2018-Q1,2018-08-08 18:47:31,post_market,2018-08-08,2018-08-09,POSITIVE,OK,647,647
TRENT_2018-09-30,TRENT,Trent Ltd.,2018-09-30,2018-Q2,2018-11-01 17:29:51,post_market,2018-11-01,2018-11-04,NEUTRAL,OK,702,702
TRENT_2018-12-31,TRENT,Trent Ltd.,2018-12-31,2018-Q3,2019-02-05 12:56:06,during_market,2019-02-04,2019-02-06,NEUTRAL,OK,766,766
TRENT_2019-03-31,TRENT,Trent Ltd.,2019-03-31,2019-Q4,2019-04-29 16:37:32,post_market,2019-04-29,2019-05-01,POSITIVE,OK,819,819
TRENT_2019-06-30,TRENT,Trent Ltd.,2019-06-30,2019-Q1,2019-07-31 16:21:38,post_market,2019-07-31,2019-08-01,NEUTRAL,OK,884,884
TRENT_2019-09-30,TRENT,Trent Ltd.,2019-09-30,2019-Q2,2019-11-07 17:21:11,post_market,2019-11-07,2019-11-10,NEUTRAL,OK,948,948
TRENT_2019-12-31,TRENT,Trent Ltd.,2019-12-31,2019-Q3,2020-02-06 18:30:27,post_market,2020-02-06,2020-02-09,POSITIVE,OK,1011,1011
TRENT_2020-03-31,TRENT,Trent Ltd.,2020-03-31,2020-Q4,2020-05-22 21:42:21,non_trading_day,2020-05-20,2020-05-25,NEGATIVE,OK,1078,1078
TRENT_2020-06-30,TRENT,Trent Ltd.,2020-06-30,2020-Q1,2020-08-13 18:23:53,post_market,2020-08-13,2020-08-16,POSITIVE,OK,1138,1138
TRENT_2020-09-30,TRENT,Trent Ltd.,2020-09-30,2020-Q2,2020-11-05 21:12:41,post_market,2020-11-05,2020-11-08,POSITIVE,OK,1197,1197
TRENT_2020-12-31,TRENT,Trent Ltd.,2020-12-31,2020-Q3,2021-02-04 19:44:56,post_market,2021-02-04,2021-02-07,NEUTRAL,OK,1259,1259
TRENT_2021-03-31,TRENT,Trent Ltd.,2021-03-31,2021-Q4,2021-04-30 18:44:52,non_trading_day,2021-04-28,2021-05-02,NEUTRAL,OK,1313,1313
TRENT_2021-06-30,TRENT,Trent Ltd.,2021-06-30,2021-Q1,2021-08-10 18:49:25,post_market,2021-08-10,2021-08-11,NEGATIVE,OK,1385,1385
TRENT_2021-09-30,TRENT,Trent Ltd.,2021-09-30,2021-Q2,2021-11-02 18:21:24,post_market,2021-11-02,2021-11-03,POSITIVE,OK,1442,1442
TRENT_2021-12-31,TRENT,Trent Ltd.,2021-12-31,2022-Q4,2022-02-10 19:31:33,post_market,2022-02-10,2022-02-13,NEUTRAL,OK,1511,1511
TRENT_2022-03-31,TRENT,Trent Ltd.,2022-03-31,2022-Q4,2022-04-27 17:10:44,post_market,2022-04-27,2022-04-28,NEUTRAL,OK,1561,1561
TRENT_2022-06-30,TRENT,Trent Ltd.,2022-06-30,2022-Q1,2022-08-11 14:23:12,during_market,2022-08-10,2022-08-15,NEUTRAL,OK,1634,1634
TRENT_2022-12-31,TRENT,Trent Ltd.,2022-12-31,2022-Q3,2023-02-08 19:16:40,post_market,2023-02-08,2023-02-09,NEUTRAL,OK,1758,1758
TRENT_2023-03-31,TRENT,Trent Ltd.,2023-03-31,2023-Q4,2023-04-27 18:18:29,post_market,2023-04-27,2023-05-01,NEUTRAL,OK,1809,1809
TRENT_2023-06-30,TRENT,Trent Ltd.,2023-06-30,2023-Q1,2023-08-09 14:25:38,during_market,2023-08-08,2023-08-10,POSITIVE,OK,1880,1880
TRENT_2023-09-30,TRENT,Trent Ltd.,2023-09-30,2023-Q2,2023-11-07 14:04:01,during_market,2023-11-06,2023-11-08,NEUTRAL,OK,1940,1940
TRENT_2023-12-31,TRENT,Trent Ltd.,2023-12-31,2023-Q3,2024-02-07 13:04:46,during_market,2024-02-06,2024-02-08,POSITIVE,OK,2001,2001
TRENT_2024-03-31,TRENT,Trent Ltd.,2024-03-31,2024-Q4,2024-04-29 15:09:53,during_market,2024-04-28,2024-05-01,NEUTRAL,OK,2054,2054
TRENT_2024-06-30,TRENT,Trent Ltd.,2024-06-30,2024-Q1,2024-08-09 12:42:40,during_market,2024-08-08,2024-08-12,NEUTRAL,OK,2123,2123
TRENT_2024-09-30,TRENT,Trent Ltd.,2024-09-30,2024-Q2,2024-11-07 12:10:38,during_market,2024-11-06,2024-11-08,POSITIVE,OK,2185,2185
TRENT_2024-12-31,TRENT,Trent Ltd.,2024-12-31,2024-Q3,2025-02-06 12:54:30,during_market,2025-02-05,2025-02-07,NEUTRAL,OK,2247,2247
ULTRACEMCO_2015-12-31,ULTRACEMCO,UltraTech Cement Ltd.,2015-12-31,2015-Q3,2016-01-20 13:35:23,during_market,2016-01-19,2016-01-21,NEUTRAL,INSUFFICIENT_HISTORY_return_20d|INSUFFICIENT_HISTORY_return_60d|INSUFFICIENT_HISTORY_volatility_20d|INSUFFICIENT_HISTORY_volatility_60d|INSUFFICIENT_HISTORY_volume_ratio_20d|INSUFFICIENT_HISTORY_distance_from_20dma|INSUFFICIENT_HISTORY_distance_from_50dma|INSUFFICIENT_HISTORY_distance_from_200dma|INSUFFICIENT_HISTORY_drawdown_from_20d_high|INSUFFICIENT_HISTORY_drawdown_from_60d_high|INSUFFICIENT_HISTORY_drawdown_from_252d_high|LIMITED_HISTORY|VERY_LIMITED_HISTORY,14,14
ULTRACEMCO_2016-03-31,ULTRACEMCO,UltraTech Cement Ltd.,2016-03-31,2016-Q4,2016-04-25 14:29:13,during_market,2016-04-24,2016-04-26,NEUTRAL,INSUFFICIENT_HISTORY_distance_from_200dma|INSUFFICIENT_HISTORY_drawdown_from_252d_high|VERY_LIMITED_HISTORY,75,75
ULTRACEMCO_2016-06-30,ULTRACEMCO,UltraTech Cement Ltd.,2016-06-30,2016-Q1,2016-07-19 13:09:48,during_market,2016-07-18,2016-07-20,NEUTRAL,INSUFFICIENT_HISTORY_distance_from_200dma|INSUFFICIENT_HISTORY_drawdown_from_252d_high|VERY_LIMITED_HISTORY,135,135
ULTRACEMCO_2016-09-30,ULTRACEMCO,UltraTech Cement Ltd.,2016-09-30,2016-Q2,2016-10-17 13:14:04,during_market,2016-10-16,2016-10-18,NEGATIVE,INSUFFICIENT_HISTORY_distance_from_200dma|INSUFFICIENT_HISTORY_drawdown_from_252d_high|VERY_LIMITED_HISTORY,194,194
ULTRACEMCO_2016-12-31,ULTRACEMCO,UltraTech Cement Ltd.,2016-12-31,2016-Q3,2017-01-21 13:53:16,non_trading_day,2017-01-18,2017-01-22,NEUTRAL,OK,260,260
ULTRACEMCO_2017-03-31,ULTRACEMCO,UltraTech Cement Ltd.,2017-03-31,2017-Q4,2017-04-24 13:32:58,during_market,2017-04-23,2017-04-25,NEUTRAL,OK,322,322
ULTRACEMCO_2017-06-30,ULTRACEMCO,UltraTech Cement Ltd.,2017-06-30,2017-Q1,2017-07-18 13:41:58,during_market,2017-07-17,2017-07-19,NEUTRAL,OK,381,381
ULTRACEMCO_2017-09-30,ULTRACEMCO,UltraTech Cement Ltd.,2017-09-30,2017-Q2,2017-10-18 13:41:25,during_market,2017-10-17,2017-10-22,POSITIVE,OK,444,444
ULTRACEMCO_2017-12-31,ULTRACEMCO,UltraTech Cement Ltd.,2017-12-31,2017-Q3,2018-01-18 13:25:24,during_market,2018-01-17,2018-01-21,NEUTRAL,OK,508,508
ULTRACEMCO_2018-03-31,ULTRACEMCO,UltraTech Cement Ltd.,2018-03-31,2018-Q4,2018-04-25 15:38:13,post_market,2018-04-25,2018-04-26,NEUTRAL,OK,573,573
ULTRACEMCO_2018-06-30,ULTRACEMCO,UltraTech Cement Ltd.,2018-06-30,2018-Q1,2018-07-18 14:11:57,during_market,2018-07-17,2018-07-19,POSITIVE,OK,631,631
ULTRACEMCO_2018-09-30,ULTRACEMCO,UltraTech Cement Ltd.,2018-09-30,2018-Q2,2018-10-19 14:17:04,non_trading_day,2018-10-16,2018-10-21,NEGATIVE,OK,691,691
ULTRACEMCO_2018-12-31,ULTRACEMCO,UltraTech Cement Ltd.,2018-12-31,2018-Q3,2019-01-24 13:56:07,during_market,2019-01-23,2019-01-27,POSITIVE,OK,758,758
ULTRACEMCO_2019-03-31,ULTRACEMCO,UltraTech Cement Ltd.,2019-03-31,2019-Q4,2019-04-24 14:36:08,during_market,2019-04-23,2019-04-25,NEUTRAL,OK,816,816
ULTRACEMCO_2019-06-30,ULTRACEMCO,UltraTech Cement Ltd.,2019-06-30,2019-Q1,2019-08-08 14:22:08,during_market,2019-08-07,2019-08-12,NEUTRAL,OK,889,889
ULTRACEMCO_2019-09-30,ULTRACEMCO,UltraTech Cement Ltd.,2019-09-30,2019-Q2,2019-10-21 13:59:21,during_market,2019-10-17,2019-10-22,NEUTRAL,OK,934,934
ULTRACEMCO_2019-12-31,ULTRACEMCO,UltraTech Cement Ltd.,2019-12-31,2019-Q3,2020-01-24 13:56:39,non_trading_day,2020-01-22,2020-01-26,NEGATIVE,OK,1000,1000
ULTRACEMCO_2020-03-31,ULTRACEMCO,UltraTech Cement Ltd.,2020-03-31,2020-Q4,2020-05-20 14:44:54,during_market,2020-05-19,2020-05-21,NEUTRAL,OK,1077,1077
ULTRACEMCO_2020-06-30,ULTRACEMCO,UltraTech Cement Ltd.,2020-06-30,2020-Q1,2020-07-28 13:47:33,during_market,2020-07-27,2020-07-29,NEGATIVE,OK,1125,1125
ULTRACEMCO_2020-09-30,ULTRACEMCO,UltraTech Cement Ltd.,2020-09-30,2020-Q2,2020-10-21 14:18:54,during_market,2020-10-20,2020-10-22,NEUTRAL,OK,1185,1185
ULTRACEMCO_2020-12-31,ULTRACEMCO,UltraTech Cement Ltd.,2020-12-31,2020-Q3,2021-01-23 13:28:15,non_trading_day,2021-01-20,2021-01-24,POSITIVE,OK,1249,1249
ULTRACEMCO_2021-03-31,ULTRACEMCO,UltraTech Cement Ltd.,2021-03-31,2021-Q4,2021-05-07 20:19:17,non_trading_day,2021-05-05,2021-05-09,NEUTRAL,OK,1318,1318
ULTRACEMCO_2021-06-30,ULTRACEMCO,UltraTech Cement Ltd.,2021-06-30,2021-Q1,2021-07-22 13:38:38,during_market,2021-07-21,2021-07-25,NEUTRAL,OK,1371,1371
ULTRACEMCO_2021-09-30,ULTRACEMCO,UltraTech Cement Ltd.,2021-09-30,2021-Q2,2021-10-18 13:54:28,during_market,2021-10-17,2021-10-19,NEUTRAL,OK,1430,1430
ULTRACEMCO_2021-12-31,ULTRACEMCO,UltraTech Cement Ltd.,2021-12-31,2021-Q3,2022-01-17 14:01:02,during_market,2022-01-16,2022-01-18,NEUTRAL,OK,1493,1493
ULTRACEMCO_2022-03-31,ULTRACEMCO,UltraTech Cement Ltd.,2022-03-31,2022-Q4,2022-04-29 14:26:04,non_trading_day,2022-04-27,2022-05-01,NEGATIVE,OK,1561,1561
ULTRACEMCO_2022-12-31,ULTRACEMCO,UltraTech Cement Ltd.,2022-12-31,2022-Q3,2023-01-21 13:25:51,non_trading_day,2023-01-18,2023-01-22,NEUTRAL,OK,1744,1744
ULTRACEMCO_2023-03-31,ULTRACEMCO,UltraTech Cement Ltd.,2023-03-31,2023-Q4,2023-04-28 16:13:41,non_trading_day,2023-04-26,2023-05-01,POSITIVE,OK,1808,1808
ULTRACEMCO_2023-06-30,ULTRACEMCO,UltraTech Cement Ltd.,2023-06-30,2023-Q1,2023-07-21 13:48:40,non_trading_day,2023-07-19,2023-07-23,NEUTRAL,OK,1866,1866
ULTRACEMCO_2023-09-30,ULTRACEMCO,UltraTech Cement Ltd.,2023-09-30,2023-Q2,2023-10-19 14:20:34,during_market,2023-10-18,2023-10-22,NEUTRAL,OK,1928,1928
ULTRACEMCO_2023-12-31,ULTRACEMCO,UltraTech Cement Ltd.,2023-12-31,2023-Q3,2024-01-19 13:10:58,non_trading_day,2024-01-17,2024-01-22,POSITIVE,OK,1989,1989
ULTRACEMCO_2024-03-31,ULTRACEMCO,UltraTech Cement Ltd.,2024-03-31,2024-Q4,2024-04-29 14:55:26,during_market,2024-04-28,2024-05-01,NEUTRAL,OK,2054,2054
ULTRACEMCO_2024-06-30,ULTRACEMCO,UltraTech Cement Ltd.,2024-06-30,2024-Q1,2024-07-19 14:46:27,during_market,2024-07-18,2024-07-22,NEUTRAL,OK,2108,2108
ULTRACEMCO_2024-09-30,ULTRACEMCO,UltraTech Cement Ltd.,2024-09-30,2024-Q2,2024-10-21 14:02:48,during_market,2024-10-18,2024-10-22,POSITIVE,OK,2172,2172
ULTRACEMCO_2024-12-31,ULTRACEMCO,UltraTech Cement Ltd.,2024-12-31,2024-Q3,2025-01-23 13:56:45,during_market,2025-01-22,2025-01-24,NEUTRAL,OK,2237,2237
ULTRACEMCO_2025-06-30,ULTRACEMCO,UltraTech Cement Ltd.,2025-06-30,2025-Q1,2025-07-21 13:50:25,during_market,2025-07-18,2025-07-22,NEUTRAL,OK,2357,2357
ULTRACEMCO_2025-09-30,ULTRACEMCO,UltraTech Cement Ltd.,2025-09-30,2025-Q2,2025-10-18 14:02:25,non_trading_day,2025-10-16,2025-10-20,NEGATIVE,OK,2418,2418
ULTRACEMCO_2025-12-31,ULTRACEMCO,UltraTech Cement Ltd.,2025-12-31,2025-Q3,2026-01-24 13:19:39,non_trading_day,2026-01-22,2026-01-27,NEUTRAL,OK,2484,2484
ULTRACEMCO_2026-03-31,ULTRACEMCO,UltraTech Cement Ltd.,2026-03-31,2026-Q4,2026-04-27 14:26:21,during_market,2026-04-24,2026-04-28,NEUTRAL,OK,2544,2544
ULTRACEMCO_2026-06-30,ULTRACEMCO,UltraTech Cement Ltd.,2026-06-30,2026-Q1,2026-07-20 14:22:16,during_market,2026-07-17,2026-07-21,NEUTRAL,OK,2601,2601
WIPRO_2015-12-31,WIPRO,Wipro Ltd.,2015-12-31,2015-Q3,2016-01-18 08:29:27,pre_market,2016-01-17,2016-01-18,NEUTRAL,INSUFFICIENT_HISTORY_return_20d|INSUFFICIENT_HISTORY_return_60d|INSUFFICIENT_HISTORY_volatility_20d|INSUFFICIENT_HISTORY_volatility_60d|INSUFFICIENT_HISTORY_volume_ratio_20d|INSUFFICIENT_HISTORY_distance_from_20dma|INSUFFICIENT_HISTORY_distance_from_50dma|INSUFFICIENT_HISTORY_distance_from_200dma|INSUFFICIENT_HISTORY_drawdown_from_20d_high|INSUFFICIENT_HISTORY_drawdown_from_60d_high|INSUFFICIENT_HISTORY_drawdown_from_252d_high|LIMITED_HISTORY|VERY_LIMITED_HISTORY,12,12
WIPRO_2016-03-31,WIPRO,Wipro Ltd.,2016-03-31,2016-Q4,2016-04-20 16:25:40,post_market,2016-04-20,2016-04-21,NEUTRAL,INSUFFICIENT_HISTORY_distance_from_200dma|INSUFFICIENT_HISTORY_drawdown_from_252d_high|VERY_LIMITED_HISTORY,73,73
WIPRO_2016-06-30,WIPRO,Wipro Ltd.,2016-06-30,2016-Q1,2016-07-19 16:24:13,post_market,2016-07-19,2016-07-20,NEUTRAL,INSUFFICIENT_HISTORY_distance_from_200dma|INSUFFICIENT_HISTORY_drawdown_from_252d_high|VERY_LIMITED_HISTORY,136,136
WIPRO_2016-09-30,WIPRO,Wipro Ltd.,2016-09-30,2016-Q2,2016-10-21 16:39:12,non_trading_day,2016-10-19,2016-10-23,NEGATIVE,INSUFFICIENT_HISTORY_distance_from_200dma|INSUFFICIENT_HISTORY_drawdown_from_252d_high|VERY_LIMITED_HISTORY,197,197
WIPRO_2016-12-31,WIPRO,Wipro Ltd.,2016-12-31,2016-Q3,2017-01-25 16:02:07,non_trading_day,2017-01-23,2017-01-26,NEGATIVE,OK,263,263
WIPRO_2017-03-31,WIPRO,Wipro Ltd.,2017-03-31,2017-Q4,2017-04-25 16:12:07,post_market,2017-04-25,2017-04-26,NEUTRAL,OK,324,324
WIPRO_2017-06-30,WIPRO,Wipro Ltd.,2017-06-30,2017-Q1,2017-07-20 17:10:07,post_market,2017-07-20,2017-07-23,NEUTRAL,OK,384,384
WIPRO_2017-09-30,WIPRO,Wipro Ltd.,2017-09-30,2017-Q2,2017-10-17 15:56:11,post_market,2017-10-17,2017-10-18,NEUTRAL,OK,444,444
WIPRO_2017-12-31,WIPRO,Wipro Ltd.,2017-12-31,2017-Q3,2018-01-19 16:01:51,non_trading_day,2018-01-17,2018-01-21,NEGATIVE,OK,508,508
WIPRO_2018-03-31,WIPRO,Wipro Ltd.,2018-03-31,2018-Q4,2018-04-25 16:36:42,post_market,2018-04-25,2018-04-26,NEUTRAL,OK,573,573
WIPRO_2018-06-30,WIPRO,Wipro Ltd.,2018-06-30,2018-Q1,2018-07-20 15:57:06,non_trading_day,2018-07-18,2018-07-22,NEGATIVE,OK,632,632
WIPRO_2018-09-30,WIPRO,Wipro Ltd.,2018-09-30,2018-Q2,2018-10-24 15:38:21,post_market,2018-10-24,2018-10-25,NEUTRAL,OK,696,696
WIPRO_2018-12-31,WIPRO,Wipro Ltd.,2018-12-31,2018-Q3,2019-01-18 16:13:26,non_trading_day,2019-01-16,2019-01-20,POSITIVE,OK,753,753
WIPRO_2019-03-31,WIPRO,Wipro Ltd.,2019-03-31,2019-Q4,2019-04-16 16:15:26,non_trading_day,2019-04-14,2019-04-17,POSITIVE,OK,811,811
WIPRO_2019-06-30,WIPRO,Wipro Ltd.,2019-06-30,2019-Q1,2019-07-17 15:38:17,post_market,2019-07-17,2019-07-18,NEUTRAL,OK,874,874
WIPRO_2019-09-30,WIPRO,Wipro Ltd.,2019-09-30,2019-Q2,2019-10-15 15:47:31,post_market,2019-10-15,2019-10-16,POSITIVE,OK,932,932
WIPRO_2019-12-31,WIPRO,Wipro Ltd.,2019-12-31,2019-Q3,2020-01-14 17:49:19,post_market,2020-01-14,2020-01-15,NEUTRAL,OK,994,994
WIPRO_2020-03-31,WIPRO,Wipro Ltd.,2020-03-31,2020-Q4,2020-04-15 17:07:09,post_market,2020-04-15,2020-04-16,NEGATIVE,OK,1054,1054
WIPRO_2020-06-30,WIPRO,Wipro Ltd.,2020-06-30,2020-Q1,2020-07-14 16:11:56,post_market,2020-07-14,2020-07-15,NEUTRAL,OK,1116,1116
WIPRO_2020-09-30,WIPRO,Wipro Ltd.,2020-09-30,2020-Q2,2020-10-13 15:35:53,post_market,2020-10-13,2020-10-14,NEUTRAL,OK,1180,1180
WIPRO_2020-12-31,WIPRO,Wipro Ltd.,2020-12-31,2020-Q3,2021-01-13 15:42:05,post_market,2021-01-13,2021-01-14,NEUTRAL,OK,1244,1244
WIPRO_2021-03-31,WIPRO,Wipro Ltd.,2021-03-31,2021-Q4,2021-04-15 15:45:33,post_market,2021-04-15,2021-04-18,NEUTRAL,OK,1305,1305
WIPRO_2021-06-30,WIPRO,Wipro Ltd.,2021-06-30,2021-Q1,2021-07-15 16:03:48,post_market,2021-07-15,2021-07-18,POSITIVE,OK,1368,1368
WIPRO_2021-09-30,WIPRO,Wipro Ltd.,2021-09-30,2021-Q2,2021-10-13 15:34:40,post_market,2021-10-13,2021-10-17,NEUTRAL,OK,1429,1429
WIPRO_2021-12-31,WIPRO,Wipro Ltd.,2021-12-31,2021-Q3,2022-01-12 15:35:45,post_market,2022-01-12,2022-01-13,NEUTRAL,OK,1491,1491
WIPRO_2022-03-31,WIPRO,Wipro Ltd.,2022-03-31,2022-Q4,2022-04-29 15:45:56,non_trading_day,2022-04-27,2022-05-01,NEUTRAL,OK,1561,1561
WIPRO_2022-12-31,WIPRO,Wipro Ltd.,2022-12-31,2022-Q3,2023-01-13 15:39:14,non_trading_day,2023-01-11,2023-01-15,NEUTRAL,OK,1739,1739
WIPRO_2023-03-31,WIPRO,Wipro Ltd.,2023-03-31,2023-Q4,2023-04-27 15:58:05,post_market,2023-04-27,2023-05-01,NEGATIVE,OK,1809,1809
WIPRO_2023-06-30,WIPRO,Wipro Ltd.,2023-06-30,2023-Q1,2023-07-13 15:39:05,post_market,2023-07-13,2023-07-16,NEUTRAL,OK,1862,1862
WIPRO_2023-09-30,WIPRO,Wipro Ltd.,2023-09-30,2023-Q2,2023-10-18 15:47:16,post_market,2023-10-18,2023-10-19,NEUTRAL,OK,1928,1928
WIPRO_2023-12-31,WIPRO,Wipro Ltd.,2023-12-31,2023-Q3,2024-01-12 15:36:37,non_trading_day,2024-01-10,2024-01-14,NEUTRAL,OK,1984,1984
WIPRO_2024-03-31,WIPRO,Wipro Ltd.,2024-03-31,2024-Q4,2024-04-19 15:44:44,non_trading_day,2024-04-17,2024-04-21,NEUTRAL,OK,2047,2047
WIPRO_2024-06-30,WIPRO,Wipro Ltd.,2024-06-30,2024-Q1,2024-07-19 15:34:36,post_market,2024-07-19,2024-07-22,NEUTRAL,OK,2109,2109
WIPRO_2024-09-30,WIPRO,Wipro Ltd.,2024-09-30,2024-Q2,2024-10-17 15:45:00,post_market,2024-10-17,2024-10-18,NEUTRAL,OK,2171,2171
WIPRO_2024-12-31,WIPRO,Wipro Ltd.,2024-12-31,2024-Q3,2025-01-17 15:40:00,post_market,2025-01-17,2025-01-20,POSITIVE,OK,2234,2234
WIPRO_2025-06-30,WIPRO,Wipro Ltd.,2025-06-30,2025-Q1,2025-07-17 15:37:48,post_market,2025-07-17,2025-07-18,NEGATIVE,OK,2356,2356
WIPRO_2025-09-30,WIPRO,Wipro Ltd.,2025-09-30,2025-Q2,2025-10-16 15:42:44,post_market,2025-10-16,2025-10-17,NEUTRAL,OK,2418,2418
WIPRO_2025-12-31,WIPRO,Wipro Ltd.,2025-12-31,2025-Q3,2026-01-16 15:39:57,post_market,2026-01-16,2026-01-19,NEUTRAL,OK,2480,2480
WIPRO_2026-03-31,WIPRO,Wipro Ltd.,2026-03-31,2026-Q4,2026-04-16 16:26:22,post_market,2026-04-16,2026-04-17,NEUTRAL,OK,2538,2538
WIPRO_2026-06-30,WIPRO,Wipro Ltd.,2026-06-30,2026-Q1,2026-07-16 15:49:54,post_market,2026-07-16,2026-07-17,NEUTRAL,OK,2600,2600
